-31,29,MWfnqjrpQWRuT5kycSdwVs3+md4=,3dCdgz3UgYmogkl5JFvuHhfBBa4=
-31,30,MWfnqjrpQWRuT5kycSdwVs3+md4=,3dCdgz3UgYmogkl5JFvuHhfBBa4=
-30,28,MWfnqjrpQWRuT5kycSdwVs3+md4=,3dCdgz3UgYmogkl5JFvuHhfBBa4=
-30,29,MWfnqjrpQWRuT5kycSdwVs3+md4=,o6WmvEPMdmpot1J1o9KP75GvZ5I=
-29,27,MWfnqjrpQWRuT5kycSdwVs3+md4=,ro0DEGRaXcP5Wbrkwi8rfpi7oAk=
-29,26,MWfnqjrpQWRuT5kycSdwVs3+md4=,k9MhjE7vP157CNJ20Zfo5DK9FR0=
-29,29,MWfnqjrpQWRuT5kycSdwVs3+md4=,90ho1g0tZXYDbfUAiNw6vgbOBRQ=
-29,28,MWfnqjrpQWRuT5kycSdwVs3+md4=,LvDVjvcIbodLyYjJge/PTe7KTJY=
-28,25,MWfnqjrpQWRuT5kycSdwVs3+md4=,ekap9969rbcaPSgFEF+ZkIErKzw=
-28,26,MWfnqjrpQWRuT5kycSdwVs3+md4=,LvDVjvcIbodLyYjJge/PTe7KTJY=
-28,8,MWfnqjrpQWRuT5kycSdwVs3+md4=,LvDVjvcIbodLyYjJge/PTe7KTJY=
-27,9,MWfnqjrpQWRuT5kycSdwVs3+md4=,LvDVjvcIbodLyYjJge/PTe7KTJY=
-27,25,MWfnqjrpQWRuT5kycSdwVs3+md4=,ekap9969rbcaPSgFEF+ZkIErKzw=
-27,8,MWfnqjrpQWRuT5kycSdwVs3+md4=,iBBojl3OzjlDZeNeNWTndH+2Svo=
-27,24,MWfnqjrpQWRuT5kycSdwVs3+md4=,ekap9969rbcaPSgFEF+ZkIErKzw=
-26,23,MWfnqjrpQWRuT5kycSdwVs3+md4=,ekap9969rbcaPSgFEF+ZkIErKzw=
-26,24,MWfnqjrpQWRuT5kycSdwVs3+md4=,ekap9969rbcaPSgFEF+ZkIErKzw=
-26,8,MWfnqjrpQWRuT5kycSdwVs3+md4=,LvDVjvcIbodLyYjJge/PTe7KTJY=
-26,9,MWfnqjrpQWRuT5kycSdwVs3+md4=,90ho1g0tZXYDbfUAiNw6vgbOBRQ=
-25,22,MWfnqjrpQWRuT5kycSdwVs3+md4=,oRT+2I3rshgBeGznKsXBtqcpEKo=
-25,8,MWfnqjrpQWRuT5kycSdwVs3+md4=,wrhfLryTKCjwFNQU5nbqhmjOBEs=
-25,23,MWfnqjrpQWRuT5kycSdwVs3+md4=,BhQIafyIknWw7rd9KAbLvZrLrZk=
-24,8,MWfnqjrpQWRuT5kycSdwVs3+md4=,7E9W7I3FEcACpFlV2bOFX/Oz3RQ=
-24,20,MWfnqjrpQWRuT5kycSdwVs3+md4=,ANv/VAwDScpCtrLy5j8c+GyZ0yc=
-24,21,MWfnqjrpQWRuT5kycSdwVs3+md4=,7E9W7I3FEcACpFlV2bOFX/Oz3RQ=
-24,22,MWfnqjrpQWRuT5kycSdwVs3+md4=,ANv/VAwDScpCtrLy5j8c+GyZ0yc=
-24,7,MWfnqjrpQWRuT5kycSdwVs3+md4=,ANv/VAwDScpCtrLy5j8c+GyZ0yc=
-23,31,MWfnqjrpQWRuT5kycSdwVs3+md4=,7E9W7I3FEcACpFlV2bOFX/Oz3RQ=
-23,20,MWfnqjrpQWRuT5kycSdwVs3+md4=,YJ55nlmLXvpRfIyoYPLyptF27Og=
-23,7,MWfnqjrpQWRuT5kycSdwVs3+md4=,ZvMo7CPTXamVlkfg3zps9cxj1Qw=
-23,8,MWfnqjrpQWRuT5kycSdwVs3+md4=,ANv/VAwDScpCtrLy5j8c+GyZ0yc=
-23,21,MWfnqjrpQWRuT5kycSdwVs3+md4=,nLXJjGvJg8AcEfO3RunS4gdbz7Y=
-23,5,MWfnqjrpQWRuT5kycSdwVs3+md4=,oCe/dJhv3J47og0ehsmtI6d+6xA=
-23,4,MWfnqjrpQWRuT5kycSdwVs3+md4=,oCe/dJhv3J47og0ehsmtI6d+6xA=
-22,8,MWfnqjrpQWRuT5kycSdwVs3+md4=,oCe/dJhv3J47og0ehsmtI6d+6xA=
-22,30,MWfnqjrpQWRuT5kycSdwVs3+md4=,ya+s4NzdN/Y8efr5cWBRHH1P9Y8=
-22,31,MWfnqjrpQWRuT5kycSdwVs3+md4=,oCe/dJhv3J47og0ehsmtI6d+6xA=
-22,29,MWfnqjrpQWRuT5kycSdwVs3+md4=,nLXJjGvJg8AcEfO3RunS4gdbz7Y=
-22,19,MWfnqjrpQWRuT5kycSdwVs3+md4=,iskRXw9vGVpGotpI4B4x1jyUENA=
-22,6,MWfnqjrpQWRuT5kycSdwVs3+md4=,oCe/dJhv3J47og0ehsmtI6d+6xA=
-22,4,MWfnqjrpQWRuT5kycSdwVs3+md4=,iskRXw9vGVpGotpI4B4x1jyUENA=
-22,5,8k0bFDbK8rGfvAmMlfXmbmP63j8=,ya+s4NzdN/Y8efr5cWBRHH1P9Y8=
-22,7,8k0bFDbK8rGfvAmMlfXmbmP63j8=,nLXJjGvJg8AcEfO3RunS4gdbz7Y=
-22,20,8k0bFDbK8rGfvAmMlfXmbmP63j8=,nLXJjGvJg8AcEfO3RunS4gdbz7Y=
-21,8,8k0bFDbK8rGfvAmMlfXmbmP63j8=,nLXJjGvJg8AcEfO3RunS4gdbz7Y=
-21,29,8k0bFDbK8rGfvAmMlfXmbmP63j8=,AppoTA9p4W8stAhWEErXK+r8aIs=
-21,28,8k0bFDbK8rGfvAmMlfXmbmP63j8=,nLXJjGvJg8AcEfO3RunS4gdbz7Y=
-21,18,8k0bFDbK8rGfvAmMlfXmbmP63j8=,5BW1Fq4kje0ONK1N8cD1Qfl1bf4=
-21,7,8k0bFDbK8rGfvAmMlfXmbmP63j8=,JRDTAvs22r+EUoef1FbA3mB0YA0=
-21,6,8k0bFDbK8rGfvAmMlfXmbmP63j8=,JRDTAvs22r+EUoef1FbA3mB0YA0=
-21,5,8k0bFDbK8rGfvAmMlfXmbmP63j8=,RQnfk6mlsl1jViTJfQ7LUC4O3Mw=
-21,4,8k0bFDbK8rGfvAmMlfXmbmP63j8=,RQnfk6mlsl1jViTJfQ7LUC4O3Mw=
-21,19,8k0bFDbK8rGfvAmMlfXmbmP63j8=,LEXHWfHeLbk4qc38ANdr58f4WO0=
-20,28,8k0bFDbK8rGfvAmMlfXmbmP63j8=,58a5nOcoRlvsZ2yz8h3/zXdrgS8=
-20,4,8k0bFDbK8rGfvAmMlfXmbmP63j8=,ux8+K1nDNGMzG6IVYc2OtQXg9FU=
-20,5,8k0bFDbK8rGfvAmMlfXmbmP63j8=,mHF/RAqhg0ZKDSNuNifpick1m48=
-20,6,8k0bFDbK8rGfvAmMlfXmbmP63j8=,z6dwu2hOSPXCoe6dnu2PcoQpgVg=
-20,7,8k0bFDbK8rGfvAmMlfXmbmP63j8=,uFm/mJJDTejJPo1l2NGcHlFjsGc=
-20,17,8k0bFDbK8rGfvAmMlfXmbmP63j8=,LEXHWfHeLbk4qc38ANdr58f4WO0=
-20,18,8k0bFDbK8rGfvAmMlfXmbmP63j8=,0IGi+vljcilYf/+doKMpLxE1bRw=
-19,28,8k0bFDbK8rGfvAmMlfXmbmP63j8=,gDXYBiSRAGuMPlYIYFXAODsb78Y=
-19,27,8k0bFDbK8rGfvAmMlfXmbmP63j8=,Z0xqh8zvCiEgNlDE1eLk3dr47kE=
-19,5,8k0bFDbK8rGfvAmMlfXmbmP63j8=,v6jqBGCRqG9ZEdbBkQFYDvRtOxQ=
-19,4,8k0bFDbK8rGfvAmMlfXmbmP63j8=,v6jqBGCRqG9ZEdbBkQFYDvRtOxQ=
-19,7,8k0bFDbK8rGfvAmMlfXmbmP63j8=,Z0xqh8zvCiEgNlDE1eLk3dr47kE=
-19,6,8k0bFDbK8rGfvAmMlfXmbmP63j8=,p14sK2CUkarPFUd8sZzIr/HvS5U=
-19,17,8k0bFDbK8rGfvAmMlfXmbmP63j8=,Z0xqh8zvCiEgNlDE1eLk3dr47kE=
-18,26,8k0bFDbK8rGfvAmMlfXmbmP63j8=,gDXYBiSRAGuMPlYIYFXAODsb78Y=
-18,27,8k0bFDbK8rGfvAmMlfXmbmP63j8=,es9tUUSr6rpi0HJ4A83RZsAo798=
-18,6,8k0bFDbK8rGfvAmMlfXmbmP63j8=,cSrZQ5VzwBc1Zp/eLOWu+S2SOx8=
-18,7,8k0bFDbK8rGfvAmMlfXmbmP63j8=,dzyTJoPZx6SNu9Z79Zu38rkWkLo=
-18,5,8k0bFDbK8rGfvAmMlfXmbmP63j8=,es9tUUSr6rpi0HJ4A83RZsAo798=
-18,16,8k0bFDbK8rGfvAmMlfXmbmP63j8=,dzyTJoPZx6SNu9Z79Zu38rkWkLo=
-18,17,8k0bFDbK8rGfvAmMlfXmbmP63j8=,cSrZQ5VzwBc1Zp/eLOWu+S2SOx8=
-17,15,8k0bFDbK8rGfvAmMlfXmbmP63j8=,J6l8hQnyhHWyvGfyT6qT+xn5xe0=
-17,25,8k0bFDbK8rGfvAmMlfXmbmP63j8=,VhoNlk2RV1u+d7mKTmU1MbYlmic=
-17,7,8k0bFDbK8rGfvAmMlfXmbmP63j8=,rYXr5N0nf0/m8jjX3RXXGDNMNog=
-17,6,8k0bFDbK8rGfvAmMlfXmbmP63j8=,VhoNlk2RV1u+d7mKTmU1MbYlmic=
-17,5,8k0bFDbK8rGfvAmMlfXmbmP63j8=,cvLm2+HBx2OsfLTPPh2+UQPzlHo=
-17,16,8k0bFDbK8rGfvAmMlfXmbmP63j8=,1/kDVDPciZrA6sHp1J0ZnMkQoQY=
-17,12,8k0bFDbK8rGfvAmMlfXmbmP63j8=,wrh4A2DS56Nx+uMskNhAlmBj0Ig=
-17,26,8k0bFDbK8rGfvAmMlfXmbmP63j8=,1/kDVDPciZrA6sHp1J0ZnMkQoQY=
-16,25,8k0bFDbK8rGfvAmMlfXmbmP63j8=,egyw6cmp/0bkKPMtdAl/9ejhsas=
-16,4,8k0bFDbK8rGfvAmMlfXmbmP63j8=,1/kDVDPciZrA6sHp1J0ZnMkQoQY=
-16,5,8k0bFDbK8rGfvAmMlfXmbmP63j8=,TqTa2FoG/FNFbQGErRrh3qzrdqo=
-16,8,8k0bFDbK8rGfvAmMlfXmbmP63j8=,QSvZV1NFRIUj+1VzVwNdQ4Q/uS0=
-16,12,8k0bFDbK8rGfvAmMlfXmbmP63j8=,ekfIVNxWiOuJfl2yD49j8pMn5jg=
-16,15,8k0bFDbK8rGfvAmMlfXmbmP63j8=,F2huDKG4QfT7JZ47g7ur9xzTc0g=
-15,25,8k0bFDbK8rGfvAmMlfXmbmP63j8=,VIjntrm4mxj3R6Lfg5UdLBzmG1w=
-15,24,8k0bFDbK8rGfvAmMlfXmbmP63j8=,5p0AlSctbw9EjrlJFOBRj6FMhsY=
-16,9,8k0bFDbK8rGfvAmMlfXmbmP63j8=,VIjntrm4mxj3R6Lfg5UdLBzmG1w=
-16,14,8k0bFDbK8rGfvAmMlfXmbmP63j8=,VIjntrm4mxj3R6Lfg5UdLBzmG1w=
-15,5,8k0bFDbK8rGfvAmMlfXmbmP63j8=,fUuC17hLbEUq96GoTHQ76xQSrXI=
-15,4,8k0bFDbK8rGfvAmMlfXmbmP63j8=,3ajORvTc4JJ+nC6kdEpjAfpZEYk=
-15,7,8k0bFDbK8rGfvAmMlfXmbmP63j8=,SNEMNfMvacouxLJFaGiC94qI4Sc=
-15,6,8k0bFDbK8rGfvAmMlfXmbmP63j8=,fUuC17hLbEUq96GoTHQ76xQSrXI=
-15,9,8k0bFDbK8rGfvAmMlfXmbmP63j8=,UfRERnP7broG92MqCdaHuBOliG4=
-15,8,8k0bFDbK8rGfvAmMlfXmbmP63j8=,fUuC17hLbEUq96GoTHQ76xQSrXI=
-15,11,8k0bFDbK8rGfvAmMlfXmbmP63j8=,4eC8sJJxcrYzqG6264/S6p3wuf4=
-15,10,8k0bFDbK8rGfvAmMlfXmbmP63j8=,fUuC17hLbEUq96GoTHQ76xQSrXI=
-15,12,8k0bFDbK8rGfvAmMlfXmbmP63j8=,VIjntrm4mxj3R6Lfg5UdLBzmG1w=
-15,14,8k0bFDbK8rGfvAmMlfXmbmP63j8=,aitp8gLhnYaUsJFoCDbdUFr4308=
-14,22,yxta5I7wkOEAPmtEzHsR/ZVVW/0=,9eGwhmUBWcfADsDnFLwSWtEwkog=
-14,23,yxta5I7wkOEAPmtEzHsR/ZVVW/0=,Bz+9eYDjGewZLIApQQ46EP5LfHQ=
-14,20,yxta5I7wkOEAPmtEzHsR/ZVVW/0=,YwfVg173gRSM9W+MTia9dVu5dZg=
-14,21,yxta5I7wkOEAPmtEzHsR/ZVVW/0=,YwfVg173gRSM9W+MTia9dVu5dZg=
-15,13,yxta5I7wkOEAPmtEzHsR/ZVVW/0=,YwfVg173gRSM9W+MTia9dVu5dZg=
-15,19,yxta5I7wkOEAPmtEzHsR/ZVVW/0=,xDgra2hEHIS9raeLJYSrkVuwFm4=
-14,6,yxta5I7wkOEAPmtEzHsR/ZVVW/0=,RamnuOCdfJi9AHeKBXAVn+LgG3c=
-15,20,yxta5I7wkOEAPmtEzHsR/ZVVW/0=,xDgra2hEHIS9raeLJYSrkVuwFm4=
-15,23,yxta5I7wkOEAPmtEzHsR/ZVVW/0=,xDgra2hEHIS9raeLJYSrkVuwFm4=
-14,4,yxta5I7wkOEAPmtEzHsR/ZVVW/0=,t5kUVlWSmRHpAXFQJqrtxEvWxBY=
-15,22,yxta5I7wkOEAPmtEzHsR/ZVVW/0=,RamnuOCdfJi9AHeKBXAVn+LgG3c=
-14,5,yxta5I7wkOEAPmtEzHsR/ZVVW/0=,lPQEy4jimWk1p6GuMTyokcsM48k=
-14,13,yxta5I7wkOEAPmtEzHsR/ZVVW/0=,lPQEy4jimWk1p6GuMTyokcsM48k=
-13,22,yxta5I7wkOEAPmtEzHsR/ZVVW/0=,CWhUC8p0MoOo94Wxe1w+jXeM7tQ=
-14,12,yxta5I7wkOEAPmtEzHsR/ZVVW/0=,sWuguge1vjJN8AHj/ji3ax9o7AE=
-13,3,yxta5I7wkOEAPmtEzHsR/ZVVW/0=,sWuguge1vjJN8AHj/ji3ax9o7AE=
-13,5,yxta5I7wkOEAPmtEzHsR/ZVVW/0=,P/F8Gr2hPCSJNYrx26vu3lxa1Oc=
-13,4,yxta5I7wkOEAPmtEzHsR/ZVVW/0=,eN5t3DOksKStlwzXgCphSm5CbCA=
-13,13,yxta5I7wkOEAPmtEzHsR/ZVVW/0=,sWuguge1vjJN8AHj/ji3ax9o7AE=
-13,12,yxta5I7wkOEAPmtEzHsR/ZVVW/0=,eN5t3DOksKStlwzXgCphSm5CbCA=
-12,20,yxta5I7wkOEAPmtEzHsR/ZVVW/0=,t2fJV51VRQChPZKZAXNugvzMZWM=
-12,21,yxta5I7wkOEAPmtEzHsR/ZVVW/0=,LxL3VlGi+49+PS0Azt7SEJohTMQ=
-12,22,yxta5I7wkOEAPmtEzHsR/ZVVW/0=,HkHGCYLCkYohAzZmFWnl4VXRh20=
-13,7,yxta5I7wkOEAPmtEzHsR/ZVVW/0=,LYM6P33bLQ/GmYFWD40TSbtBUoM=
-13,6,yxta5I7wkOEAPmtEzHsR/ZVVW/0=,jIygs9b4HQXr0AJEmpm75Zyo/0Q=
-13,11,yxta5I7wkOEAPmtEzHsR/ZVVW/0=,LYM6P33bLQ/GmYFWD40TSbtBUoM=
-12,4,yxta5I7wkOEAPmtEzHsR/ZVVW/0=,t5MmTa3AfaWlyg5v7zAaKi+IknU=
-12,5,yxta5I7wkOEAPmtEzHsR/ZVVW/0=,X5hYac9r7NJHTFgPwLP+Xya8qvc=
-12,6,yxta5I7wkOEAPmtEzHsR/ZVVW/0=,PZEPu/GVOlup/gkufT3a8r+4Rng=
-12,7,yxta5I7wkOEAPmtEzHsR/ZVVW/0=,KdyBSClxuK1bedkI/0rQ74GUQUk=
-13,21,yxta5I7wkOEAPmtEzHsR/ZVVW/0=,U7HdWdnqj7QIZo997MEdCe0t79E=
-12,11,yxta5I7wkOEAPmtEzHsR/ZVVW/0=,R6qyd8uAGjRF0SDe0eq7oQG5Kb8=
-11,21,yxta5I7wkOEAPmtEzHsR/ZVVW/0=,gJZqhoy51gLeyQxccRrpmQkHKPo=
-11,20,yxta5I7wkOEAPmtEzHsR/ZVVW/0=,KdyBSClxuK1bedkI/0rQ74GUQUk=
-11,22,yxta5I7wkOEAPmtEzHsR/ZVVW/0=,KdyBSClxuK1bedkI/0rQ74GUQUk=
-11,19,yxta5I7wkOEAPmtEzHsR/ZVVW/0=,lUsoQD9nRWB0P6X3Au7jRnSPlh0=
-11,29,yxta5I7wkOEAPmtEzHsR/ZVVW/0=,U7HdWdnqj7QIZo997MEdCe0t79E=
-11,28,yxta5I7wkOEAPmtEzHsR/ZVVW/0=,YPGvn5H/ZPTNMmV3B9U+T1xb3Gw=
-11,31,yxta5I7wkOEAPmtEzHsR/ZVVW/0=,pPoh/0en/9zMFjj4VrDXfJgU6P8=
-11,30,yxta5I7wkOEAPmtEzHsR/ZVVW/0=,1SWJMgNN1xTTjoVpkugn+XHuKFk=
-12,10,yxta5I7wkOEAPmtEzHsR/ZVVW/0=,yKbtbx+XPiMmzlqc0ho/duTLVyQ=
-11,27,yxta5I7wkOEAPmtEzHsR/ZVVW/0=,pPoh/0en/9zMFjj4VrDXfJgU6P8=
-11,26,yxta5I7wkOEAPmtEzHsR/ZVVW/0=,ZiHxKbAPJ2WPuWDZL8qwaCV+xgY=
-11,4,yxta5I7wkOEAPmtEzHsR/ZVVW/0=,pfIGhkKzel3bw25jtf56KY6n0PY=
-11,3,yxta5I7wkOEAPmtEzHsR/ZVVW/0=,Gq2P7Lc7Zf+4pOywwadCDJsdDZY=
-11,2,yxta5I7wkOEAPmtEzHsR/ZVVW/0=,pfIGhkKzel3bw25jtf56KY6n0PY=
-12,28,yxta5I7wkOEAPmtEzHsR/ZVVW/0=,pPoh/0en/9zMFjj4VrDXfJgU6P8=
-12,29,yxta5I7wkOEAPmtEzHsR/ZVVW/0=,pPoh/0en/9zMFjj4VrDXfJgU6P8=
-12,30,yxta5I7wkOEAPmtEzHsR/ZVVW/0=,yKbtbx+XPiMmzlqc0ho/duTLVyQ=
-12,26,yxta5I7wkOEAPmtEzHsR/ZVVW/0=,pPoh/0en/9zMFjj4VrDXfJgU6P8=
-12,27,yxta5I7wkOEAPmtEzHsR/ZVVW/0=,oQINRGJ//3fsT1qcCqYiR4Sbwgs=
-11,10,yxta5I7wkOEAPmtEzHsR/ZVVW/0=,0XBqQg6AyE721BSHZ7a0zsHBtx0=
-10,22,yxta5I7wkOEAPmtEzHsR/ZVVW/0=,gJLeN4Tc6QSABZKB3J3C0A2IDwY=
-11,5,yxta5I7wkOEAPmtEzHsR/ZVVW/0=,c5wOkm9qpPAAc4XW13vv4QcGT6s=
-11,6,yxta5I7wkOEAPmtEzHsR/ZVVW/0=,c5wOkm9qpPAAc4XW13vv4QcGT6s=
-10,21,yxta5I7wkOEAPmtEzHsR/ZVVW/0=,6NeRYoEVSsj0vcbLrxp6htCMiUA=
-10,18,yxta5I7wkOEAPmtEzHsR/ZVVW/0=,6NeRYoEVSsj0vcbLrxp6htCMiUA=
-10,19,yxta5I7wkOEAPmtEzHsR/ZVVW/0=,c5wOkm9qpPAAc4XW13vv4QcGT6s=
-11,9,zCeNOtzrAxGewQjELDZ161QyAwk=,c5wOkm9qpPAAc4XW13vv4QcGT6s=
-10,26,zCeNOtzrAxGewQjELDZ161QyAwk=,oQINRGJ//3fsT1qcCqYiR4Sbwgs=
-10,24,zCeNOtzrAxGewQjELDZ161QyAwk=,6NeRYoEVSsj0vcbLrxp6htCMiUA=
-10,25,zCeNOtzrAxGewQjELDZ161QyAwk=,Byv6uhaEdKZQKxBmeu5dtOWFlVE=
-10,6,zCeNOtzrAxGewQjELDZ161QyAwk=,Llz+6T3IsQvskH7pgrYzTDv8K58=
-10,5,zCeNOtzrAxGewQjELDZ161QyAwk=,4Yjh+Z22eFIVMvVla6J5VWHHUCc=
-10,2,zCeNOtzrAxGewQjELDZ161QyAwk=,H6FRrQxL9QHVD8hys8tZy47+/AY=
-10,3,zCeNOtzrAxGewQjELDZ161QyAwk=,H6FRrQxL9QHVD8hys8tZy47+/AY=
-10,8,zCeNOtzrAxGewQjELDZ161QyAwk=,ICrTI/TppLJB5gQ8ZlAtuy9MxNY=
-10,9,zCeNOtzrAxGewQjELDZ161QyAwk=,Bn5WWfvIHiX7gZEpWkX0EmVLNT0=
-9,23,zCeNOtzrAxGewQjELDZ161QyAwk=,SkPXR9DSe6PLV3wcK0CIyXQExTI=
-9,22,zCeNOtzrAxGewQjELDZ161QyAwk=,YdrBkCBJhBdPPno8vwLojNevDhY=
-9,21,zCeNOtzrAxGewQjELDZ161QyAwk=,+uIk/ZBc6+kxd/ClCE/ZwsR3q/s=
-9,20,zCeNOtzrAxGewQjELDZ161QyAwk=,xITBrITEnkHazv8w7yUswko/oTs=
-9,18,zCeNOtzrAxGewQjELDZ161QyAwk=,3hf716Mje/GZ+nK6kdVQYvLvH1M=
-9,17,zCeNOtzrAxGewQjELDZ161QyAwk=,l/KWluo5YLFRJKtU6+iO08AMg1s=
-9,24,zCeNOtzrAxGewQjELDZ161QyAwk=,/GdtceCPNCyn5bhusdy9qw3I4SA=
-9,7,zCeNOtzrAxGewQjELDZ161QyAwk=,I0dyChIkmA23NySBscNh2NsCdFU=
-10,23,zCeNOtzrAxGewQjELDZ161QyAwk=,/GdtceCPNCyn5bhusdy9qw3I4SA=
-9,5,zCeNOtzrAxGewQjELDZ161QyAwk=,fdN1SfCDM07YPrkNl40I34QIqVs=
-9,8,zCeNOtzrAxGewQjELDZ161QyAwk=,PoORXUFeYILaQkATeFv9SPFrUTw=
-8,24,zCeNOtzrAxGewQjELDZ161QyAwk=,/BMrzHlSpC0X98+ygPNT8QtNLzw=
-9,4,zCeNOtzrAxGewQjELDZ161QyAwk=,MIoN/78S+jzeSD1mTr9IRU79scc=
-9,3,zCeNOtzrAxGewQjELDZ161QyAwk=,5ibatl4oKRzMU0EFjCAUuJeifIQ=
-8,16,zCeNOtzrAxGewQjELDZ161QyAwk=,bxGjZkZJqKmMvDy4miJIafPouc4=
-8,17,zCeNOtzrAxGewQjELDZ161QyAwk=,5ibatl4oKRzMU0EFjCAUuJeifIQ=
-8,18,zCeNOtzrAxGewQjELDZ161QyAwk=,bxGjZkZJqKmMvDy4miJIafPouc4=
-8,19,zCeNOtzrAxGewQjELDZ161QyAwk=,37UqbG/PN/2bR7tvNqzmL86FCNA=
-8,20,zCeNOtzrAxGewQjELDZ161QyAwk=,CBNQx+sjOAYDKuCA3H/ET+tvFtg=
-8,21,zCeNOtzrAxGewQjELDZ161QyAwk=,CBNQx+sjOAYDKuCA3H/ET+tvFtg=
-8,22,zCeNOtzrAxGewQjELDZ161QyAwk=,MIoN/78S+jzeSD1mTr9IRU79scc=
-8,23,zCeNOtzrAxGewQjELDZ161QyAwk=,MIoN/78S+jzeSD1mTr9IRU79scc=
-8,8,zCeNOtzrAxGewQjELDZ161QyAwk=,DRU6w92lFLuw99c8WfgGvGehXp4=
-8,9,zCeNOtzrAxGewQjELDZ161QyAwk=,ZtU+h1XFw9avoW/6z5TICnO4xuQ=
-9,19,zCeNOtzrAxGewQjELDZ161QyAwk=,FxtOnMHo/R+oaOFdL7gXYu9FNp8=
-8,15,zCeNOtzrAxGewQjELDZ161QyAwk=,922wS3spD2DE833Aee7gDupmrRo=
-8,3,zCeNOtzrAxGewQjELDZ161QyAwk=,rDco/z10u1l0Lv4NULW6lVE70Xs=
-8,4,zCeNOtzrAxGewQjELDZ161QyAwk=,922wS3spD2DE833Aee7gDupmrRo=
-8,5,zCeNOtzrAxGewQjELDZ161QyAwk=,922wS3spD2DE833Aee7gDupmrRo=
-8,6,zCeNOtzrAxGewQjELDZ161QyAwk=,IeZXSglSUG83HsMaJs/vu+1dxac=
-8,7,zCeNOtzrAxGewQjELDZ161QyAwk=,vTS3NIsKEjBesLYK3mVVOmF3Y14=
-7,24,zCeNOtzrAxGewQjELDZ161QyAwk=,E0JxHX0eC+cJbHdE/SP+RLCW+KY=
-8,10,zCeNOtzrAxGewQjELDZ161QyAwk=,FxtOnMHo/R+oaOFdL7gXYu9FNp8=
-7,17,zCeNOtzrAxGewQjELDZ161QyAwk=,B3LUNUpOlnZe1XqcYHPRNpIWG+4=
-8,1,zCeNOtzrAxGewQjELDZ161QyAwk=,gmeVShRySH9xWR9B+EezN8Aqsec=
-7,16,zCeNOtzrAxGewQjELDZ161QyAwk=,B3LUNUpOlnZe1XqcYHPRNpIWG+4=
-7,19,zCeNOtzrAxGewQjELDZ161QyAwk=,WHIYurvJNRxjj/qbondfTXY7LIM=
-8,2,zCeNOtzrAxGewQjELDZ161QyAwk=,gmeVShRySH9xWR9B+EezN8Aqsec=
-7,18,zCeNOtzrAxGewQjELDZ161QyAwk=,TTlwc5HS0jwcc2k5XXXWGlVOlJI=
-7,20,zCeNOtzrAxGewQjELDZ161QyAwk=,gmeVShRySH9xWR9B+EezN8Aqsec=
-7,11,zCeNOtzrAxGewQjELDZ161QyAwk=,1IqO1xAi6Io1RF2TBVR5F3ENyIQ=
-7,10,zCeNOtzrAxGewQjELDZ161QyAwk=,xej7F/kejZ+KYciwyII0E++ojzw=
-7,15,zCeNOtzrAxGewQjELDZ161QyAwk=,ye2rkk+cp/r8gflXhZtOefT1Nwg=
-7,1,zCeNOtzrAxGewQjELDZ161QyAwk=,ye2rkk+cp/r8gflXhZtOefT1Nwg=
-7,0,zCeNOtzrAxGewQjELDZ161QyAwk=,jb3RtBYxGaNZf2yLLdyexGvzhcU=
-7,3,zCeNOtzrAxGewQjELDZ161QyAwk=,ye2rkk+cp/r8gflXhZtOefT1Nwg=
-7,2,zCeNOtzrAxGewQjELDZ161QyAwk=,ye2rkk+cp/r8gflXhZtOefT1Nwg=
-7,5,zCeNOtzrAxGewQjELDZ161QyAwk=,hIbMr/BXWz0PreVozD+lX9WnEf0=
-7,4,zCeNOtzrAxGewQjELDZ161QyAwk=,ye2rkk+cp/r8gflXhZtOefT1Nwg=
-7,6,zCeNOtzrAxGewQjELDZ161QyAwk=,4dCYXjAORFZqL9yDQG7oM2/qB8c=
-6,24,zCeNOtzrAxGewQjELDZ161QyAwk=,m89mdb0f4N3t+GluFEJmqxX8kCQ=
-6,25,zCeNOtzrAxGewQjELDZ161QyAwk=,xej7F/kejZ+KYciwyII0E++ojzw=
-7,12,zCeNOtzrAxGewQjELDZ161QyAwk=,yiMVUTQLH/cikVs0S4J5tF/xN4o=
-7,14,zCeNOtzrAxGewQjELDZ161QyAwk=,ZqeM0L180JBOZURnp0VmgoFsaCA=
-6,16,zCeNOtzrAxGewQjELDZ161QyAwk=,kh4URd1598gnSasrmMNDPqtMetE=
-6,17,zCeNOtzrAxGewQjELDZ161QyAwk=,yiMVUTQLH/cikVs0S4J5tF/xN4o=
-7,25,zCeNOtzrAxGewQjELDZ161QyAwk=,ZqeM0L180JBOZURnp0VmgoFsaCA=
-6,11,zCeNOtzrAxGewQjELDZ161QyAwk=,ZqeM0L180JBOZURnp0VmgoFsaCA=
-6,14,zCeNOtzrAxGewQjELDZ161QyAwk=,sjBCAPPz671SC+zzLLSCT6RXisU=
-6,15,zCeNOtzrAxGewQjELDZ161QyAwk=,29rPs7W+A4AFWhdddPJEHFZdqBE=
-6,12,zCeNOtzrAxGewQjELDZ161QyAwk=,yae2yncAgNF2LbvZ1tp6Y0k/A38=
-6,13,zCeNOtzrAxGewQjELDZ161QyAwk=,errAls91cyshEL+cdaPMZHPCwr8=
-6,2,qi/ADrr7dK7iiTGagys2EAEVmhU=,errAls91cyshEL+cdaPMZHPCwr8=
-6,3,qi/ADrr7dK7iiTGagys2EAEVmhU=,VewJgwX5zRD2SVpJCFbmJhDboe8=
-6,0,qi/ADrr7dK7iiTGagys2EAEVmhU=,Jy9ERfVUX2w140GdO6sxywYQFY4=
-6,1,qi/ADrr7dK7iiTGagys2EAEVmhU=,errAls91cyshEL+cdaPMZHPCwr8=
-6,6,qi/ADrr7dK7iiTGagys2EAEVmhU=,TE6PCJ+H4qdEXeYuRpexCLJ9p0E=
-6,4,qi/ADrr7dK7iiTGagys2EAEVmhU=,errAls91cyshEL+cdaPMZHPCwr8=
-6,5,qi/ADrr7dK7iiTGagys2EAEVmhU=,VewJgwX5zRD2SVpJCFbmJhDboe8=
-5,15,qi/ADrr7dK7iiTGagys2EAEVmhU=,Y/RtedW+HjKOelGsB2e0Ox35mVQ=
-5,14,qi/ADrr7dK7iiTGagys2EAEVmhU=,HPPI0fL1G7MRZwbfq46bh2bXRzA=
-5,13,qi/ADrr7dK7iiTGagys2EAEVmhU=,CANPLSG02S+vjkLMeNXu0vsrIj0=
-5,12,qi/ADrr7dK7iiTGagys2EAEVmhU=,LU0JJCVwnmy8eYV1gW7BNimH4Ss=
-5,3,qi/ADrr7dK7iiTGagys2EAEVmhU=,Xu4yMedY0g0IZll9wKr1DOdBBwA=
-5,2,qi/ADrr7dK7iiTGagys2EAEVmhU=,CANPLSG02S+vjkLMeNXu0vsrIj0=
-5,1,qi/ADrr7dK7iiTGagys2EAEVmhU=,CANPLSG02S+vjkLMeNXu0vsrIj0=
-5,0,qi/ADrr7dK7iiTGagys2EAEVmhU=,CANPLSG02S+vjkLMeNXu0vsrIj0=
-5,6,qi/ADrr7dK7iiTGagys2EAEVmhU=,CANPLSG02S+vjkLMeNXu0vsrIj0=
-5,5,qi/ADrr7dK7iiTGagys2EAEVmhU=,CANPLSG02S+vjkLMeNXu0vsrIj0=
-5,4,qi/ADrr7dK7iiTGagys2EAEVmhU=,CANPLSG02S+vjkLMeNXu0vsrIj0=
-4,12,qi/ADrr7dK7iiTGagys2EAEVmhU=,Mli123jCvBvpJtpiSxfc8k+cN94=
-4,13,qi/ADrr7dK7iiTGagys2EAEVmhU=,vsplQtPUKcLsSJ3uqulN7Vosuqw=
-4,14,qi/ADrr7dK7iiTGagys2EAEVmhU=,XW9+WPpiACfKzc4iug4bvxzn6YM=
-4,11,qi/ADrr7dK7iiTGagys2EAEVmhU=,Cb93xE8tgKAFSADbWmRLlO8kAyQ=
-4,4,qi/ADrr7dK7iiTGagys2EAEVmhU=,XW9+WPpiACfKzc4iug4bvxzn6YM=
-4,5,qi/ADrr7dK7iiTGagys2EAEVmhU=,aX/gQDv1Fgp19wngYwWsU3YFmCA=
-4,6,qi/ADrr7dK7iiTGagys2EAEVmhU=,qT22jidDLAZ8HIJGdHyI4rPTEOc=
-4,0,qi/ADrr7dK7iiTGagys2EAEVmhU=,vsplQtPUKcLsSJ3uqulN7Vosuqw=
-4,1,qi/ADrr7dK7iiTGagys2EAEVmhU=,vsplQtPUKcLsSJ3uqulN7Vosuqw=
-4,2,qi/ADrr7dK7iiTGagys2EAEVmhU=,vsplQtPUKcLsSJ3uqulN7Vosuqw=
-4,3,qi/ADrr7dK7iiTGagys2EAEVmhU=,wx0SGc3L1ss3yHErVe4vh6sY8Ho=
-3,13,qi/ADrr7dK7iiTGagys2EAEVmhU=,bTd1g5uEzEauWwMM91TrTzJeVz4=
-3,12,qi/ADrr7dK7iiTGagys2EAEVmhU=,hgR8ezyGD0pqRPrYvzlcHVS3E/Q=
-3,11,qi/ADrr7dK7iiTGagys2EAEVmhU=,hgR8ezyGD0pqRPrYvzlcHVS3E/Q=
-3,5,qi/ADrr7dK7iiTGagys2EAEVmhU=,I+PrCaHAZ3fTX+6bhDXppfHFUb8=
-3,4,qi/ADrr7dK7iiTGagys2EAEVmhU=,I+PrCaHAZ3fTX+6bhDXppfHFUb8=
-3,6,qi/ADrr7dK7iiTGagys2EAEVmhU=,hgR8ezyGD0pqRPrYvzlcHVS3E/Q=
-3,1,qi/ADrr7dK7iiTGagys2EAEVmhU=,hgR8ezyGD0pqRPrYvzlcHVS3E/Q=
-3,0,qi/ADrr7dK7iiTGagys2EAEVmhU=,hgR8ezyGD0pqRPrYvzlcHVS3E/Q=
-3,3,qi/ADrr7dK7iiTGagys2EAEVmhU=,hXA8iJmb3oZ7ZIrq9qTzxgZZrA4=
-3,2,qi/ADrr7dK7iiTGagys2EAEVmhU=,DYW6CeogzfQdxyy5rvYg6g3qs+8=
-3,10,qi/ADrr7dK7iiTGagys2EAEVmhU=,nlpwpOvhDAkCVGY9dasKRTF0wdo=
-2,12,qi/ADrr7dK7iiTGagys2EAEVmhU=,9XpOXUl8UQUljz4RQ9zDmQ/gHII=
-2,13,qi/ADrr7dK7iiTGagys2EAEVmhU=,40SianrsnTQ7uWOVsZePzVH1Hs0=
-2,10,qi/ADrr7dK7iiTGagys2EAEVmhU=,9XpOXUl8UQUljz4RQ9zDmQ/gHII=
-2,11,qi/ADrr7dK7iiTGagys2EAEVmhU=,9XpOXUl8UQUljz4RQ9zDmQ/gHII=
-2,9,qi/ADrr7dK7iiTGagys2EAEVmhU=,hJBpsLY5pZIY4kJDdrz5q9Ol6rg=
-2,6,qi/ADrr7dK7iiTGagys2EAEVmhU=,EmIwl2I5As+oItdijjunF3mL774=
-2,7,qi/ADrr7dK7iiTGagys2EAEVmhU=,ygYOSXAFigzjNuc0bjWx9Y/A/i0=
-2,4,qi/ADrr7dK7iiTGagys2EAEVmhU=,EmIwl2I5As+oItdijjunF3mL774=
-2,5,qi/ADrr7dK7iiTGagys2EAEVmhU=,EmIwl2I5As+oItdijjunF3mL774=
-2,2,qi/ADrr7dK7iiTGagys2EAEVmhU=,/z3wWw6y2pkuG80xFNIS683gcWk=
-2,3,qi/ADrr7dK7iiTGagys2EAEVmhU=,sZx5aeBuIXHRekxMlvXAv6nVFGE=
-2,0,qi/ADrr7dK7iiTGagys2EAEVmhU=,sZx5aeBuIXHRekxMlvXAv6nVFGE=
-2,1,cCBRa5D2duQv7USR8YOoZKZkVD8=,6j0seCu3/zRvpbBCtDHm8fZGB04=
-2,14,cCBRa5D2duQv7USR8YOoZKZkVD8=,I7nDdcTyvfKzFrgJzfZLf4Q4VQo=
-2,15,cCBRa5D2duQv7USR8YOoZKZkVD8=,5zKCj0DZiyvt7ebOQV574R/AWDY=
-1,27,cCBRa5D2duQv7USR8YOoZKZkVD8=,I7nDdcTyvfKzFrgJzfZLf4Q4VQo=
-1,26,cCBRa5D2duQv7USR8YOoZKZkVD8=,5zKCj0DZiyvt7ebOQV574R/AWDY=
-1,25,cCBRa5D2duQv7USR8YOoZKZkVD8=,I7nDdcTyvfKzFrgJzfZLf4Q4VQo=
-1,24,cCBRa5D2duQv7USR8YOoZKZkVD8=,OsSzNibgiVuhynKdBFa5tGmWVfM=
-1,23,cCBRa5D2duQv7USR8YOoZKZkVD8=,KXu0lfhbPzaPp4nlW9Le+IUjBQs=
-1,16,cCBRa5D2duQv7USR8YOoZKZkVD8=,CuXtLxP5mBuSUf22ofmgB+CIOBQ=
-1,15,cCBRa5D2duQv7USR8YOoZKZkVD8=,VyeQzHYvghJseszfQLqoubN1AtE=
-1,14,cCBRa5D2duQv7USR8YOoZKZkVD8=,zYrS3GBXZM8PITtlpsSWwSEHH7c=
-1,13,cCBRa5D2duQv7USR8YOoZKZkVD8=,zYrS3GBXZM8PITtlpsSWwSEHH7c=
-1,12,cCBRa5D2duQv7USR8YOoZKZkVD8=,RpA/fIl5/+fyBS5t5ssVXV5HgkM=
-1,11,cCBRa5D2duQv7USR8YOoZKZkVD8=,SZYhxl9zF4emQ0T6MvcQdn3VW4I=
-2,26,cCBRa5D2duQv7USR8YOoZKZkVD8=,VyeQzHYvghJseszfQLqoubN1AtE=
-1,10,cCBRa5D2duQv7USR8YOoZKZkVD8=,SZYhxl9zF4emQ0T6MvcQdn3VW4I=
-2,27,cCBRa5D2duQv7USR8YOoZKZkVD8=,VyeQzHYvghJseszfQLqoubN1AtE=
-1,9,cCBRa5D2duQv7USR8YOoZKZkVD8=,SZYhxl9zF4emQ0T6MvcQdn3VW4I=
-2,24,cCBRa5D2duQv7USR8YOoZKZkVD8=,xeSEaBUgzBeOIhQ6hw7DgPp0FpA=
-2,25,cCBRa5D2duQv7USR8YOoZKZkVD8=,VyeQzHYvghJseszfQLqoubN1AtE=
-1,7,cCBRa5D2duQv7USR8YOoZKZkVD8=,xeSEaBUgzBeOIhQ6hw7DgPp0FpA=
-1,6,cCBRa5D2duQv7USR8YOoZKZkVD8=,eWDZM7tAnXDrlZmXp5zzIWZMscU=
-1,5,cCBRa5D2duQv7USR8YOoZKZkVD8=,TiyAX7TFQYXkRbzv+M467QgDnpI=
-1,4,cCBRa5D2duQv7USR8YOoZKZkVD8=,eWDZM7tAnXDrlZmXp5zzIWZMscU=
-1,3,cCBRa5D2duQv7USR8YOoZKZkVD8=,eWDZM7tAnXDrlZmXp5zzIWZMscU=
-1,2,cCBRa5D2duQv7USR8YOoZKZkVD8=,eWDZM7tAnXDrlZmXp5zzIWZMscU=
-1,1,cCBRa5D2duQv7USR8YOoZKZkVD8=,4S7gnAtRdX5Tx7rWBZx8u/pOTkQ=
-2,16,cCBRa5D2duQv7USR8YOoZKZkVD8=,w4A30l3e/ozSY/yPylfvNP/MeSU=
-1,0,cCBRa5D2duQv7USR8YOoZKZkVD8=,VRI8cPlmGzKwQ0T6Aa970kyrSdg=
