-154,283,/gR2+GMhrR8fHqLz8TmfeCyQEC0=,FKID3Z57u1kLHN2YR1IFQGWG+2k=
-154,282,/gR2+GMhrR8fHqLz8TmfeCyQEC0=,FKID3Z57u1kLHN2YR1IFQGWG+2k=
-155,283,/gR2+GMhrR8fHqLz8TmfeCyQEC0=,FKID3Z57u1kLHN2YR1IFQGWG+2k=
-156,283,/gR2+GMhrR8fHqLz8TmfeCyQEC0=,FKID3Z57u1kLHN2YR1IFQGWG+2k=
-160,282,/gR2+GMhrR8fHqLz8TmfeCyQEC0=,FKID3Z57u1kLHN2YR1IFQGWG+2k=
-157,283,/gR2+GMhrR8fHqLz8TmfeCyQEC0=,FKID3Z57u1kLHN2YR1IFQGWG+2k=
-160,284,/gR2+GMhrR8fHqLz8TmfeCyQEC0=,FKID3Z57u1kLHN2YR1IFQGWG+2k=
-155,282,/gR2+GMhrR8fHqLz8TmfeCyQEC0=,FKID3Z57u1kLHN2YR1IFQGWG+2k=
-154,281,/gR2+GMhrR8fHqLz8TmfeCyQEC0=,FKID3Z57u1kLHN2YR1IFQGWG+2k=
-160,285,/gR2+GMhrR8fHqLz8TmfeCyQEC0=,FKID3Z57u1kLHN2YR1IFQGWG+2k=
-155,281,/gR2+GMhrR8fHqLz8TmfeCyQEC0=,FKID3Z57u1kLHN2YR1IFQGWG+2k=
-156,287,/gR2+GMhrR8fHqLz8TmfeCyQEC0=,FKID3Z57u1kLHN2YR1IFQGWG+2k=
-155,280,/gR2+GMhrR8fHqLz8TmfeCyQEC0=,FKID3Z57u1kLHN2YR1IFQGWG+2k=
-154,284,/gR2+GMhrR8fHqLz8TmfeCyQEC0=,FKID3Z57u1kLHN2YR1IFQGWG+2k=
-159,285,/gR2+GMhrR8fHqLz8TmfeCyQEC0=,FKID3Z57u1kLHN2YR1IFQGWG+2k=
-156,284,/gR2+GMhrR8fHqLz8TmfeCyQEC0=,FKID3Z57u1kLHN2YR1IFQGWG+2k=
-157,287,/gR2+GMhrR8fHqLz8TmfeCyQEC0=,FKID3Z57u1kLHN2YR1IFQGWG+2k=
-159,284,/gR2+GMhrR8fHqLz8TmfeCyQEC0=,FKID3Z57u1kLHN2YR1IFQGWG+2k=
-158,287,/gR2+GMhrR8fHqLz8TmfeCyQEC0=,FKID3Z57u1kLHN2YR1IFQGWG+2k=
-156,281,/gR2+GMhrR8fHqLz8TmfeCyQEC0=,FKID3Z57u1kLHN2YR1IFQGWG+2k=
-157,280,/gR2+GMhrR8fHqLz8TmfeCyQEC0=,FKID3Z57u1kLHN2YR1IFQGWG+2k=
-155,284,/gR2+GMhrR8fHqLz8TmfeCyQEC0=,FKID3Z57u1kLHN2YR1IFQGWG+2k=
-160,287,/gR2+GMhrR8fHqLz8TmfeCyQEC0=,FKID3Z57u1kLHN2YR1IFQGWG+2k=
-157,284,/gR2+GMhrR8fHqLz8TmfeCyQEC0=,FKID3Z57u1kLHN2YR1IFQGWG+2k=
-159,287,/gR2+GMhrR8fHqLz8TmfeCyQEC0=,FKID3Z57u1kLHN2YR1IFQGWG+2k=
-156,282,/gR2+GMhrR8fHqLz8TmfeCyQEC0=,FKID3Z57u1kLHN2YR1IFQGWG+2k=
-159,280,/gR2+GMhrR8fHqLz8TmfeCyQEC0=,FKID3Z57u1kLHN2YR1IFQGWG+2k=
-159,283,/gR2+GMhrR8fHqLz8TmfeCyQEC0=,FKID3Z57u1kLHN2YR1IFQGWG+2k=
-158,284,/gR2+GMhrR8fHqLz8TmfeCyQEC0=,FKID3Z57u1kLHN2YR1IFQGWG+2k=
-154,286,/gR2+GMhrR8fHqLz8TmfeCyQEC0=,FKID3Z57u1kLHN2YR1IFQGWG+2k=
-157,282,/gR2+GMhrR8fHqLz8TmfeCyQEC0=,FKID3Z57u1kLHN2YR1IFQGWG+2k=
-155,286,/gR2+GMhrR8fHqLz8TmfeCyQEC0=,FKID3Z57u1kLHN2YR1IFQGWG+2k=
-157,281,/gR2+GMhrR8fHqLz8TmfeCyQEC0=,FKID3Z57u1kLHN2YR1IFQGWG+2k=
-154,280,/gR2+GMhrR8fHqLz8TmfeCyQEC0=,FKID3Z57u1kLHN2YR1IFQGWG+2k=
-158,280,/gR2+GMhrR8fHqLz8TmfeCyQEC0=,FKID3Z57u1kLHN2YR1IFQGWG+2k=
-156,280,/gR2+GMhrR8fHqLz8TmfeCyQEC0=,FKID3Z57u1kLHN2YR1IFQGWG+2k=
-158,283,/gR2+GMhrR8fHqLz8TmfeCyQEC0=,FKID3Z57u1kLHN2YR1IFQGWG+2k=
-157,286,/gR2+GMhrR8fHqLz8TmfeCyQEC0=,FKID3Z57u1kLHN2YR1IFQGWG+2k=
-156,286,/gR2+GMhrR8fHqLz8TmfeCyQEC0=,FKID3Z57u1kLHN2YR1IFQGWG+2k=
-158,285,/gR2+GMhrR8fHqLz8TmfeCyQEC0=,FKID3Z57u1kLHN2YR1IFQGWG+2k=
-153,284,/gR2+GMhrR8fHqLz8TmfeCyQEC0=,FKID3Z57u1kLHN2YR1IFQGWG+2k=
-159,286,/gR2+GMhrR8fHqLz8TmfeCyQEC0=,FKID3Z57u1kLHN2YR1IFQGWG+2k=
-160,283,/gR2+GMhrR8fHqLz8TmfeCyQEC0=,FKID3Z57u1kLHN2YR1IFQGWG+2k=
-158,281,/gR2+GMhrR8fHqLz8TmfeCyQEC0=,FKID3Z57u1kLHN2YR1IFQGWG+2k=
-158,286,/gR2+GMhrR8fHqLz8TmfeCyQEC0=,FKID3Z57u1kLHN2YR1IFQGWG+2k=
-159,281,/gR2+GMhrR8fHqLz8TmfeCyQEC0=,FKID3Z57u1kLHN2YR1IFQGWG+2k=
-160,286,/gR2+GMhrR8fHqLz8TmfeCyQEC0=,FKID3Z57u1kLHN2YR1IFQGWG+2k=
-160,280,/gR2+GMhrR8fHqLz8TmfeCyQEC0=,FKID3Z57u1kLHN2YR1IFQGWG+2k=
-154,285,/gR2+GMhrR8fHqLz8TmfeCyQEC0=,FKID3Z57u1kLHN2YR1IFQGWG+2k=
-155,285,/gR2+GMhrR8fHqLz8TmfeCyQEC0=,FKID3Z57u1kLHN2YR1IFQGWG+2k=
-156,285,/gR2+GMhrR8fHqLz8TmfeCyQEC0=,FKID3Z57u1kLHN2YR1IFQGWG+2k=
-153,283,/gR2+GMhrR8fHqLz8TmfeCyQEC0=,FKID3Z57u1kLHN2YR1IFQGWG+2k=
-146,285,/gR2+GMhrR8fHqLz8TmfeCyQEC0=,uE6QgG43iLBaLT0wWHjA76nHFpA=
-160,281,/gR2+GMhrR8fHqLz8TmfeCyQEC0=,FKID3Z57u1kLHN2YR1IFQGWG+2k=
-158,282,/gR2+GMhrR8fHqLz8TmfeCyQEC0=,FKID3Z57u1kLHN2YR1IFQGWG+2k=
-159,282,/gR2+GMhrR8fHqLz8TmfeCyQEC0=,FKID3Z57u1kLHN2YR1IFQGWG+2k=
-145,285,/gR2+GMhrR8fHqLz8TmfeCyQEC0=,uE6QgG43iLBaLT0wWHjA76nHFpA=
-157,285,/gR2+GMhrR8fHqLz8TmfeCyQEC0=,FKID3Z57u1kLHN2YR1IFQGWG+2k=
-147,285,/gR2+GMhrR8fHqLz8TmfeCyQEC0=,uE6QgG43iLBaLT0wWHjA76nHFpA=
-152,286,/gR2+GMhrR8fHqLz8TmfeCyQEC0=,uE6QgG43iLBaLT0wWHjA76nHFpA=
-148,285,/gR2+GMhrR8fHqLz8TmfeCyQEC0=,uE6QgG43iLBaLT0wWHjA76nHFpA=
-145,281,/gR2+GMhrR8fHqLz8TmfeCyQEC0=,uE6QgG43iLBaLT0wWHjA76nHFpA=
-147,281,/gR2+GMhrR8fHqLz8TmfeCyQEC0=,uE6QgG43iLBaLT0wWHjA76nHFpA=
-148,281,/gR2+GMhrR8fHqLz8TmfeCyQEC0=,uE6QgG43iLBaLT0wWHjA76nHFpA=
-149,285,/gR2+GMhrR8fHqLz8TmfeCyQEC0=,uE6QgG43iLBaLT0wWHjA76nHFpA=
-151,285,/gR2+GMhrR8fHqLz8TmfeCyQEC0=,uE6QgG43iLBaLT0wWHjA76nHFpA=
-146,281,/gR2+GMhrR8fHqLz8TmfeCyQEC0=,uE6QgG43iLBaLT0wWHjA76nHFpA=
-150,285,/gR2+GMhrR8fHqLz8TmfeCyQEC0=,uE6QgG43iLBaLT0wWHjA76nHFpA=
-145,284,/gR2+GMhrR8fHqLz8TmfeCyQEC0=,uE6QgG43iLBaLT0wWHjA76nHFpA=
-147,284,/gR2+GMhrR8fHqLz8TmfeCyQEC0=,uE6QgG43iLBaLT0wWHjA76nHFpA=
-146,284,/gR2+GMhrR8fHqLz8TmfeCyQEC0=,uE6QgG43iLBaLT0wWHjA76nHFpA=
-152,285,/gR2+GMhrR8fHqLz8TmfeCyQEC0=,uE6QgG43iLBaLT0wWHjA76nHFpA=
-153,282,/gR2+GMhrR8fHqLz8TmfeCyQEC0=,FKID3Z57u1kLHN2YR1IFQGWG+2k=
-151,284,/gR2+GMhrR8fHqLz8TmfeCyQEC0=,uE6QgG43iLBaLT0wWHjA76nHFpA=
-151,286,/gR2+GMhrR8fHqLz8TmfeCyQEC0=,uE6QgG43iLBaLT0wWHjA76nHFpA=
-149,281,/gR2+GMhrR8fHqLz8TmfeCyQEC0=,uE6QgG43iLBaLT0wWHjA76nHFpA=
-150,284,/gR2+GMhrR8fHqLz8TmfeCyQEC0=,uE6QgG43iLBaLT0wWHjA76nHFpA=
-148,284,/gR2+GMhrR8fHqLz8TmfeCyQEC0=,uE6QgG43iLBaLT0wWHjA76nHFpA=
-152,284,/gR2+GMhrR8fHqLz8TmfeCyQEC0=,uE6QgG43iLBaLT0wWHjA76nHFpA=
-150,286,/gR2+GMhrR8fHqLz8TmfeCyQEC0=,uE6QgG43iLBaLT0wWHjA76nHFpA=
-145,283,/gR2+GMhrR8fHqLz8TmfeCyQEC0=,uE6QgG43iLBaLT0wWHjA76nHFpA=
-150,281,/gR2+GMhrR8fHqLz8TmfeCyQEC0=,uE6QgG43iLBaLT0wWHjA76nHFpA=
-147,283,/gR2+GMhrR8fHqLz8TmfeCyQEC0=,uE6QgG43iLBaLT0wWHjA76nHFpA=
-149,284,/gR2+GMhrR8fHqLz8TmfeCyQEC0=,uE6QgG43iLBaLT0wWHjA76nHFpA=
-146,283,/gR2+GMhrR8fHqLz8TmfeCyQEC0=,uE6QgG43iLBaLT0wWHjA76nHFpA=
-148,283,/gR2+GMhrR8fHqLz8TmfeCyQEC0=,uE6QgG43iLBaLT0wWHjA76nHFpA=
-151,281,/gR2+GMhrR8fHqLz8TmfeCyQEC0=,uE6QgG43iLBaLT0wWHjA76nHFpA=
-145,280,/gR2+GMhrR8fHqLz8TmfeCyQEC0=,uE6QgG43iLBaLT0wWHjA76nHFpA=
-149,286,/gR2+GMhrR8fHqLz8TmfeCyQEC0=,uE6QgG43iLBaLT0wWHjA76nHFpA=
-150,283,/gR2+GMhrR8fHqLz8TmfeCyQEC0=,uE6QgG43iLBaLT0wWHjA76nHFpA=
-152,281,/gR2+GMhrR8fHqLz8TmfeCyQEC0=,uE6QgG43iLBaLT0wWHjA76nHFpA=
-146,280,/gR2+GMhrR8fHqLz8TmfeCyQEC0=,uE6QgG43iLBaLT0wWHjA76nHFpA=
-153,280,/gR2+GMhrR8fHqLz8TmfeCyQEC0=,FKID3Z57u1kLHN2YR1IFQGWG+2k=
-151,283,/gR2+GMhrR8fHqLz8TmfeCyQEC0=,uE6QgG43iLBaLT0wWHjA76nHFpA=
-149,283,/gR2+GMhrR8fHqLz8TmfeCyQEC0=,uE6QgG43iLBaLT0wWHjA76nHFpA=
-153,281,/gR2+GMhrR8fHqLz8TmfeCyQEC0=,FKID3Z57u1kLHN2YR1IFQGWG+2k=
-146,282,/gR2+GMhrR8fHqLz8TmfeCyQEC0=,uE6QgG43iLBaLT0wWHjA76nHFpA=
-148,280,/gR2+GMhrR8fHqLz8TmfeCyQEC0=,uE6QgG43iLBaLT0wWHjA76nHFpA=
-152,283,/gR2+GMhrR8fHqLz8TmfeCyQEC0=,uE6QgG43iLBaLT0wWHjA76nHFpA=
-147,280,/gR2+GMhrR8fHqLz8TmfeCyQEC0=,uE6QgG43iLBaLT0wWHjA76nHFpA=
-148,286,/gR2+GMhrR8fHqLz8TmfeCyQEC0=,uE6QgG43iLBaLT0wWHjA76nHFpA=
-147,282,/gR2+GMhrR8fHqLz8TmfeCyQEC0=,uE6QgG43iLBaLT0wWHjA76nHFpA=
-145,282,/gR2+GMhrR8fHqLz8TmfeCyQEC0=,uE6QgG43iLBaLT0wWHjA76nHFpA=
-149,280,/gR2+GMhrR8fHqLz8TmfeCyQEC0=,uE6QgG43iLBaLT0wWHjA76nHFpA=
-150,280,/gR2+GMhrR8fHqLz8TmfeCyQEC0=,uE6QgG43iLBaLT0wWHjA76nHFpA=
-151,280,/gR2+GMhrR8fHqLz8TmfeCyQEC0=,uE6QgG43iLBaLT0wWHjA76nHFpA=
-152,280,/gR2+GMhrR8fHqLz8TmfeCyQEC0=,uE6QgG43iLBaLT0wWHjA76nHFpA=
-149,282,/gR2+GMhrR8fHqLz8TmfeCyQEC0=,uE6QgG43iLBaLT0wWHjA76nHFpA=
-147,286,/gR2+GMhrR8fHqLz8TmfeCyQEC0=,uE6QgG43iLBaLT0wWHjA76nHFpA=
-150,282,/gR2+GMhrR8fHqLz8TmfeCyQEC0=,uE6QgG43iLBaLT0wWHjA76nHFpA=
-151,282,/gR2+GMhrR8fHqLz8TmfeCyQEC0=,uE6QgG43iLBaLT0wWHjA76nHFpA=
-148,282,/gR2+GMhrR8fHqLz8TmfeCyQEC0=,uE6QgG43iLBaLT0wWHjA76nHFpA=
-153,286,/gR2+GMhrR8fHqLz8TmfeCyQEC0=,FKID3Z57u1kLHN2YR1IFQGWG+2k=
-153,285,/gR2+GMhrR8fHqLz8TmfeCyQEC0=,FKID3Z57u1kLHN2YR1IFQGWG+2k=
-146,286,/gR2+GMhrR8fHqLz8TmfeCyQEC0=,uE6QgG43iLBaLT0wWHjA76nHFpA=
-152,282,/gR2+GMhrR8fHqLz8TmfeCyQEC0=,uE6QgG43iLBaLT0wWHjA76nHFpA=
-147,287,/gR2+GMhrR8fHqLz8TmfeCyQEC0=,uE6QgG43iLBaLT0wWHjA76nHFpA=
-148,287,/gR2+GMhrR8fHqLz8TmfeCyQEC0=,uE6QgG43iLBaLT0wWHjA76nHFpA=
-145,286,/gR2+GMhrR8fHqLz8TmfeCyQEC0=,uE6QgG43iLBaLT0wWHjA76nHFpA=
-150,287,/gR2+GMhrR8fHqLz8TmfeCyQEC0=,uE6QgG43iLBaLT0wWHjA76nHFpA=
-151,287,/gR2+GMhrR8fHqLz8TmfeCyQEC0=,uE6QgG43iLBaLT0wWHjA76nHFpA=
-152,287,/gR2+GMhrR8fHqLz8TmfeCyQEC0=,uE6QgG43iLBaLT0wWHjA76nHFpA=
-153,287,/gR2+GMhrR8fHqLz8TmfeCyQEC0=,FKID3Z57u1kLHN2YR1IFQGWG+2k=
-146,287,/gR2+GMhrR8fHqLz8TmfeCyQEC0=,uE6QgG43iLBaLT0wWHjA76nHFpA=
-145,287,/gR2+GMhrR8fHqLz8TmfeCyQEC0=,uE6QgG43iLBaLT0wWHjA76nHFpA=
-149,287,/gR2+GMhrR8fHqLz8TmfeCyQEC0=,uE6QgG43iLBaLT0wWHjA76nHFpA=
-154,287,/gR2+GMhrR8fHqLz8TmfeCyQEC0=,FKID3Z57u1kLHN2YR1IFQGWG+2k=
-155,287,/gR2+GMhrR8fHqLz8TmfeCyQEC0=,FKID3Z57u1kLHN2YR1IFQGWG+2k=
-129,285,/n0aSi7AZxmsJ8kuAYwwVc8S4QU=,wZGcrvHtfLWGf81biet1N/itzNs=
-135,286,/n0aSi7AZxmsJ8kuAYwwVc8S4QU=,wZGcrvHtfLWGf81biet1N/itzNs=
-130,285,/n0aSi7AZxmsJ8kuAYwwVc8S4QU=,wZGcrvHtfLWGf81biet1N/itzNs=
-131,285,/n0aSi7AZxmsJ8kuAYwwVc8S4QU=,wZGcrvHtfLWGf81biet1N/itzNs=
-134,285,/n0aSi7AZxmsJ8kuAYwwVc8S4QU=,wZGcrvHtfLWGf81biet1N/itzNs=
-132,285,/n0aSi7AZxmsJ8kuAYwwVc8S4QU=,wZGcrvHtfLWGf81biet1N/itzNs=
-133,285,/n0aSi7AZxmsJ8kuAYwwVc8S4QU=,wZGcrvHtfLWGf81biet1N/itzNs=
-135,285,/n0aSi7AZxmsJ8kuAYwwVc8S4QU=,wZGcrvHtfLWGf81biet1N/itzNs=
-129,284,/n0aSi7AZxmsJ8kuAYwwVc8S4QU=,wZGcrvHtfLWGf81biet1N/itzNs=
-130,284,/n0aSi7AZxmsJ8kuAYwwVc8S4QU=,wZGcrvHtfLWGf81biet1N/itzNs=
-129,287,/n0aSi7AZxmsJ8kuAYwwVc8S4QU=,wZGcrvHtfLWGf81biet1N/itzNs=
-130,287,/n0aSi7AZxmsJ8kuAYwwVc8S4QU=,wZGcrvHtfLWGf81biet1N/itzNs=
-132,284,/n0aSi7AZxmsJ8kuAYwwVc8S4QU=,wZGcrvHtfLWGf81biet1N/itzNs=
-131,287,/n0aSi7AZxmsJ8kuAYwwVc8S4QU=,wZGcrvHtfLWGf81biet1N/itzNs=
-132,287,/n0aSi7AZxmsJ8kuAYwwVc8S4QU=,wZGcrvHtfLWGf81biet1N/itzNs=
-131,284,/n0aSi7AZxmsJ8kuAYwwVc8S4QU=,wZGcrvHtfLWGf81biet1N/itzNs=
-134,287,/n0aSi7AZxmsJ8kuAYwwVc8S4QU=,wZGcrvHtfLWGf81biet1N/itzNs=
-133,287,/n0aSi7AZxmsJ8kuAYwwVc8S4QU=,wZGcrvHtfLWGf81biet1N/itzNs=
-133,284,/n0aSi7AZxmsJ8kuAYwwVc8S4QU=,wZGcrvHtfLWGf81biet1N/itzNs=
-134,284,/n0aSi7AZxmsJ8kuAYwwVc8S4QU=,wZGcrvHtfLWGf81biet1N/itzNs=
-129,283,/n0aSi7AZxmsJ8kuAYwwVc8S4QU=,wZGcrvHtfLWGf81biet1N/itzNs=
-130,283,/n0aSi7AZxmsJ8kuAYwwVc8S4QU=,wZGcrvHtfLWGf81biet1N/itzNs=
-129,286,/n0aSi7AZxmsJ8kuAYwwVc8S4QU=,wZGcrvHtfLWGf81biet1N/itzNs=
-130,286,/n0aSi7AZxmsJ8kuAYwwVc8S4QU=,wZGcrvHtfLWGf81biet1N/itzNs=
-135,284,/n0aSi7AZxmsJ8kuAYwwVc8S4QU=,wZGcrvHtfLWGf81biet1N/itzNs=
-135,287,/n0aSi7AZxmsJ8kuAYwwVc8S4QU=,wZGcrvHtfLWGf81biet1N/itzNs=
-132,283,/n0aSi7AZxmsJ8kuAYwwVc8S4QU=,wZGcrvHtfLWGf81biet1N/itzNs=
-131,283,/n0aSi7AZxmsJ8kuAYwwVc8S4QU=,wZGcrvHtfLWGf81biet1N/itzNs=
-133,283,/n0aSi7AZxmsJ8kuAYwwVc8S4QU=,wZGcrvHtfLWGf81biet1N/itzNs=
-134,283,/n0aSi7AZxmsJ8kuAYwwVc8S4QU=,wZGcrvHtfLWGf81biet1N/itzNs=
-135,283,/n0aSi7AZxmsJ8kuAYwwVc8S4QU=,wZGcrvHtfLWGf81biet1N/itzNs=
-130,282,/n0aSi7AZxmsJ8kuAYwwVc8S4QU=,wZGcrvHtfLWGf81biet1N/itzNs=
-131,282,/n0aSi7AZxmsJ8kuAYwwVc8S4QU=,wZGcrvHtfLWGf81biet1N/itzNs=
-129,282,/n0aSi7AZxmsJ8kuAYwwVc8S4QU=,wZGcrvHtfLWGf81biet1N/itzNs=
-132,282,/n0aSi7AZxmsJ8kuAYwwVc8S4QU=,wZGcrvHtfLWGf81biet1N/itzNs=
-134,282,/n0aSi7AZxmsJ8kuAYwwVc8S4QU=,wZGcrvHtfLWGf81biet1N/itzNs=
-133,282,/n0aSi7AZxmsJ8kuAYwwVc8S4QU=,wZGcrvHtfLWGf81biet1N/itzNs=
-135,282,/n0aSi7AZxmsJ8kuAYwwVc8S4QU=,wZGcrvHtfLWGf81biet1N/itzNs=
-129,281,/n0aSi7AZxmsJ8kuAYwwVc8S4QU=,wZGcrvHtfLWGf81biet1N/itzNs=
-130,281,/n0aSi7AZxmsJ8kuAYwwVc8S4QU=,wZGcrvHtfLWGf81biet1N/itzNs=
-131,281,/n0aSi7AZxmsJ8kuAYwwVc8S4QU=,wZGcrvHtfLWGf81biet1N/itzNs=
-132,281,/n0aSi7AZxmsJ8kuAYwwVc8S4QU=,wZGcrvHtfLWGf81biet1N/itzNs=
-134,281,/n0aSi7AZxmsJ8kuAYwwVc8S4QU=,wZGcrvHtfLWGf81biet1N/itzNs=
-133,281,/n0aSi7AZxmsJ8kuAYwwVc8S4QU=,wZGcrvHtfLWGf81biet1N/itzNs=
-135,281,/n0aSi7AZxmsJ8kuAYwwVc8S4QU=,wZGcrvHtfLWGf81biet1N/itzNs=
-129,280,/n0aSi7AZxmsJ8kuAYwwVc8S4QU=,wZGcrvHtfLWGf81biet1N/itzNs=
-130,280,/n0aSi7AZxmsJ8kuAYwwVc8S4QU=,wZGcrvHtfLWGf81biet1N/itzNs=
-131,280,/n0aSi7AZxmsJ8kuAYwwVc8S4QU=,wZGcrvHtfLWGf81biet1N/itzNs=
-132,280,/n0aSi7AZxmsJ8kuAYwwVc8S4QU=,wZGcrvHtfLWGf81biet1N/itzNs=
-133,280,/n0aSi7AZxmsJ8kuAYwwVc8S4QU=,wZGcrvHtfLWGf81biet1N/itzNs=
-134,280,/n0aSi7AZxmsJ8kuAYwwVc8S4QU=,wZGcrvHtfLWGf81biet1N/itzNs=
-135,280,/n0aSi7AZxmsJ8kuAYwwVc8S4QU=,wZGcrvHtfLWGf81biet1N/itzNs=
-131,286,/n0aSi7AZxmsJ8kuAYwwVc8S4QU=,wZGcrvHtfLWGf81biet1N/itzNs=
-133,286,/n0aSi7AZxmsJ8kuAYwwVc8S4QU=,wZGcrvHtfLWGf81biet1N/itzNs=
-132,286,/n0aSi7AZxmsJ8kuAYwwVc8S4QU=,wZGcrvHtfLWGf81biet1N/itzNs=
-137,282,/n0aSi7AZxmsJ8kuAYwwVc8S4QU=,DnihUoVTpAMYAZ4wH+aYsAn71oM=
-134,286,/n0aSi7AZxmsJ8kuAYwwVc8S4QU=,wZGcrvHtfLWGf81biet1N/itzNs=
-137,280,/n0aSi7AZxmsJ8kuAYwwVc8S4QU=,DnihUoVTpAMYAZ4wH+aYsAn71oM=
-141,286,/n0aSi7AZxmsJ8kuAYwwVc8S4QU=,DnihUoVTpAMYAZ4wH+aYsAn71oM=
-141,287,/n0aSi7AZxmsJ8kuAYwwVc8S4QU=,DnihUoVTpAMYAZ4wH+aYsAn71oM=
-144,281,/n0aSi7AZxmsJ8kuAYwwVc8S4QU=,DnihUoVTpAMYAZ4wH+aYsAn71oM=
-139,280,/n0aSi7AZxmsJ8kuAYwwVc8S4QU=,DnihUoVTpAMYAZ4wH+aYsAn71oM=
-138,282,/n0aSi7AZxmsJ8kuAYwwVc8S4QU=,DnihUoVTpAMYAZ4wH+aYsAn71oM=
-141,285,/n0aSi7AZxmsJ8kuAYwwVc8S4QU=,DnihUoVTpAMYAZ4wH+aYsAn71oM=
-138,281,/n0aSi7AZxmsJ8kuAYwwVc8S4QU=,DnihUoVTpAMYAZ4wH+aYsAn71oM=
-136,286,/n0aSi7AZxmsJ8kuAYwwVc8S4QU=,wZGcrvHtfLWGf81biet1N/itzNs=
-142,287,/n0aSi7AZxmsJ8kuAYwwVc8S4QU=,DnihUoVTpAMYAZ4wH+aYsAn71oM=
-139,281,/n0aSi7AZxmsJ8kuAYwwVc8S4QU=,DnihUoVTpAMYAZ4wH+aYsAn71oM=
-141,280,/n0aSi7AZxmsJ8kuAYwwVc8S4QU=,DnihUoVTpAMYAZ4wH+aYsAn71oM=
-137,281,/n0aSi7AZxmsJ8kuAYwwVc8S4QU=,DnihUoVTpAMYAZ4wH+aYsAn71oM=
-143,280,/n0aSi7AZxmsJ8kuAYwwVc8S4QU=,DnihUoVTpAMYAZ4wH+aYsAn71oM=
-140,281,/n0aSi7AZxmsJ8kuAYwwVc8S4QU=,DnihUoVTpAMYAZ4wH+aYsAn71oM=
-143,287,/n0aSi7AZxmsJ8kuAYwwVc8S4QU=,DnihUoVTpAMYAZ4wH+aYsAn71oM=
-136,285,/n0aSi7AZxmsJ8kuAYwwVc8S4QU=,wZGcrvHtfLWGf81biet1N/itzNs=
-144,284,/n0aSi7AZxmsJ8kuAYwwVc8S4QU=,DnihUoVTpAMYAZ4wH+aYsAn71oM=
-143,284,/n0aSi7AZxmsJ8kuAYwwVc8S4QU=,DnihUoVTpAMYAZ4wH+aYsAn71oM=
-142,285,/n0aSi7AZxmsJ8kuAYwwVc8S4QU=,DnihUoVTpAMYAZ4wH+aYsAn71oM=
-141,281,/n0aSi7AZxmsJ8kuAYwwVc8S4QU=,DnihUoVTpAMYAZ4wH+aYsAn71oM=
-142,286,/n0aSi7AZxmsJ8kuAYwwVc8S4QU=,DnihUoVTpAMYAZ4wH+aYsAn71oM=
-143,285,/n0aSi7AZxmsJ8kuAYwwVc8S4QU=,DnihUoVTpAMYAZ4wH+aYsAn71oM=
-142,281,/n0aSi7AZxmsJ8kuAYwwVc8S4QU=,DnihUoVTpAMYAZ4wH+aYsAn71oM=
-138,287,/n0aSi7AZxmsJ8kuAYwwVc8S4QU=,DnihUoVTpAMYAZ4wH+aYsAn71oM=
-139,282,/n0aSi7AZxmsJ8kuAYwwVc8S4QU=,DnihUoVTpAMYAZ4wH+aYsAn71oM=
-137,284,/n0aSi7AZxmsJ8kuAYwwVc8S4QU=,DnihUoVTpAMYAZ4wH+aYsAn71oM=
-138,284,/n0aSi7AZxmsJ8kuAYwwVc8S4QU=,DnihUoVTpAMYAZ4wH+aYsAn71oM=
-144,285,/n0aSi7AZxmsJ8kuAYwwVc8S4QU=,DnihUoVTpAMYAZ4wH+aYsAn71oM=
-140,282,/n0aSi7AZxmsJ8kuAYwwVc8S4QU=,DnihUoVTpAMYAZ4wH+aYsAn71oM=
-136,287,/n0aSi7AZxmsJ8kuAYwwVc8S4QU=,wZGcrvHtfLWGf81biet1N/itzNs=
-139,284,/n0aSi7AZxmsJ8kuAYwwVc8S4QU=,DnihUoVTpAMYAZ4wH+aYsAn71oM=
-138,280,/n0aSi7AZxmsJ8kuAYwwVc8S4QU=,DnihUoVTpAMYAZ4wH+aYsAn71oM=
-137,287,/n0aSi7AZxmsJ8kuAYwwVc8S4QU=,DnihUoVTpAMYAZ4wH+aYsAn71oM=
-141,282,/n0aSi7AZxmsJ8kuAYwwVc8S4QU=,DnihUoVTpAMYAZ4wH+aYsAn71oM=
-140,284,/n0aSi7AZxmsJ8kuAYwwVc8S4QU=,DnihUoVTpAMYAZ4wH+aYsAn71oM=
-144,287,/n0aSi7AZxmsJ8kuAYwwVc8S4QU=,DnihUoVTpAMYAZ4wH+aYsAn71oM=
-136,284,/n0aSi7AZxmsJ8kuAYwwVc8S4QU=,wZGcrvHtfLWGf81biet1N/itzNs=
-142,284,/n0aSi7AZxmsJ8kuAYwwVc8S4QU=,DnihUoVTpAMYAZ4wH+aYsAn71oM=
-137,286,/n0aSi7AZxmsJ8kuAYwwVc8S4QU=,DnihUoVTpAMYAZ4wH+aYsAn71oM=
-142,282,/n0aSi7AZxmsJ8kuAYwwVc8S4QU=,DnihUoVTpAMYAZ4wH+aYsAn71oM=
-142,280,/n0aSi7AZxmsJ8kuAYwwVc8S4QU=,DnihUoVTpAMYAZ4wH+aYsAn71oM=
-138,286,/n0aSi7AZxmsJ8kuAYwwVc8S4QU=,DnihUoVTpAMYAZ4wH+aYsAn71oM=
-139,286,/n0aSi7AZxmsJ8kuAYwwVc8S4QU=,DnihUoVTpAMYAZ4wH+aYsAn71oM=
-136,280,/n0aSi7AZxmsJ8kuAYwwVc8S4QU=,wZGcrvHtfLWGf81biet1N/itzNs=
-141,284,/n0aSi7AZxmsJ8kuAYwwVc8S4QU=,DnihUoVTpAMYAZ4wH+aYsAn71oM=
-136,283,/n0aSi7AZxmsJ8kuAYwwVc8S4QU=,wZGcrvHtfLWGf81biet1N/itzNs=
-144,280,/n0aSi7AZxmsJ8kuAYwwVc8S4QU=,DnihUoVTpAMYAZ4wH+aYsAn71oM=
-137,283,/n0aSi7AZxmsJ8kuAYwwVc8S4QU=,DnihUoVTpAMYAZ4wH+aYsAn71oM=
-143,286,/n0aSi7AZxmsJ8kuAYwwVc8S4QU=,DnihUoVTpAMYAZ4wH+aYsAn71oM=
-140,286,/n0aSi7AZxmsJ8kuAYwwVc8S4QU=,DnihUoVTpAMYAZ4wH+aYsAn71oM=
-138,283,/n0aSi7AZxmsJ8kuAYwwVc8S4QU=,DnihUoVTpAMYAZ4wH+aYsAn71oM=
-139,283,/n0aSi7AZxmsJ8kuAYwwVc8S4QU=,DnihUoVTpAMYAZ4wH+aYsAn71oM=
-140,280,/n0aSi7AZxmsJ8kuAYwwVc8S4QU=,DnihUoVTpAMYAZ4wH+aYsAn71oM=
-144,286,/n0aSi7AZxmsJ8kuAYwwVc8S4QU=,DnihUoVTpAMYAZ4wH+aYsAn71oM=
-137,285,/n0aSi7AZxmsJ8kuAYwwVc8S4QU=,DnihUoVTpAMYAZ4wH+aYsAn71oM=
-143,281,/n0aSi7AZxmsJ8kuAYwwVc8S4QU=,DnihUoVTpAMYAZ4wH+aYsAn71oM=
-136,281,/n0aSi7AZxmsJ8kuAYwwVc8S4QU=,wZGcrvHtfLWGf81biet1N/itzNs=
-138,285,/n0aSi7AZxmsJ8kuAYwwVc8S4QU=,DnihUoVTpAMYAZ4wH+aYsAn71oM=
-139,285,/n0aSi7AZxmsJ8kuAYwwVc8S4QU=,DnihUoVTpAMYAZ4wH+aYsAn71oM=
-140,285,/n0aSi7AZxmsJ8kuAYwwVc8S4QU=,DnihUoVTpAMYAZ4wH+aYsAn71oM=
-140,283,/n0aSi7AZxmsJ8kuAYwwVc8S4QU=,DnihUoVTpAMYAZ4wH+aYsAn71oM=
-144,282,/n0aSi7AZxmsJ8kuAYwwVc8S4QU=,DnihUoVTpAMYAZ4wH+aYsAn71oM=
-141,283,/n0aSi7AZxmsJ8kuAYwwVc8S4QU=,DnihUoVTpAMYAZ4wH+aYsAn71oM=
-142,283,/n0aSi7AZxmsJ8kuAYwwVc8S4QU=,DnihUoVTpAMYAZ4wH+aYsAn71oM=
-143,283,/n0aSi7AZxmsJ8kuAYwwVc8S4QU=,DnihUoVTpAMYAZ4wH+aYsAn71oM=
-144,283,/n0aSi7AZxmsJ8kuAYwwVc8S4QU=,DnihUoVTpAMYAZ4wH+aYsAn71oM=
-143,282,/n0aSi7AZxmsJ8kuAYwwVc8S4QU=,DnihUoVTpAMYAZ4wH+aYsAn71oM=
-136,282,/n0aSi7AZxmsJ8kuAYwwVc8S4QU=,wZGcrvHtfLWGf81biet1N/itzNs=
-140,287,/n0aSi7AZxmsJ8kuAYwwVc8S4QU=,DnihUoVTpAMYAZ4wH+aYsAn71oM=
-139,287,/n0aSi7AZxmsJ8kuAYwwVc8S4QU=,DnihUoVTpAMYAZ4wH+aYsAn71oM=
