12,3,pZqQGm85Y7DqQVD3GJp7DhxWmAo=,cJeuSknGpSa7jrgrjic7ESgo3O0=
9,2,pZqQGm85Y7DqQVD3GJp7DhxWmAo=,cJeuSknGpSa7jrgrjic7ESgo3O0=
11,2,pZqQGm85Y7DqQVD3GJp7DhxWmAo=,cJeuSknGpSa7jrgrjic7ESgo3O0=
10,2,pZqQGm85Y7DqQVD3GJp7DhxWmAo=,cJeuSknGpSa7jrgrjic7ESgo3O0=
10,5,pZqQGm85Y7DqQVD3GJp7DhxWmAo=,cJeuSknGpSa7jrgrjic7ESgo3O0=
14,1,pZqQGm85Y7DqQVD3GJp7DhxWmAo=,cJeuSknGpSa7jrgrjic7ESgo3O0=
11,5,pZqQGm85Y7DqQVD3GJp7DhxWmAo=,cJeuSknGpSa7jrgrjic7ESgo3O0=
12,8,BgmVs5dljYAjUiKdNaawEEmoSeU=,BVxSLNCHscskiIfCGLp5NmIButE=
9,5,pZqQGm85Y7DqQVD3GJp7DhxWmAo=,cJeuSknGpSa7jrgrjic7ESgo3O0=
9,6,pZqQGm85Y7DqQVD3GJp7DhxWmAo=,cJeuSknGpSa7jrgrjic7ESgo3O0=
10,6,pZqQGm85Y7DqQVD3GJp7DhxWmAo=,cJeuSknGpSa7jrgrjic7ESgo3O0=
11,6,pZqQGm85Y7DqQVD3GJp7DhxWmAo=,cJeuSknGpSa7jrgrjic7ESgo3O0=
11,3,pZqQGm85Y7DqQVD3GJp7DhxWmAo=,cJeuSknGpSa7jrgrjic7ESgo3O0=
13,1,pZqQGm85Y7DqQVD3GJp7DhxWmAo=,cJeuSknGpSa7jrgrjic7ESgo3O0=
12,1,pZqQGm85Y7DqQVD3GJp7DhxWmAo=,cJeuSknGpSa7jrgrjic7ESgo3O0=
11,7,pZqQGm85Y7DqQVD3GJp7DhxWmAo=,cJeuSknGpSa7jrgrjic7ESgo3O0=
10,3,pZqQGm85Y7DqQVD3GJp7DhxWmAo=,cJeuSknGpSa7jrgrjic7ESgo3O0=
11,13,pZqQGm85Y7DqQVD3GJp7DhxWmAo=,BVxSLNCHscskiIfCGLp5NmIButE=
11,1,pZqQGm85Y7DqQVD3GJp7DhxWmAo=,cJeuSknGpSa7jrgrjic7ESgo3O0=
12,12,BgmVs5dljYAjUiKdNaawEEmoSeU=,BVxSLNCHscskiIfCGLp5NmIButE=
9,3,pZqQGm85Y7DqQVD3GJp7DhxWmAo=,cJeuSknGpSa7jrgrjic7ESgo3O0=
11,12,BgmVs5dljYAjUiKdNaawEEmoSeU=,BVxSLNCHscskiIfCGLp5NmIButE=
14,4,pZqQGm85Y7DqQVD3GJp7DhxWmAo=,cJeuSknGpSa7jrgrjic7ESgo3O0=
14,6,pZqQGm85Y7DqQVD3GJp7DhxWmAo=,cJeuSknGpSa7jrgrjic7ESgo3O0=
10,1,pZqQGm85Y7DqQVD3GJp7DhxWmAo=,cJeuSknGpSa7jrgrjic7ESgo3O0=
14,5,pZqQGm85Y7DqQVD3GJp7DhxWmAo=,cJeuSknGpSa7jrgrjic7ESgo3O0=
13,6,pZqQGm85Y7DqQVD3GJp7DhxWmAo=,cJeuSknGpSa7jrgrjic7ESgo3O0=
12,13,BgmVs5dljYAjUiKdNaawEEmoSeU=,BVxSLNCHscskiIfCGLp5NmIButE=
14,2,pZqQGm85Y7DqQVD3GJp7DhxWmAo=,cJeuSknGpSa7jrgrjic7ESgo3O0=
13,4,pZqQGm85Y7DqQVD3GJp7DhxWmAo=,cJeuSknGpSa7jrgrjic7ESgo3O0=
12,4,pZqQGm85Y7DqQVD3GJp7DhxWmAo=,cJeuSknGpSa7jrgrjic7ESgo3O0=
9,1,pZqQGm85Y7DqQVD3GJp7DhxWmAo=,cJeuSknGpSa7jrgrjic7ESgo3O0=
11,10,BgmVs5dljYAjUiKdNaawEEmoSeU=,BVxSLNCHscskiIfCGLp5NmIButE=
9,4,pZqQGm85Y7DqQVD3GJp7DhxWmAo=,cJeuSknGpSa7jrgrjic7ESgo3O0=
10,4,pZqQGm85Y7DqQVD3GJp7DhxWmAo=,cJeuSknGpSa7jrgrjic7ESgo3O0=
11,4,pZqQGm85Y7DqQVD3GJp7DhxWmAo=,cJeuSknGpSa7jrgrjic7ESgo3O0=
13,2,pZqQGm85Y7DqQVD3GJp7DhxWmAo=,cJeuSknGpSa7jrgrjic7ESgo3O0=
10,12,BgmVs5dljYAjUiKdNaawEEmoSeU=,BVxSLNCHscskiIfCGLp5NmIButE=
13,5,pZqQGm85Y7DqQVD3GJp7DhxWmAo=,cJeuSknGpSa7jrgrjic7ESgo3O0=
13,8,BgmVs5dljYAjUiKdNaawEEmoSeU=,BVxSLNCHscskiIfCGLp5NmIButE=
12,5,pZqQGm85Y7DqQVD3GJp7DhxWmAo=,cJeuSknGpSa7jrgrjic7ESgo3O0=
12,2,pZqQGm85Y7DqQVD3GJp7DhxWmAo=,cJeuSknGpSa7jrgrjic7ESgo3O0=
10,10,BgmVs5dljYAjUiKdNaawEEmoSeU=,BVxSLNCHscskiIfCGLp5NmIButE=
12,6,pZqQGm85Y7DqQVD3GJp7DhxWmAo=,cJeuSknGpSa7jrgrjic7ESgo3O0=
14,3,pZqQGm85Y7DqQVD3GJp7DhxWmAo=,cJeuSknGpSa7jrgrjic7ESgo3O0=
10,7,BgmVs5dljYAjUiKdNaawEEmoSeU=,cJeuSknGpSa7jrgrjic7ESgo3O0=
13,3,pZqQGm85Y7DqQVD3GJp7DhxWmAo=,cJeuSknGpSa7jrgrjic7ESgo3O0=
9,12,BgmVs5dljYAjUiKdNaawEEmoSeU=,BVxSLNCHscskiIfCGLp5NmIButE=
9,10,BgmVs5dljYAjUiKdNaawEEmoSeU=,BVxSLNCHscskiIfCGLp5NmIButE=
11,8,BgmVs5dljYAjUiKdNaawEEmoSeU=,BVxSLNCHscskiIfCGLp5NmIButE=
13,13,BgmVs5dljYAjUiKdNaawEEmoSeU=,BVxSLNCHscskiIfCGLp5NmIButE=
10,8,BgmVs5dljYAjUiKdNaawEEmoSeU=,BVxSLNCHscskiIfCGLp5NmIButE=
14,7,BgmVs5dljYAjUiKdNaawEEmoSeU=,cJeuSknGpSa7jrgrjic7ESgo3O0=
14,11,pZqQGm85Y7DqQVD3GJp7DhxWmAo=,BVxSLNCHscskiIfCGLp5NmIButE=
14,9,BgmVs5dljYAjUiKdNaawEEmoSeU=,BVxSLNCHscskiIfCGLp5NmIButE=
9,7,BgmVs5dljYAjUiKdNaawEEmoSeU=,cJeuSknGpSa7jrgrjic7ESgo3O0=
13,7,BgmVs5dljYAjUiKdNaawEEmoSeU=,cJeuSknGpSa7jrgrjic7ESgo3O0=
13,11,pZqQGm85Y7DqQVD3GJp7DhxWmAo=,BVxSLNCHscskiIfCGLp5NmIButE=
13,9,BgmVs5dljYAjUiKdNaawEEmoSeU=,BVxSLNCHscskiIfCGLp5NmIButE=
12,9,BgmVs5dljYAjUiKdNaawEEmoSeU=,BVxSLNCHscskiIfCGLp5NmIButE=
9,13,BgmVs5dljYAjUiKdNaawEEmoSeU=,BVxSLNCHscskiIfCGLp5NmIButE=
12,10,BgmVs5dljYAjUiKdNaawEEmoSeU=,BVxSLNCHscskiIfCGLp5NmIButE=
12,7,BgmVs5dljYAjUiKdNaawEEmoSeU=,cJeuSknGpSa7jrgrjic7ESgo3O0=
9,8,BgmVs5dljYAjUiKdNaawEEmoSeU=,BVxSLNCHscskiIfCGLp5NmIButE=
10,9,pZqQGm85Y7DqQVD3GJp7DhxWmAo=,BVxSLNCHscskiIfCGLp5NmIButE=
11,9,pZqQGm85Y7DqQVD3GJp7DhxWmAo=,BVxSLNCHscskiIfCGLp5NmIButE=
12,11,pZqQGm85Y7DqQVD3GJp7DhxWmAo=,BVxSLNCHscskiIfCGLp5NmIButE=
13,12,BgmVs5dljYAjUiKdNaawEEmoSeU=,BVxSLNCHscskiIfCGLp5NmIButE=
10,11,BgmVs5dljYAjUiKdNaawEEmoSeU=,BVxSLNCHscskiIfCGLp5NmIButE=
9,11,BgmVs5dljYAjUiKdNaawEEmoSeU=,BVxSLNCHscskiIfCGLp5NmIButE=
14,12,BgmVs5dljYAjUiKdNaawEEmoSeU=,BVxSLNCHscskiIfCGLp5NmIButE=
11,11,pZqQGm85Y7DqQVD3GJp7DhxWmAo=,BVxSLNCHscskiIfCGLp5NmIButE=
9,9,BgmVs5dljYAjUiKdNaawEEmoSeU=,BVxSLNCHscskiIfCGLp5NmIButE=
14,13,BgmVs5dljYAjUiKdNaawEEmoSeU=,BVxSLNCHscskiIfCGLp5NmIButE=
14,14,BgmVs5dljYAjUiKdNaawEEmoSeU=,BVxSLNCHscskiIfCGLp5NmIButE=
12,14,BgmVs5dljYAjUiKdNaawEEmoSeU=,BVxSLNCHscskiIfCGLp5NmIButE=
14,8,BgmVs5dljYAjUiKdNaawEEmoSeU=,BVxSLNCHscskiIfCGLp5NmIButE=
14,10,BgmVs5dljYAjUiKdNaawEEmoSeU=,BVxSLNCHscskiIfCGLp5NmIButE=
10,14,BgmVs5dljYAjUiKdNaawEEmoSeU=,BVxSLNCHscskiIfCGLp5NmIButE=
13,14,BgmVs5dljYAjUiKdNaawEEmoSeU=,BVxSLNCHscskiIfCGLp5NmIButE=
13,10,BgmVs5dljYAjUiKdNaawEEmoSeU=,BVxSLNCHscskiIfCGLp5NmIButE=
9,14,BgmVs5dljYAjUiKdNaawEEmoSeU=,BVxSLNCHscskiIfCGLp5NmIButE=
11,14,BgmVs5dljYAjUiKdNaawEEmoSeU=,BVxSLNCHscskiIfCGLp5NmIButE=
12,15,BgmVs5dljYAjUiKdNaawEEmoSeU=,BVxSLNCHscskiIfCGLp5NmIButE=
10,13,pZqQGm85Y7DqQVD3GJp7DhxWmAo=,BVxSLNCHscskiIfCGLp5NmIButE=
13,15,BgmVs5dljYAjUiKdNaawEEmoSeU=,BVxSLNCHscskiIfCGLp5NmIButE=
11,15,BgmVs5dljYAjUiKdNaawEEmoSeU=,BVxSLNCHscskiIfCGLp5NmIButE=
14,15,BgmVs5dljYAjUiKdNaawEEmoSeU=,BVxSLNCHscskiIfCGLp5NmIButE=
10,15,BgmVs5dljYAjUiKdNaawEEmoSeU=,BVxSLNCHscskiIfCGLp5NmIButE=
4,13,BgmVs5dljYAjUiKdNaawEEmoSeU=,Y1bhKi3sb4pk/LQHOY6c1p9DMe0=
4,15,BgmVs5dljYAjUiKdNaawEEmoSeU=,Y1bhKi3sb4pk/LQHOY6c1p9DMe0=
9,15,BgmVs5dljYAjUiKdNaawEEmoSeU=,BVxSLNCHscskiIfCGLp5NmIButE=
3,15,BgmVs5dljYAjUiKdNaawEEmoSeU=,Y1bhKi3sb4pk/LQHOY6c1p9DMe0=
3,9,BgmVs5dljYAjUiKdNaawEEmoSeU=,Y1bhKi3sb4pk/LQHOY6c1p9DMe0=
4,9,BgmVs5dljYAjUiKdNaawEEmoSeU=,Y1bhKi3sb4pk/LQHOY6c1p9DMe0=
3,11,BgmVs5dljYAjUiKdNaawEEmoSeU=,Y1bhKi3sb4pk/LQHOY6c1p9DMe0=
2,9,BgmVs5dljYAjUiKdNaawEEmoSeU=,Y1bhKi3sb4pk/LQHOY6c1p9DMe0=
3,13,BgmVs5dljYAjUiKdNaawEEmoSeU=,Y1bhKi3sb4pk/LQHOY6c1p9DMe0=
2,15,BgmVs5dljYAjUiKdNaawEEmoSeU=,Y1bhKi3sb4pk/LQHOY6c1p9DMe0=
2,11,BgmVs5dljYAjUiKdNaawEEmoSeU=,Y1bhKi3sb4pk/LQHOY6c1p9DMe0=
4,11,BgmVs5dljYAjUiKdNaawEEmoSeU=,Y1bhKi3sb4pk/LQHOY6c1p9DMe0=
1,15,BgmVs5dljYAjUiKdNaawEEmoSeU=,Y1bhKi3sb4pk/LQHOY6c1p9DMe0=
1,11,BgmVs5dljYAjUiKdNaawEEmoSeU=,Y1bhKi3sb4pk/LQHOY6c1p9DMe0=
8,10,BgmVs5dljYAjUiKdNaawEEmoSeU=,BVxSLNCHscskiIfCGLp5NmIButE=
7,10,BgmVs5dljYAjUiKdNaawEEmoSeU=,Y1bhKi3sb4pk/LQHOY6c1p9DMe0=
8,12,BgmVs5dljYAjUiKdNaawEEmoSeU=,BVxSLNCHscskiIfCGLp5NmIButE=
6,10,BgmVs5dljYAjUiKdNaawEEmoSeU=,Y1bhKi3sb4pk/LQHOY6c1p9DMe0=
7,14,BgmVs5dljYAjUiKdNaawEEmoSeU=,Y1bhKi3sb4pk/LQHOY6c1p9DMe0=
5,11,BgmVs5dljYAjUiKdNaawEEmoSeU=,Y1bhKi3sb4pk/LQHOY6c1p9DMe0=
6,14,BgmVs5dljYAjUiKdNaawEEmoSeU=,Y1bhKi3sb4pk/LQHOY6c1p9DMe0=
2,13,BgmVs5dljYAjUiKdNaawEEmoSeU=,Y1bhKi3sb4pk/LQHOY6c1p9DMe0=
5,10,BgmVs5dljYAjUiKdNaawEEmoSeU=,Y1bhKi3sb4pk/LQHOY6c1p9DMe0=
5,14,BgmVs5dljYAjUiKdNaawEEmoSeU=,Y1bhKi3sb4pk/LQHOY6c1p9DMe0=
3,10,BgmVs5dljYAjUiKdNaawEEmoSeU=,Y1bhKi3sb4pk/LQHOY6c1p9DMe0=
4,10,BgmVs5dljYAjUiKdNaawEEmoSeU=,Y1bhKi3sb4pk/LQHOY6c1p9DMe0=
4,14,BgmVs5dljYAjUiKdNaawEEmoSeU=,Y1bhKi3sb4pk/LQHOY6c1p9DMe0=
6,11,BgmVs5dljYAjUiKdNaawEEmoSeU=,Y1bhKi3sb4pk/LQHOY6c1p9DMe0=
1,13,BgmVs5dljYAjUiKdNaawEEmoSeU=,Y1bhKi3sb4pk/LQHOY6c1p9DMe0=
3,14,BgmVs5dljYAjUiKdNaawEEmoSeU=,Y1bhKi3sb4pk/LQHOY6c1p9DMe0=
6,15,BgmVs5dljYAjUiKdNaawEEmoSeU=,Y1bhKi3sb4pk/LQHOY6c1p9DMe0=
7,15,BgmVs5dljYAjUiKdNaawEEmoSeU=,Y1bhKi3sb4pk/LQHOY6c1p9DMe0=
7,12,BgmVs5dljYAjUiKdNaawEEmoSeU=,Y1bhKi3sb4pk/LQHOY6c1p9DMe0=
7,11,BgmVs5dljYAjUiKdNaawEEmoSeU=,Y1bhKi3sb4pk/LQHOY6c1p9DMe0=
2,10,BgmVs5dljYAjUiKdNaawEEmoSeU=,Y1bhKi3sb4pk/LQHOY6c1p9DMe0=
8,13,BgmVs5dljYAjUiKdNaawEEmoSeU=,BVxSLNCHscskiIfCGLp5NmIButE=
5,15,BgmVs5dljYAjUiKdNaawEEmoSeU=,Y1bhKi3sb4pk/LQHOY6c1p9DMe0=
5,13,BgmVs5dljYAjUiKdNaawEEmoSeU=,Y1bhKi3sb4pk/LQHOY6c1p9DMe0=
8,15,BgmVs5dljYAjUiKdNaawEEmoSeU=,BVxSLNCHscskiIfCGLp5NmIButE=
1,10,BgmVs5dljYAjUiKdNaawEEmoSeU=,Y1bhKi3sb4pk/LQHOY6c1p9DMe0=
5,12,BgmVs5dljYAjUiKdNaawEEmoSeU=,Y1bhKi3sb4pk/LQHOY6c1p9DMe0=
6,12,BgmVs5dljYAjUiKdNaawEEmoSeU=,Y1bhKi3sb4pk/LQHOY6c1p9DMe0=
2,14,BgmVs5dljYAjUiKdNaawEEmoSeU=,Y1bhKi3sb4pk/LQHOY6c1p9DMe0=
4,12,BgmVs5dljYAjUiKdNaawEEmoSeU=,Y1bhKi3sb4pk/LQHOY6c1p9DMe0=
8,11,BgmVs5dljYAjUiKdNaawEEmoSeU=,BVxSLNCHscskiIfCGLp5NmIButE=
6,13,BgmVs5dljYAjUiKdNaawEEmoSeU=,Y1bhKi3sb4pk/LQHOY6c1p9DMe0=
7,9,BgmVs5dljYAjUiKdNaawEEmoSeU=,Y1bhKi3sb4pk/LQHOY6c1p9DMe0=
8,9,BgmVs5dljYAjUiKdNaawEEmoSeU=,BVxSLNCHscskiIfCGLp5NmIButE=
3,12,BgmVs5dljYAjUiKdNaawEEmoSeU=,Y1bhKi3sb4pk/LQHOY6c1p9DMe0=
5,9,BgmVs5dljYAjUiKdNaawEEmoSeU=,Y1bhKi3sb4pk/LQHOY6c1p9DMe0=
6,9,BgmVs5dljYAjUiKdNaawEEmoSeU=,Y1bhKi3sb4pk/LQHOY6c1p9DMe0=
2,12,BgmVs5dljYAjUiKdNaawEEmoSeU=,Y1bhKi3sb4pk/LQHOY6c1p9DMe0=
1,14,BgmVs5dljYAjUiKdNaawEEmoSeU=,Y1bhKi3sb4pk/LQHOY6c1p9DMe0=
1,9,BgmVs5dljYAjUiKdNaawEEmoSeU=,Y1bhKi3sb4pk/LQHOY6c1p9DMe0=
7,13,BgmVs5dljYAjUiKdNaawEEmoSeU=,Y1bhKi3sb4pk/LQHOY6c1p9DMe0=
8,14,BgmVs5dljYAjUiKdNaawEEmoSeU=,BVxSLNCHscskiIfCGLp5NmIButE=
1,12,BgmVs5dljYAjUiKdNaawEEmoSeU=,Y1bhKi3sb4pk/LQHOY6c1p9DMe0=
0,12,BgmVs5dljYAjUiKdNaawEEmoSeU=,Y1bhKi3sb4pk/LQHOY6c1p9DMe0=
0,11,BgmVs5dljYAjUiKdNaawEEmoSeU=,Y1bhKi3sb4pk/LQHOY6c1p9DMe0=
0,13,BgmVs5dljYAjUiKdNaawEEmoSeU=,Y1bhKi3sb4pk/LQHOY6c1p9DMe0=
0,10,BgmVs5dljYAjUiKdNaawEEmoSeU=,Y1bhKi3sb4pk/LQHOY6c1p9DMe0=
0,14,BgmVs5dljYAjUiKdNaawEEmoSeU=,Y1bhKi3sb4pk/LQHOY6c1p9DMe0=
0,9,BgmVs5dljYAjUiKdNaawEEmoSeU=,Y1bhKi3sb4pk/LQHOY6c1p9DMe0=
2,8,BgmVs5dljYAjUiKdNaawEEmoSeU=,Y1bhKi3sb4pk/LQHOY6c1p9DMe0=
6,0,BgmVs5dljYAjUiKdNaawEEmoSeU=,HoPmZ1pRXUPHM8NYk8Dx63oKH6E=
5,2,BgmVs5dljYAjUiKdNaawEEmoSeU=,HoPmZ1pRXUPHM8NYk8Dx63oKH6E=
4,0,BgmVs5dljYAjUiKdNaawEEmoSeU=,HoPmZ1pRXUPHM8NYk8Dx63oKH6E=
6,1,BgmVs5dljYAjUiKdNaawEEmoSeU=,HoPmZ1pRXUPHM8NYk8Dx63oKH6E=
3,0,BgmVs5dljYAjUiKdNaawEEmoSeU=,HoPmZ1pRXUPHM8NYk8Dx63oKH6E=
5,0,BgmVs5dljYAjUiKdNaawEEmoSeU=,HoPmZ1pRXUPHM8NYk8Dx63oKH6E=
3,5,BgmVs5dljYAjUiKdNaawEEmoSeU=,HoPmZ1pRXUPHM8NYk8Dx63oKH6E=
1,2,BgmVs5dljYAjUiKdNaawEEmoSeU=,HoPmZ1pRXUPHM8NYk8Dx63oKH6E=
7,8,BgmVs5dljYAjUiKdNaawEEmoSeU=,Y1bhKi3sb4pk/LQHOY6c1p9DMe0=
8,2,BgmVs5dljYAjUiKdNaawEEmoSeU=,cJeuSknGpSa7jrgrjic7ESgo3O0=
2,5,BgmVs5dljYAjUiKdNaawEEmoSeU=,HoPmZ1pRXUPHM8NYk8Dx63oKH6E=
5,7,BgmVs5dljYAjUiKdNaawEEmoSeU=,HoPmZ1pRXUPHM8NYk8Dx63oKH6E=
5,1,BgmVs5dljYAjUiKdNaawEEmoSeU=,HoPmZ1pRXUPHM8NYk8Dx63oKH6E=
2,2,BgmVs5dljYAjUiKdNaawEEmoSeU=,HoPmZ1pRXUPHM8NYk8Dx63oKH6E=
2,0,BgmVs5dljYAjUiKdNaawEEmoSeU=,HoPmZ1pRXUPHM8NYk8Dx63oKH6E=
1,7,BgmVs5dljYAjUiKdNaawEEmoSeU=,HoPmZ1pRXUPHM8NYk8Dx63oKH6E=
1,3,BgmVs5dljYAjUiKdNaawEEmoSeU=,HoPmZ1pRXUPHM8NYk8Dx63oKH6E=
7,5,BgmVs5dljYAjUiKdNaawEEmoSeU=,HoPmZ1pRXUPHM8NYk8Dx63oKH6E=
1,1,BgmVs5dljYAjUiKdNaawEEmoSeU=,HoPmZ1pRXUPHM8NYk8Dx63oKH6E=
2,7,BgmVs5dljYAjUiKdNaawEEmoSeU=,HoPmZ1pRXUPHM8NYk8Dx63oKH6E=
8,5,BgmVs5dljYAjUiKdNaawEEmoSeU=,cJeuSknGpSa7jrgrjic7ESgo3O0=
4,7,BgmVs5dljYAjUiKdNaawEEmoSeU=,HoPmZ1pRXUPHM8NYk8Dx63oKH6E=
1,8,BgmVs5dljYAjUiKdNaawEEmoSeU=,Y1bhKi3sb4pk/LQHOY6c1p9DMe0=
8,7,BgmVs5dljYAjUiKdNaawEEmoSeU=,cJeuSknGpSa7jrgrjic7ESgo3O0=
1,5,BgmVs5dljYAjUiKdNaawEEmoSeU=,HoPmZ1pRXUPHM8NYk8Dx63oKH6E=
8,8,BgmVs5dljYAjUiKdNaawEEmoSeU=,BVxSLNCHscskiIfCGLp5NmIButE=
7,4,BgmVs5dljYAjUiKdNaawEEmoSeU=,HoPmZ1pRXUPHM8NYk8Dx63oKH6E=
4,6,BgmVs5dljYAjUiKdNaawEEmoSeU=,HoPmZ1pRXUPHM8NYk8Dx63oKH6E=
15,3,BgmVs5dljYAjUiKdNaawEEmoSeU=,cJeuSknGpSa7jrgrjic7ESgo3O0=
7,6,BgmVs5dljYAjUiKdNaawEEmoSeU=,HoPmZ1pRXUPHM8NYk8Dx63oKH6E=
5,8,BgmVs5dljYAjUiKdNaawEEmoSeU=,Y1bhKi3sb4pk/LQHOY6c1p9DMe0=
6,8,BgmVs5dljYAjUiKdNaawEEmoSeU=,Y1bhKi3sb4pk/LQHOY6c1p9DMe0=
15,1,BgmVs5dljYAjUiKdNaawEEmoSeU=,cJeuSknGpSa7jrgrjic7ESgo3O0=
15,2,BgmVs5dljYAjUiKdNaawEEmoSeU=,cJeuSknGpSa7jrgrjic7ESgo3O0=
6,4,BgmVs5dljYAjUiKdNaawEEmoSeU=,HoPmZ1pRXUPHM8NYk8Dx63oKH6E=
8,6,BgmVs5dljYAjUiKdNaawEEmoSeU=,cJeuSknGpSa7jrgrjic7ESgo3O0=
6,5,BgmVs5dljYAjUiKdNaawEEmoSeU=,HoPmZ1pRXUPHM8NYk8Dx63oKH6E=
5,4,BgmVs5dljYAjUiKdNaawEEmoSeU=,HoPmZ1pRXUPHM8NYk8Dx63oKH6E=
5,5,BgmVs5dljYAjUiKdNaawEEmoSeU=,HoPmZ1pRXUPHM8NYk8Dx63oKH6E=
15,4,BgmVs5dljYAjUiKdNaawEEmoSeU=,cJeuSknGpSa7jrgrjic7ESgo3O0=
6,7,BgmVs5dljYAjUiKdNaawEEmoSeU=,HoPmZ1pRXUPHM8NYk8Dx63oKH6E=
4,8,BgmVs5dljYAjUiKdNaawEEmoSeU=,Y1bhKi3sb4pk/LQHOY6c1p9DMe0=
15,6,BgmVs5dljYAjUiKdNaawEEmoSeU=,cJeuSknGpSa7jrgrjic7ESgo3O0=
15,5,BgmVs5dljYAjUiKdNaawEEmoSeU=,cJeuSknGpSa7jrgrjic7ESgo3O0=
8,3,BgmVs5dljYAjUiKdNaawEEmoSeU=,cJeuSknGpSa7jrgrjic7ESgo3O0=
0,6,BgmVs5dljYAjUiKdNaawEEmoSeU=,HoPmZ1pRXUPHM8NYk8Dx63oKH6E=
4,1,BgmVs5dljYAjUiKdNaawEEmoSeU=,HoPmZ1pRXUPHM8NYk8Dx63oKH6E=
4,4,BgmVs5dljYAjUiKdNaawEEmoSeU=,HoPmZ1pRXUPHM8NYk8Dx63oKH6E=
7,7,BgmVs5dljYAjUiKdNaawEEmoSeU=,HoPmZ1pRXUPHM8NYk8Dx63oKH6E=
3,7,BgmVs5dljYAjUiKdNaawEEmoSeU=,HoPmZ1pRXUPHM8NYk8Dx63oKH6E=
0,2,BgmVs5dljYAjUiKdNaawEEmoSeU=,HoPmZ1pRXUPHM8NYk8Dx63oKH6E=
4,2,BgmVs5dljYAjUiKdNaawEEmoSeU=,HoPmZ1pRXUPHM8NYk8Dx63oKH6E=
0,8,BgmVs5dljYAjUiKdNaawEEmoSeU=,Y1bhKi3sb4pk/LQHOY6c1p9DMe0=
4,3,BgmVs5dljYAjUiKdNaawEEmoSeU=,HoPmZ1pRXUPHM8NYk8Dx63oKH6E=
0,7,BgmVs5dljYAjUiKdNaawEEmoSeU=,HoPmZ1pRXUPHM8NYk8Dx63oKH6E=
0,3,BgmVs5dljYAjUiKdNaawEEmoSeU=,HoPmZ1pRXUPHM8NYk8Dx63oKH6E=
0,5,BgmVs5dljYAjUiKdNaawEEmoSeU=,HoPmZ1pRXUPHM8NYk8Dx63oKH6E=
7,1,BgmVs5dljYAjUiKdNaawEEmoSeU=,HoPmZ1pRXUPHM8NYk8Dx63oKH6E=
1,6,BgmVs5dljYAjUiKdNaawEEmoSeU=,HoPmZ1pRXUPHM8NYk8Dx63oKH6E=
0,4,BgmVs5dljYAjUiKdNaawEEmoSeU=,HoPmZ1pRXUPHM8NYk8Dx63oKH6E=
3,8,BgmVs5dljYAjUiKdNaawEEmoSeU=,Y1bhKi3sb4pk/LQHOY6c1p9DMe0=
1,4,BgmVs5dljYAjUiKdNaawEEmoSeU=,HoPmZ1pRXUPHM8NYk8Dx63oKH6E=
7,2,BgmVs5dljYAjUiKdNaawEEmoSeU=,HoPmZ1pRXUPHM8NYk8Dx63oKH6E=
3,4,BgmVs5dljYAjUiKdNaawEEmoSeU=,HoPmZ1pRXUPHM8NYk8Dx63oKH6E=
2,4,BgmVs5dljYAjUiKdNaawEEmoSeU=,HoPmZ1pRXUPHM8NYk8Dx63oKH6E=
2,6,BgmVs5dljYAjUiKdNaawEEmoSeU=,HoPmZ1pRXUPHM8NYk8Dx63oKH6E=
8,1,BgmVs5dljYAjUiKdNaawEEmoSeU=,cJeuSknGpSa7jrgrjic7ESgo3O0=
0,1,BgmVs5dljYAjUiKdNaawEEmoSeU=,HoPmZ1pRXUPHM8NYk8Dx63oKH6E=
6,2,BgmVs5dljYAjUiKdNaawEEmoSeU=,HoPmZ1pRXUPHM8NYk8Dx63oKH6E=
6,6,BgmVs5dljYAjUiKdNaawEEmoSeU=,HoPmZ1pRXUPHM8NYk8Dx63oKH6E=
0,15,BgmVs5dljYAjUiKdNaawEEmoSeU=,Y1bhKi3sb4pk/LQHOY6c1p9DMe0=
2,1,BgmVs5dljYAjUiKdNaawEEmoSeU=,HoPmZ1pRXUPHM8NYk8Dx63oKH6E=
3,1,BgmVs5dljYAjUiKdNaawEEmoSeU=,HoPmZ1pRXUPHM8NYk8Dx63oKH6E=
5,6,BgmVs5dljYAjUiKdNaawEEmoSeU=,HoPmZ1pRXUPHM8NYk8Dx63oKH6E=
3,3,BgmVs5dljYAjUiKdNaawEEmoSeU=,HoPmZ1pRXUPHM8NYk8Dx63oKH6E=
3,6,BgmVs5dljYAjUiKdNaawEEmoSeU=,HoPmZ1pRXUPHM8NYk8Dx63oKH6E=
0,0,BgmVs5dljYAjUiKdNaawEEmoSeU=,HoPmZ1pRXUPHM8NYk8Dx63oKH6E=
15,7,BgmVs5dljYAjUiKdNaawEEmoSeU=,cJeuSknGpSa7jrgrjic7ESgo3O0=
15,9,BgmVs5dljYAjUiKdNaawEEmoSeU=,BVxSLNCHscskiIfCGLp5NmIButE=
15,13,BgmVs5dljYAjUiKdNaawEEmoSeU=,BVxSLNCHscskiIfCGLp5NmIButE=
15,12,BgmVs5dljYAjUiKdNaawEEmoSeU=,BVxSLNCHscskiIfCGLp5NmIButE=
15,11,BgmVs5dljYAjUiKdNaawEEmoSeU=,BVxSLNCHscskiIfCGLp5NmIButE=
1,0,BgmVs5dljYAjUiKdNaawEEmoSeU=,HoPmZ1pRXUPHM8NYk8Dx63oKH6E=
15,15,BgmVs5dljYAjUiKdNaawEEmoSeU=,BVxSLNCHscskiIfCGLp5NmIButE=
8,4,BgmVs5dljYAjUiKdNaawEEmoSeU=,cJeuSknGpSa7jrgrjic7ESgo3O0=
15,10,BgmVs5dljYAjUiKdNaawEEmoSeU=,BVxSLNCHscskiIfCGLp5NmIButE=
15,14,BgmVs5dljYAjUiKdNaawEEmoSeU=,BVxSLNCHscskiIfCGLp5NmIButE=
7,3,BgmVs5dljYAjUiKdNaawEEmoSeU=,HoPmZ1pRXUPHM8NYk8Dx63oKH6E=
6,3,BgmVs5dljYAjUiKdNaawEEmoSeU=,HoPmZ1pRXUPHM8NYk8Dx63oKH6E=
5,3,BgmVs5dljYAjUiKdNaawEEmoSeU=,HoPmZ1pRXUPHM8NYk8Dx63oKH6E=
3,2,BgmVs5dljYAjUiKdNaawEEmoSeU=,HoPmZ1pRXUPHM8NYk8Dx63oKH6E=
15,8,BgmVs5dljYAjUiKdNaawEEmoSeU=,BVxSLNCHscskiIfCGLp5NmIButE=
4,5,BgmVs5dljYAjUiKdNaawEEmoSeU=,HoPmZ1pRXUPHM8NYk8Dx63oKH6E=
2,3,BgmVs5dljYAjUiKdNaawEEmoSeU=,HoPmZ1pRXUPHM8NYk8Dx63oKH6E=
7,0,BgmVs5dljYAjUiKdNaawEEmoSeU=,HoPmZ1pRXUPHM8NYk8Dx63oKH6E=
10,0,BgmVs5dljYAjUiKdNaawEEmoSeU=,cJeuSknGpSa7jrgrjic7ESgo3O0=
11,0,BgmVs5dljYAjUiKdNaawEEmoSeU=,cJeuSknGpSa7jrgrjic7ESgo3O0=
15,0,BgmVs5dljYAjUiKdNaawEEmoSeU=,cJeuSknGpSa7jrgrjic7ESgo3O0=
9,0,BgmVs5dljYAjUiKdNaawEEmoSeU=,cJeuSknGpSa7jrgrjic7ESgo3O0=
8,0,BgmVs5dljYAjUiKdNaawEEmoSeU=,cJeuSknGpSa7jrgrjic7ESgo3O0=
14,0,BgmVs5dljYAjUiKdNaawEEmoSeU=,cJeuSknGpSa7jrgrjic7ESgo3O0=
12,0,BgmVs5dljYAjUiKdNaawEEmoSeU=,cJeuSknGpSa7jrgrjic7ESgo3O0=
13,0,BgmVs5dljYAjUiKdNaawEEmoSeU=,cJeuSknGpSa7jrgrjic7ESgo3O0=
1,25,BgmVs5dljYAjUiKdNaawEEmoSeU=,UI5GiWp3GCWaZv/vtgA8bpSXKUA=
4,30,BgmVs5dljYAjUiKdNaawEEmoSeU=,UI5GiWp3GCWaZv/vtgA8bpSXKUA=
5,30,BgmVs5dljYAjUiKdNaawEEmoSeU=,UI5GiWp3GCWaZv/vtgA8bpSXKUA=
3,30,BgmVs5dljYAjUiKdNaawEEmoSeU=,UI5GiWp3GCWaZv/vtgA8bpSXKUA=
6,30,BgmVs5dljYAjUiKdNaawEEmoSeU=,UI5GiWp3GCWaZv/vtgA8bpSXKUA=
6,29,BgmVs5dljYAjUiKdNaawEEmoSeU=,UI5GiWp3GCWaZv/vtgA8bpSXKUA=
5,29,BgmVs5dljYAjUiKdNaawEEmoSeU=,UI5GiWp3GCWaZv/vtgA8bpSXKUA=
2,30,BgmVs5dljYAjUiKdNaawEEmoSeU=,UI5GiWp3GCWaZv/vtgA8bpSXKUA=
4,29,BgmVs5dljYAjUiKdNaawEEmoSeU=,UI5GiWp3GCWaZv/vtgA8bpSXKUA=
3,29,BgmVs5dljYAjUiKdNaawEEmoSeU=,UI5GiWp3GCWaZv/vtgA8bpSXKUA=
1,30,BgmVs5dljYAjUiKdNaawEEmoSeU=,UI5GiWp3GCWaZv/vtgA8bpSXKUA=
2,29,BgmVs5dljYAjUiKdNaawEEmoSeU=,UI5GiWp3GCWaZv/vtgA8bpSXKUA=
4,28,BgmVs5dljYAjUiKdNaawEEmoSeU=,UI5GiWp3GCWaZv/vtgA8bpSXKUA=
1,29,BgmVs5dljYAjUiKdNaawEEmoSeU=,UI5GiWp3GCWaZv/vtgA8bpSXKUA=
3,28,BgmVs5dljYAjUiKdNaawEEmoSeU=,UI5GiWp3GCWaZv/vtgA8bpSXKUA=
6,28,BgmVs5dljYAjUiKdNaawEEmoSeU=,UI5GiWp3GCWaZv/vtgA8bpSXKUA=
2,28,BgmVs5dljYAjUiKdNaawEEmoSeU=,UI5GiWp3GCWaZv/vtgA8bpSXKUA=
5,28,BgmVs5dljYAjUiKdNaawEEmoSeU=,UI5GiWp3GCWaZv/vtgA8bpSXKUA=
4,27,BgmVs5dljYAjUiKdNaawEEmoSeU=,UI5GiWp3GCWaZv/vtgA8bpSXKUA=
3,27,BgmVs5dljYAjUiKdNaawEEmoSeU=,UI5GiWp3GCWaZv/vtgA8bpSXKUA=
1,28,BgmVs5dljYAjUiKdNaawEEmoSeU=,UI5GiWp3GCWaZv/vtgA8bpSXKUA=
2,27,BgmVs5dljYAjUiKdNaawEEmoSeU=,UI5GiWp3GCWaZv/vtgA8bpSXKUA=
6,27,BgmVs5dljYAjUiKdNaawEEmoSeU=,UI5GiWp3GCWaZv/vtgA8bpSXKUA=
5,27,BgmVs5dljYAjUiKdNaawEEmoSeU=,UI5GiWp3GCWaZv/vtgA8bpSXKUA=
5,26,BgmVs5dljYAjUiKdNaawEEmoSeU=,UI5GiWp3GCWaZv/vtgA8bpSXKUA=
6,26,BgmVs5dljYAjUiKdNaawEEmoSeU=,UI5GiWp3GCWaZv/vtgA8bpSXKUA=
4,26,BgmVs5dljYAjUiKdNaawEEmoSeU=,UI5GiWp3GCWaZv/vtgA8bpSXKUA=
1,27,BgmVs5dljYAjUiKdNaawEEmoSeU=,UI5GiWp3GCWaZv/vtgA8bpSXKUA=
3,26,BgmVs5dljYAjUiKdNaawEEmoSeU=,UI5GiWp3GCWaZv/vtgA8bpSXKUA=
6,25,BgmVs5dljYAjUiKdNaawEEmoSeU=,UI5GiWp3GCWaZv/vtgA8bpSXKUA=
2,26,BgmVs5dljYAjUiKdNaawEEmoSeU=,UI5GiWp3GCWaZv/vtgA8bpSXKUA=
5,25,BgmVs5dljYAjUiKdNaawEEmoSeU=,UI5GiWp3GCWaZv/vtgA8bpSXKUA=
1,26,BgmVs5dljYAjUiKdNaawEEmoSeU=,UI5GiWp3GCWaZv/vtgA8bpSXKUA=
3,25,BgmVs5dljYAjUiKdNaawEEmoSeU=,UI5GiWp3GCWaZv/vtgA8bpSXKUA=
4,25,BgmVs5dljYAjUiKdNaawEEmoSeU=,UI5GiWp3GCWaZv/vtgA8bpSXKUA=
2,25,BgmVs5dljYAjUiKdNaawEEmoSeU=,UI5GiWp3GCWaZv/vtgA8bpSXKUA=
12,19,BgmVs5dljYAjUiKdNaawEEmoSeU=,vfZ2eSZnl4Fy5YoZMQtUg8IvGCI=
13,19,BgmVs5dljYAjUiKdNaawEEmoSeU=,vfZ2eSZnl4Fy5YoZMQtUg8IvGCI=
14,18,BgmVs5dljYAjUiKdNaawEEmoSeU=,vfZ2eSZnl4Fy5YoZMQtUg8IvGCI=
10,19,BgmVs5dljYAjUiKdNaawEEmoSeU=,vfZ2eSZnl4Fy5YoZMQtUg8IvGCI=
11,19,BgmVs5dljYAjUiKdNaawEEmoSeU=,vfZ2eSZnl4Fy5YoZMQtUg8IvGCI=
15,22,BgmVs5dljYAjUiKdNaawEEmoSeU=,vfZ2eSZnl4Fy5YoZMQtUg8IvGCI=
9,19,BgmVs5dljYAjUiKdNaawEEmoSeU=,vfZ2eSZnl4Fy5YoZMQtUg8IvGCI=
14,22,BgmVs5dljYAjUiKdNaawEEmoSeU=,vfZ2eSZnl4Fy5YoZMQtUg8IvGCI=
15,18,BgmVs5dljYAjUiKdNaawEEmoSeU=,vfZ2eSZnl4Fy5YoZMQtUg8IvGCI=
13,18,BgmVs5dljYAjUiKdNaawEEmoSeU=,vfZ2eSZnl4Fy5YoZMQtUg8IvGCI=
14,17,BgmVs5dljYAjUiKdNaawEEmoSeU=,vfZ2eSZnl4Fy5YoZMQtUg8IvGCI=
13,17,BgmVs5dljYAjUiKdNaawEEmoSeU=,vfZ2eSZnl4Fy5YoZMQtUg8IvGCI=
12,18,BgmVs5dljYAjUiKdNaawEEmoSeU=,vfZ2eSZnl4Fy5YoZMQtUg8IvGCI=
15,17,BgmVs5dljYAjUiKdNaawEEmoSeU=,vfZ2eSZnl4Fy5YoZMQtUg8IvGCI=
13,22,BgmVs5dljYAjUiKdNaawEEmoSeU=,vfZ2eSZnl4Fy5YoZMQtUg8IvGCI=
12,17,BgmVs5dljYAjUiKdNaawEEmoSeU=,vfZ2eSZnl4Fy5YoZMQtUg8IvGCI=
10,18,BgmVs5dljYAjUiKdNaawEEmoSeU=,vfZ2eSZnl4Fy5YoZMQtUg8IvGCI=
14,16,BgmVs5dljYAjUiKdNaawEEmoSeU=,vfZ2eSZnl4Fy5YoZMQtUg8IvGCI=
9,18,BgmVs5dljYAjUiKdNaawEEmoSeU=,vfZ2eSZnl4Fy5YoZMQtUg8IvGCI=
11,18,BgmVs5dljYAjUiKdNaawEEmoSeU=,vfZ2eSZnl4Fy5YoZMQtUg8IvGCI=
11,17,BgmVs5dljYAjUiKdNaawEEmoSeU=,vfZ2eSZnl4Fy5YoZMQtUg8IvGCI=
10,17,BgmVs5dljYAjUiKdNaawEEmoSeU=,vfZ2eSZnl4Fy5YoZMQtUg8IvGCI=
15,21,BgmVs5dljYAjUiKdNaawEEmoSeU=,vfZ2eSZnl4Fy5YoZMQtUg8IvGCI=
12,16,BgmVs5dljYAjUiKdNaawEEmoSeU=,vfZ2eSZnl4Fy5YoZMQtUg8IvGCI=
13,16,BgmVs5dljYAjUiKdNaawEEmoSeU=,vfZ2eSZnl4Fy5YoZMQtUg8IvGCI=
14,21,BgmVs5dljYAjUiKdNaawEEmoSeU=,vfZ2eSZnl4Fy5YoZMQtUg8IvGCI=
9,17,BgmVs5dljYAjUiKdNaawEEmoSeU=,vfZ2eSZnl4Fy5YoZMQtUg8IvGCI=
11,16,BgmVs5dljYAjUiKdNaawEEmoSeU=,vfZ2eSZnl4Fy5YoZMQtUg8IvGCI=
12,22,BgmVs5dljYAjUiKdNaawEEmoSeU=,vfZ2eSZnl4Fy5YoZMQtUg8IvGCI=
10,22,BgmVs5dljYAjUiKdNaawEEmoSeU=,vfZ2eSZnl4Fy5YoZMQtUg8IvGCI=
11,22,BgmVs5dljYAjUiKdNaawEEmoSeU=,vfZ2eSZnl4Fy5YoZMQtUg8IvGCI=
13,21,BgmVs5dljYAjUiKdNaawEEmoSeU=,vfZ2eSZnl4Fy5YoZMQtUg8IvGCI=
9,22,BgmVs5dljYAjUiKdNaawEEmoSeU=,vfZ2eSZnl4Fy5YoZMQtUg8IvGCI=
10,16,BgmVs5dljYAjUiKdNaawEEmoSeU=,vfZ2eSZnl4Fy5YoZMQtUg8IvGCI=
15,20,BgmVs5dljYAjUiKdNaawEEmoSeU=,vfZ2eSZnl4Fy5YoZMQtUg8IvGCI=
9,16,BgmVs5dljYAjUiKdNaawEEmoSeU=,vfZ2eSZnl4Fy5YoZMQtUg8IvGCI=
12,21,BgmVs5dljYAjUiKdNaawEEmoSeU=,vfZ2eSZnl4Fy5YoZMQtUg8IvGCI=
11,21,BgmVs5dljYAjUiKdNaawEEmoSeU=,vfZ2eSZnl4Fy5YoZMQtUg8IvGCI=
9,21,BgmVs5dljYAjUiKdNaawEEmoSeU=,vfZ2eSZnl4Fy5YoZMQtUg8IvGCI=
14,20,BgmVs5dljYAjUiKdNaawEEmoSeU=,vfZ2eSZnl4Fy5YoZMQtUg8IvGCI=
10,21,BgmVs5dljYAjUiKdNaawEEmoSeU=,vfZ2eSZnl4Fy5YoZMQtUg8IvGCI=
12,20,BgmVs5dljYAjUiKdNaawEEmoSeU=,vfZ2eSZnl4Fy5YoZMQtUg8IvGCI=
15,19,BgmVs5dljYAjUiKdNaawEEmoSeU=,vfZ2eSZnl4Fy5YoZMQtUg8IvGCI=
11,20,BgmVs5dljYAjUiKdNaawEEmoSeU=,vfZ2eSZnl4Fy5YoZMQtUg8IvGCI=
14,19,BgmVs5dljYAjUiKdNaawEEmoSeU=,vfZ2eSZnl4Fy5YoZMQtUg8IvGCI=
13,20,BgmVs5dljYAjUiKdNaawEEmoSeU=,vfZ2eSZnl4Fy5YoZMQtUg8IvGCI=
9,20,BgmVs5dljYAjUiKdNaawEEmoSeU=,vfZ2eSZnl4Fy5YoZMQtUg8IvGCI=
10,20,BgmVs5dljYAjUiKdNaawEEmoSeU=,vfZ2eSZnl4Fy5YoZMQtUg8IvGCI=
4,31,BgmVs5dljYAjUiKdNaawEEmoSeU=,UI5GiWp3GCWaZv/vtgA8bpSXKUA=
3,31,BgmVs5dljYAjUiKdNaawEEmoSeU=,UI5GiWp3GCWaZv/vtgA8bpSXKUA=
5,31,BgmVs5dljYAjUiKdNaawEEmoSeU=,UI5GiWp3GCWaZv/vtgA8bpSXKUA=
2,31,BgmVs5dljYAjUiKdNaawEEmoSeU=,UI5GiWp3GCWaZv/vtgA8bpSXKUA=
6,31,BgmVs5dljYAjUiKdNaawEEmoSeU=,UI5GiWp3GCWaZv/vtgA8bpSXKUA=
1,31,BgmVs5dljYAjUiKdNaawEEmoSeU=,UI5GiWp3GCWaZv/vtgA8bpSXKUA=
15,16,BgmVs5dljYAjUiKdNaawEEmoSeU=,vfZ2eSZnl4Fy5YoZMQtUg8IvGCI=
0,25,BgmVs5dljYAjUiKdNaawEEmoSeU=,UI5GiWp3GCWaZv/vtgA8bpSXKUA=
0,26,BgmVs5dljYAjUiKdNaawEEmoSeU=,UI5GiWp3GCWaZv/vtgA8bpSXKUA=
0,31,BgmVs5dljYAjUiKdNaawEEmoSeU=,UI5GiWp3GCWaZv/vtgA8bpSXKUA=
0,27,BgmVs5dljYAjUiKdNaawEEmoSeU=,UI5GiWp3GCWaZv/vtgA8bpSXKUA=
0,28,BgmVs5dljYAjUiKdNaawEEmoSeU=,UI5GiWp3GCWaZv/vtgA8bpSXKUA=
0,29,BgmVs5dljYAjUiKdNaawEEmoSeU=,UI5GiWp3GCWaZv/vtgA8bpSXKUA=
0,30,BgmVs5dljYAjUiKdNaawEEmoSeU=,UI5GiWp3GCWaZv/vtgA8bpSXKUA=
15,23,BgmVs5dljYAjUiKdNaawEEmoSeU=,vfZ2eSZnl4Fy5YoZMQtUg8IvGCI=
14,23,BgmVs5dljYAjUiKdNaawEEmoSeU=,vfZ2eSZnl4Fy5YoZMQtUg8IvGCI=
12,29,BgmVs5dljYAjUiKdNaawEEmoSeU=,8WcjjtBP0LO+IWcYCcp+aL7GS+c=
13,29,BgmVs5dljYAjUiKdNaawEEmoSeU=,8WcjjtBP0LO+IWcYCcp+aL7GS+c=
11,29,BgmVs5dljYAjUiKdNaawEEmoSeU=,8WcjjtBP0LO+IWcYCcp+aL7GS+c=
13,23,BgmVs5dljYAjUiKdNaawEEmoSeU=,vfZ2eSZnl4Fy5YoZMQtUg8IvGCI=
9,29,BgmVs5dljYAjUiKdNaawEEmoSeU=,8WcjjtBP0LO+IWcYCcp+aL7GS+c=
10,29,BgmVs5dljYAjUiKdNaawEEmoSeU=,8WcjjtBP0LO+IWcYCcp+aL7GS+c=
14,29,BgmVs5dljYAjUiKdNaawEEmoSeU=,8WcjjtBP0LO+IWcYCcp+aL7GS+c=
7,30,BgmVs5dljYAjUiKdNaawEEmoSeU=,UI5GiWp3GCWaZv/vtgA8bpSXKUA=
8,29,BgmVs5dljYAjUiKdNaawEEmoSeU=,8WcjjtBP0LO+IWcYCcp+aL7GS+c=
13,28,BgmVs5dljYAjUiKdNaawEEmoSeU=,8WcjjtBP0LO+IWcYCcp+aL7GS+c=
12,23,BgmVs5dljYAjUiKdNaawEEmoSeU=,vfZ2eSZnl4Fy5YoZMQtUg8IvGCI=
11,23,BgmVs5dljYAjUiKdNaawEEmoSeU=,vfZ2eSZnl4Fy5YoZMQtUg8IvGCI=
14,28,BgmVs5dljYAjUiKdNaawEEmoSeU=,8WcjjtBP0LO+IWcYCcp+aL7GS+c=
15,28,BgmVs5dljYAjUiKdNaawEEmoSeU=,8WcjjtBP0LO+IWcYCcp+aL7GS+c=
9,23,BgmVs5dljYAjUiKdNaawEEmoSeU=,vfZ2eSZnl4Fy5YoZMQtUg8IvGCI=
10,23,BgmVs5dljYAjUiKdNaawEEmoSeU=,vfZ2eSZnl4Fy5YoZMQtUg8IvGCI=
15,29,BgmVs5dljYAjUiKdNaawEEmoSeU=,8WcjjtBP0LO+IWcYCcp+aL7GS+c=
12,28,BgmVs5dljYAjUiKdNaawEEmoSeU=,8WcjjtBP0LO+IWcYCcp+aL7GS+c=
8,30,BgmVs5dljYAjUiKdNaawEEmoSeU=,8WcjjtBP0LO+IWcYCcp+aL7GS+c=
11,28,BgmVs5dljYAjUiKdNaawEEmoSeU=,8WcjjtBP0LO+IWcYCcp+aL7GS+c=
9,28,BgmVs5dljYAjUiKdNaawEEmoSeU=,8WcjjtBP0LO+IWcYCcp+aL7GS+c=
7,29,BgmVs5dljYAjUiKdNaawEEmoSeU=,UI5GiWp3GCWaZv/vtgA8bpSXKUA=
7,31,BgmVs5dljYAjUiKdNaawEEmoSeU=,UI5GiWp3GCWaZv/vtgA8bpSXKUA=
10,28,BgmVs5dljYAjUiKdNaawEEmoSeU=,8WcjjtBP0LO+IWcYCcp+aL7GS+c=
8,28,BgmVs5dljYAjUiKdNaawEEmoSeU=,8WcjjtBP0LO+IWcYCcp+aL7GS+c=
15,27,BgmVs5dljYAjUiKdNaawEEmoSeU=,8WcjjtBP0LO+IWcYCcp+aL7GS+c=
13,27,BgmVs5dljYAjUiKdNaawEEmoSeU=,8WcjjtBP0LO+IWcYCcp+aL7GS+c=
14,27,BgmVs5dljYAjUiKdNaawEEmoSeU=,8WcjjtBP0LO+IWcYCcp+aL7GS+c=
12,27,BgmVs5dljYAjUiKdNaawEEmoSeU=,8WcjjtBP0LO+IWcYCcp+aL7GS+c=
9,24,BgmVs5dljYAjUiKdNaawEEmoSeU=,8WcjjtBP0LO+IWcYCcp+aL7GS+c=
7,28,BgmVs5dljYAjUiKdNaawEEmoSeU=,UI5GiWp3GCWaZv/vtgA8bpSXKUA=
10,27,BgmVs5dljYAjUiKdNaawEEmoSeU=,8WcjjtBP0LO+IWcYCcp+aL7GS+c=
11,27,BgmVs5dljYAjUiKdNaawEEmoSeU=,8WcjjtBP0LO+IWcYCcp+aL7GS+c=
10,24,BgmVs5dljYAjUiKdNaawEEmoSeU=,8WcjjtBP0LO+IWcYCcp+aL7GS+c=
9,27,BgmVs5dljYAjUiKdNaawEEmoSeU=,8WcjjtBP0LO+IWcYCcp+aL7GS+c=
11,24,BgmVs5dljYAjUiKdNaawEEmoSeU=,8WcjjtBP0LO+IWcYCcp+aL7GS+c=
9,30,BgmVs5dljYAjUiKdNaawEEmoSeU=,8WcjjtBP0LO+IWcYCcp+aL7GS+c=
7,27,BgmVs5dljYAjUiKdNaawEEmoSeU=,UI5GiWp3GCWaZv/vtgA8bpSXKUA=
15,26,BgmVs5dljYAjUiKdNaawEEmoSeU=,8WcjjtBP0LO+IWcYCcp+aL7GS+c=
8,27,BgmVs5dljYAjUiKdNaawEEmoSeU=,8WcjjtBP0LO+IWcYCcp+aL7GS+c=
15,31,BgmVs5dljYAjUiKdNaawEEmoSeU=,8WcjjtBP0LO+IWcYCcp+aL7GS+c=
13,26,BgmVs5dljYAjUiKdNaawEEmoSeU=,8WcjjtBP0LO+IWcYCcp+aL7GS+c=
14,31,BgmVs5dljYAjUiKdNaawEEmoSeU=,8WcjjtBP0LO+IWcYCcp+aL7GS+c=
14,26,BgmVs5dljYAjUiKdNaawEEmoSeU=,8WcjjtBP0LO+IWcYCcp+aL7GS+c=
10,30,BgmVs5dljYAjUiKdNaawEEmoSeU=,8WcjjtBP0LO+IWcYCcp+aL7GS+c=
12,26,BgmVs5dljYAjUiKdNaawEEmoSeU=,8WcjjtBP0LO+IWcYCcp+aL7GS+c=
11,26,BgmVs5dljYAjUiKdNaawEEmoSeU=,8WcjjtBP0LO+IWcYCcp+aL7GS+c=
13,31,BgmVs5dljYAjUiKdNaawEEmoSeU=,8WcjjtBP0LO+IWcYCcp+aL7GS+c=
7,26,BgmVs5dljYAjUiKdNaawEEmoSeU=,UI5GiWp3GCWaZv/vtgA8bpSXKUA=
12,24,BgmVs5dljYAjUiKdNaawEEmoSeU=,8WcjjtBP0LO+IWcYCcp+aL7GS+c=
13,24,BgmVs5dljYAjUiKdNaawEEmoSeU=,8WcjjtBP0LO+IWcYCcp+aL7GS+c=
9,26,BgmVs5dljYAjUiKdNaawEEmoSeU=,8WcjjtBP0LO+IWcYCcp+aL7GS+c=
10,26,BgmVs5dljYAjUiKdNaawEEmoSeU=,8WcjjtBP0LO+IWcYCcp+aL7GS+c=
12,31,BgmVs5dljYAjUiKdNaawEEmoSeU=,8WcjjtBP0LO+IWcYCcp+aL7GS+c=
8,26,BgmVs5dljYAjUiKdNaawEEmoSeU=,8WcjjtBP0LO+IWcYCcp+aL7GS+c=
15,25,BgmVs5dljYAjUiKdNaawEEmoSeU=,8WcjjtBP0LO+IWcYCcp+aL7GS+c=
14,25,BgmVs5dljYAjUiKdNaawEEmoSeU=,8WcjjtBP0LO+IWcYCcp+aL7GS+c=
11,30,BgmVs5dljYAjUiKdNaawEEmoSeU=,8WcjjtBP0LO+IWcYCcp+aL7GS+c=
7,25,BgmVs5dljYAjUiKdNaawEEmoSeU=,UI5GiWp3GCWaZv/vtgA8bpSXKUA=
11,31,BgmVs5dljYAjUiKdNaawEEmoSeU=,8WcjjtBP0LO+IWcYCcp+aL7GS+c=
13,25,BgmVs5dljYAjUiKdNaawEEmoSeU=,8WcjjtBP0LO+IWcYCcp+aL7GS+c=
12,25,BgmVs5dljYAjUiKdNaawEEmoSeU=,8WcjjtBP0LO+IWcYCcp+aL7GS+c=
11,25,BgmVs5dljYAjUiKdNaawEEmoSeU=,8WcjjtBP0LO+IWcYCcp+aL7GS+c=
12,30,BgmVs5dljYAjUiKdNaawEEmoSeU=,8WcjjtBP0LO+IWcYCcp+aL7GS+c=
10,31,BgmVs5dljYAjUiKdNaawEEmoSeU=,8WcjjtBP0LO+IWcYCcp+aL7GS+c=
14,24,BgmVs5dljYAjUiKdNaawEEmoSeU=,8WcjjtBP0LO+IWcYCcp+aL7GS+c=
13,30,BgmVs5dljYAjUiKdNaawEEmoSeU=,8WcjjtBP0LO+IWcYCcp+aL7GS+c=
14,30,BgmVs5dljYAjUiKdNaawEEmoSeU=,8WcjjtBP0LO+IWcYCcp+aL7GS+c=
10,25,BgmVs5dljYAjUiKdNaawEEmoSeU=,8WcjjtBP0LO+IWcYCcp+aL7GS+c=
9,25,BgmVs5dljYAjUiKdNaawEEmoSeU=,8WcjjtBP0LO+IWcYCcp+aL7GS+c=
15,24,BgmVs5dljYAjUiKdNaawEEmoSeU=,8WcjjtBP0LO+IWcYCcp+aL7GS+c=
9,31,BgmVs5dljYAjUiKdNaawEEmoSeU=,8WcjjtBP0LO+IWcYCcp+aL7GS+c=
8,25,BgmVs5dljYAjUiKdNaawEEmoSeU=,8WcjjtBP0LO+IWcYCcp+aL7GS+c=
8,31,BgmVs5dljYAjUiKdNaawEEmoSeU=,8WcjjtBP0LO+IWcYCcp+aL7GS+c=
15,30,BgmVs5dljYAjUiKdNaawEEmoSeU=,8WcjjtBP0LO+IWcYCcp+aL7GS+c=
5,22,BgmVs5dljYAjUiKdNaawEEmoSeU=,SpA9G/ogsmiJwUxClAPEvyzbup0=
3,23,BgmVs5dljYAjUiKdNaawEEmoSeU=,SpA9G/ogsmiJwUxClAPEvyzbup0=
5,21,BgmVs5dljYAjUiKdNaawEEmoSeU=,SpA9G/ogsmiJwUxClAPEvyzbup0=
4,23,BgmVs5dljYAjUiKdNaawEEmoSeU=,SpA9G/ogsmiJwUxClAPEvyzbup0=
8,19,BgmVs5dljYAjUiKdNaawEEmoSeU=,vfZ2eSZnl4Fy5YoZMQtUg8IvGCI=
3,21,BgmVs5dljYAjUiKdNaawEEmoSeU=,SpA9G/ogsmiJwUxClAPEvyzbup0=
2,21,BgmVs5dljYAjUiKdNaawEEmoSeU=,SpA9G/ogsmiJwUxClAPEvyzbup0=
4,21,BgmVs5dljYAjUiKdNaawEEmoSeU=,SpA9G/ogsmiJwUxClAPEvyzbup0=
1,19,BgmVs5dljYAjUiKdNaawEEmoSeU=,SpA9G/ogsmiJwUxClAPEvyzbup0=
3,17,BgmVs5dljYAjUiKdNaawEEmoSeU=,SpA9G/ogsmiJwUxClAPEvyzbup0=
4,22,BgmVs5dljYAjUiKdNaawEEmoSeU=,SpA9G/ogsmiJwUxClAPEvyzbup0=
3,22,BgmVs5dljYAjUiKdNaawEEmoSeU=,SpA9G/ogsmiJwUxClAPEvyzbup0=
0,19,BgmVs5dljYAjUiKdNaawEEmoSeU=,SpA9G/ogsmiJwUxClAPEvyzbup0=
8,23,BgmVs5dljYAjUiKdNaawEEmoSeU=,vfZ2eSZnl4Fy5YoZMQtUg8IvGCI=
2,19,BgmVs5dljYAjUiKdNaawEEmoSeU=,SpA9G/ogsmiJwUxClAPEvyzbup0=
1,18,BgmVs5dljYAjUiKdNaawEEmoSeU=,SpA9G/ogsmiJwUxClAPEvyzbup0=
7,20,BgmVs5dljYAjUiKdNaawEEmoSeU=,SpA9G/ogsmiJwUxClAPEvyzbup0=
7,18,BgmVs5dljYAjUiKdNaawEEmoSeU=,SpA9G/ogsmiJwUxClAPEvyzbup0=
8,18,BgmVs5dljYAjUiKdNaawEEmoSeU=,vfZ2eSZnl4Fy5YoZMQtUg8IvGCI=
6,21,BgmVs5dljYAjUiKdNaawEEmoSeU=,SpA9G/ogsmiJwUxClAPEvyzbup0=
1,21,BgmVs5dljYAjUiKdNaawEEmoSeU=,SpA9G/ogsmiJwUxClAPEvyzbup0=
1,17,BgmVs5dljYAjUiKdNaawEEmoSeU=,SpA9G/ogsmiJwUxClAPEvyzbup0=
2,17,BgmVs5dljYAjUiKdNaawEEmoSeU=,SpA9G/ogsmiJwUxClAPEvyzbup0=
1,20,BgmVs5dljYAjUiKdNaawEEmoSeU=,SpA9G/ogsmiJwUxClAPEvyzbup0=
8,17,BgmVs5dljYAjUiKdNaawEEmoSeU=,vfZ2eSZnl4Fy5YoZMQtUg8IvGCI=
6,18,BgmVs5dljYAjUiKdNaawEEmoSeU=,SpA9G/ogsmiJwUxClAPEvyzbup0=
7,17,BgmVs5dljYAjUiKdNaawEEmoSeU=,SpA9G/ogsmiJwUxClAPEvyzbup0=
2,23,BgmVs5dljYAjUiKdNaawEEmoSeU=,SpA9G/ogsmiJwUxClAPEvyzbup0=
1,16,BgmVs5dljYAjUiKdNaawEEmoSeU=,SpA9G/ogsmiJwUxClAPEvyzbup0=
5,23,BgmVs5dljYAjUiKdNaawEEmoSeU=,SpA9G/ogsmiJwUxClAPEvyzbup0=
0,20,BgmVs5dljYAjUiKdNaawEEmoSeU=,SpA9G/ogsmiJwUxClAPEvyzbup0=
0,18,BgmVs5dljYAjUiKdNaawEEmoSeU=,SpA9G/ogsmiJwUxClAPEvyzbup0=
6,17,BgmVs5dljYAjUiKdNaawEEmoSeU=,SpA9G/ogsmiJwUxClAPEvyzbup0=
8,22,BgmVs5dljYAjUiKdNaawEEmoSeU=,vfZ2eSZnl4Fy5YoZMQtUg8IvGCI=
6,20,BgmVs5dljYAjUiKdNaawEEmoSeU=,SpA9G/ogsmiJwUxClAPEvyzbup0=
7,19,BgmVs5dljYAjUiKdNaawEEmoSeU=,SpA9G/ogsmiJwUxClAPEvyzbup0=
2,22,BgmVs5dljYAjUiKdNaawEEmoSeU=,SpA9G/ogsmiJwUxClAPEvyzbup0=
6,19,BgmVs5dljYAjUiKdNaawEEmoSeU=,SpA9G/ogsmiJwUxClAPEvyzbup0=
5,17,BgmVs5dljYAjUiKdNaawEEmoSeU=,SpA9G/ogsmiJwUxClAPEvyzbup0=
8,24,BgmVs5dljYAjUiKdNaawEEmoSeU=,8WcjjtBP0LO+IWcYCcp+aL7GS+c=
8,16,BgmVs5dljYAjUiKdNaawEEmoSeU=,vfZ2eSZnl4Fy5YoZMQtUg8IvGCI=
7,16,BgmVs5dljYAjUiKdNaawEEmoSeU=,SpA9G/ogsmiJwUxClAPEvyzbup0=
3,16,BgmVs5dljYAjUiKdNaawEEmoSeU=,SpA9G/ogsmiJwUxClAPEvyzbup0=
1,23,BgmVs5dljYAjUiKdNaawEEmoSeU=,SpA9G/ogsmiJwUxClAPEvyzbup0=
1,22,BgmVs5dljYAjUiKdNaawEEmoSeU=,SpA9G/ogsmiJwUxClAPEvyzbup0=
7,21,BgmVs5dljYAjUiKdNaawEEmoSeU=,SpA9G/ogsmiJwUxClAPEvyzbup0=
8,21,BgmVs5dljYAjUiKdNaawEEmoSeU=,vfZ2eSZnl4Fy5YoZMQtUg8IvGCI=
5,19,BgmVs5dljYAjUiKdNaawEEmoSeU=,SpA9G/ogsmiJwUxClAPEvyzbup0=
0,17,BgmVs5dljYAjUiKdNaawEEmoSeU=,SpA9G/ogsmiJwUxClAPEvyzbup0=
0,22,BgmVs5dljYAjUiKdNaawEEmoSeU=,SpA9G/ogsmiJwUxClAPEvyzbup0=
6,23,BgmVs5dljYAjUiKdNaawEEmoSeU=,SpA9G/ogsmiJwUxClAPEvyzbup0=
0,23,BgmVs5dljYAjUiKdNaawEEmoSeU=,SpA9G/ogsmiJwUxClAPEvyzbup0=
5,20,BgmVs5dljYAjUiKdNaawEEmoSeU=,SpA9G/ogsmiJwUxClAPEvyzbup0=
7,23,BgmVs5dljYAjUiKdNaawEEmoSeU=,SpA9G/ogsmiJwUxClAPEvyzbup0=
2,16,BgmVs5dljYAjUiKdNaawEEmoSeU=,SpA9G/ogsmiJwUxClAPEvyzbup0=
5,16,BgmVs5dljYAjUiKdNaawEEmoSeU=,SpA9G/ogsmiJwUxClAPEvyzbup0=
4,19,BgmVs5dljYAjUiKdNaawEEmoSeU=,SpA9G/ogsmiJwUxClAPEvyzbup0=
6,16,BgmVs5dljYAjUiKdNaawEEmoSeU=,SpA9G/ogsmiJwUxClAPEvyzbup0=
5,18,BgmVs5dljYAjUiKdNaawEEmoSeU=,SpA9G/ogsmiJwUxClAPEvyzbup0=
3,18,BgmVs5dljYAjUiKdNaawEEmoSeU=,SpA9G/ogsmiJwUxClAPEvyzbup0=
7,22,BgmVs5dljYAjUiKdNaawEEmoSeU=,SpA9G/ogsmiJwUxClAPEvyzbup0=
4,18,BgmVs5dljYAjUiKdNaawEEmoSeU=,SpA9G/ogsmiJwUxClAPEvyzbup0=
4,17,BgmVs5dljYAjUiKdNaawEEmoSeU=,SpA9G/ogsmiJwUxClAPEvyzbup0=
7,24,BgmVs5dljYAjUiKdNaawEEmoSeU=,UI5GiWp3GCWaZv/vtgA8bpSXKUA=
3,19,BgmVs5dljYAjUiKdNaawEEmoSeU=,SpA9G/ogsmiJwUxClAPEvyzbup0=
4,20,BgmVs5dljYAjUiKdNaawEEmoSeU=,SpA9G/ogsmiJwUxClAPEvyzbup0=
3,20,BgmVs5dljYAjUiKdNaawEEmoSeU=,SpA9G/ogsmiJwUxClAPEvyzbup0=
8,20,BgmVs5dljYAjUiKdNaawEEmoSeU=,vfZ2eSZnl4Fy5YoZMQtUg8IvGCI=
0,16,BgmVs5dljYAjUiKdNaawEEmoSeU=,SpA9G/ogsmiJwUxClAPEvyzbup0=
2,20,BgmVs5dljYAjUiKdNaawEEmoSeU=,SpA9G/ogsmiJwUxClAPEvyzbup0=
4,16,BgmVs5dljYAjUiKdNaawEEmoSeU=,SpA9G/ogsmiJwUxClAPEvyzbup0=
6,24,BgmVs5dljYAjUiKdNaawEEmoSeU=,UI5GiWp3GCWaZv/vtgA8bpSXKUA=
4,24,BgmVs5dljYAjUiKdNaawEEmoSeU=,UI5GiWp3GCWaZv/vtgA8bpSXKUA=
5,24,BgmVs5dljYAjUiKdNaawEEmoSeU=,UI5GiWp3GCWaZv/vtgA8bpSXKUA=
6,22,BgmVs5dljYAjUiKdNaawEEmoSeU=,SpA9G/ogsmiJwUxClAPEvyzbup0=
3,24,BgmVs5dljYAjUiKdNaawEEmoSeU=,UI5GiWp3GCWaZv/vtgA8bpSXKUA=
2,24,BgmVs5dljYAjUiKdNaawEEmoSeU=,UI5GiWp3GCWaZv/vtgA8bpSXKUA=
0,24,BgmVs5dljYAjUiKdNaawEEmoSeU=,UI5GiWp3GCWaZv/vtgA8bpSXKUA=
1,24,BgmVs5dljYAjUiKdNaawEEmoSeU=,UI5GiWp3GCWaZv/vtgA8bpSXKUA=
0,21,BgmVs5dljYAjUiKdNaawEEmoSeU=,SpA9G/ogsmiJwUxClAPEvyzbup0=
2,18,BgmVs5dljYAjUiKdNaawEEmoSeU=,SpA9G/ogsmiJwUxClAPEvyzbup0=
28,27,6yJ/H+ed0RTVWokEoNFP/4IMD8w=,UEz6QWg+v13ZhO6BVkUajxPStNg=
27,27,6yJ/H+ed0RTVWokEoNFP/4IMD8w=,UEz6QWg+v13ZhO6BVkUajxPStNg=
26,27,6yJ/H+ed0RTVWokEoNFP/4IMD8w=,UEz6QWg+v13ZhO6BVkUajxPStNg=
29,27,6yJ/H+ed0RTVWokEoNFP/4IMD8w=,UEz6QWg+v13ZhO6BVkUajxPStNg=
30,27,6yJ/H+ed0RTVWokEoNFP/4IMD8w=,UEz6QWg+v13ZhO6BVkUajxPStNg=
25,27,6yJ/H+ed0RTVWokEoNFP/4IMD8w=,UEz6QWg+v13ZhO6BVkUajxPStNg=
30,26,6yJ/H+ed0RTVWokEoNFP/4IMD8w=,UEz6QWg+v13ZhO6BVkUajxPStNg=
25,28,6yJ/H+ed0RTVWokEoNFP/4IMD8w=,UEz6QWg+v13ZhO6BVkUajxPStNg=
30,30,6yJ/H+ed0RTVWokEoNFP/4IMD8w=,UEz6QWg+v13ZhO6BVkUajxPStNg=
29,30,6yJ/H+ed0RTVWokEoNFP/4IMD8w=,UEz6QWg+v13ZhO6BVkUajxPStNg=
29,26,6yJ/H+ed0RTVWokEoNFP/4IMD8w=,UEz6QWg+v13ZhO6BVkUajxPStNg=
28,26,6yJ/H+ed0RTVWokEoNFP/4IMD8w=,UEz6QWg+v13ZhO6BVkUajxPStNg=
25,26,6yJ/H+ed0RTVWokEoNFP/4IMD8w=,UEz6QWg+v13ZhO6BVkUajxPStNg=
26,28,6yJ/H+ed0RTVWokEoNFP/4IMD8w=,UEz6QWg+v13ZhO6BVkUajxPStNg=
27,26,6yJ/H+ed0RTVWokEoNFP/4IMD8w=,UEz6QWg+v13ZhO6BVkUajxPStNg=
26,30,6yJ/H+ed0RTVWokEoNFP/4IMD8w=,UEz6QWg+v13ZhO6BVkUajxPStNg=
26,26,6yJ/H+ed0RTVWokEoNFP/4IMD8w=,UEz6QWg+v13ZhO6BVkUajxPStNg=
25,30,6yJ/H+ed0RTVWokEoNFP/4IMD8w=,UEz6QWg+v13ZhO6BVkUajxPStNg=
30,29,6yJ/H+ed0RTVWokEoNFP/4IMD8w=,UEz6QWg+v13ZhO6BVkUajxPStNg=
29,29,6yJ/H+ed0RTVWokEoNFP/4IMD8w=,UEz6QWg+v13ZhO6BVkUajxPStNg=
30,25,6yJ/H+ed0RTVWokEoNFP/4IMD8w=,UEz6QWg+v13ZhO6BVkUajxPStNg=
27,28,6yJ/H+ed0RTVWokEoNFP/4IMD8w=,UEz6QWg+v13ZhO6BVkUajxPStNg=
29,25,6yJ/H+ed0RTVWokEoNFP/4IMD8w=,UEz6QWg+v13ZhO6BVkUajxPStNg=
27,30,6yJ/H+ed0RTVWokEoNFP/4IMD8w=,UEz6QWg+v13ZhO6BVkUajxPStNg=
28,28,6yJ/H+ed0RTVWokEoNFP/4IMD8w=,UEz6QWg+v13ZhO6BVkUajxPStNg=
29,28,6yJ/H+ed0RTVWokEoNFP/4IMD8w=,UEz6QWg+v13ZhO6BVkUajxPStNg=
30,28,6yJ/H+ed0RTVWokEoNFP/4IMD8w=,UEz6QWg+v13ZhO6BVkUajxPStNg=
28,30,6yJ/H+ed0RTVWokEoNFP/4IMD8w=,UEz6QWg+v13ZhO6BVkUajxPStNg=
28,25,6yJ/H+ed0RTVWokEoNFP/4IMD8w=,UEz6QWg+v13ZhO6BVkUajxPStNg=
25,29,6yJ/H+ed0RTVWokEoNFP/4IMD8w=,UEz6QWg+v13ZhO6BVkUajxPStNg=
26,25,6yJ/H+ed0RTVWokEoNFP/4IMD8w=,UEz6QWg+v13ZhO6BVkUajxPStNg=
28,29,6yJ/H+ed0RTVWokEoNFP/4IMD8w=,UEz6QWg+v13ZhO6BVkUajxPStNg=
27,25,6yJ/H+ed0RTVWokEoNFP/4IMD8w=,UEz6QWg+v13ZhO6BVkUajxPStNg=
25,25,6yJ/H+ed0RTVWokEoNFP/4IMD8w=,UEz6QWg+v13ZhO6BVkUajxPStNg=
27,29,6yJ/H+ed0RTVWokEoNFP/4IMD8w=,UEz6QWg+v13ZhO6BVkUajxPStNg=
26,29,6yJ/H+ed0RTVWokEoNFP/4IMD8w=,UEz6QWg+v13ZhO6BVkUajxPStNg=
31,27,6yJ/H+ed0RTVWokEoNFP/4IMD8w=,UEz6QWg+v13ZhO6BVkUajxPStNg=
31,28,6yJ/H+ed0RTVWokEoNFP/4IMD8w=,UEz6QWg+v13ZhO6BVkUajxPStNg=
31,29,6yJ/H+ed0RTVWokEoNFP/4IMD8w=,UEz6QWg+v13ZhO6BVkUajxPStNg=
31,26,6yJ/H+ed0RTVWokEoNFP/4IMD8w=,UEz6QWg+v13ZhO6BVkUajxPStNg=
31,30,6yJ/H+ed0RTVWokEoNFP/4IMD8w=,UEz6QWg+v13ZhO6BVkUajxPStNg=
31,25,6yJ/H+ed0RTVWokEoNFP/4IMD8w=,UEz6QWg+v13ZhO6BVkUajxPStNg=
28,19,6yJ/H+ed0RTVWokEoNFP/4IMD8w=,yadu+eZgshAisGpALas7p9uSIgY=
27,19,6yJ/H+ed0RTVWokEoNFP/4IMD8w=,yadu+eZgshAisGpALas7p9uSIgY=
31,23,6yJ/H+ed0RTVWokEoNFP/4IMD8w=,yadu+eZgshAisGpALas7p9uSIgY=
26,19,6yJ/H+ed0RTVWokEoNFP/4IMD8w=,yadu+eZgshAisGpALas7p9uSIgY=
29,23,6yJ/H+ed0RTVWokEoNFP/4IMD8w=,yadu+eZgshAisGpALas7p9uSIgY=
30,23,6yJ/H+ed0RTVWokEoNFP/4IMD8w=,yadu+eZgshAisGpALas7p9uSIgY=
28,23,qgmzVqQCb2FitPbSsnXhfvlE4NE=,yadu+eZgshAisGpALas7p9uSIgY=
29,22,qgmzVqQCb2FitPbSsnXhfvlE4NE=,yadu+eZgshAisGpALas7p9uSIgY=
25,23,qgmzVqQCb2FitPbSsnXhfvlE4NE=,yadu+eZgshAisGpALas7p9uSIgY=
31,22,qgmzVqQCb2FitPbSsnXhfvlE4NE=,yadu+eZgshAisGpALas7p9uSIgY=
25,19,qgmzVqQCb2FitPbSsnXhfvlE4NE=,yadu+eZgshAisGpALas7p9uSIgY=
26,23,qgmzVqQCb2FitPbSsnXhfvlE4NE=,yadu+eZgshAisGpALas7p9uSIgY=
26,18,qgmzVqQCb2FitPbSsnXhfvlE4NE=,yadu+eZgshAisGpALas7p9uSIgY=
27,23,qgmzVqQCb2FitPbSsnXhfvlE4NE=,yadu+eZgshAisGpALas7p9uSIgY=
30,22,qgmzVqQCb2FitPbSsnXhfvlE4NE=,yadu+eZgshAisGpALas7p9uSIgY=
29,18,qgmzVqQCb2FitPbSsnXhfvlE4NE=,yadu+eZgshAisGpALas7p9uSIgY=
28,22,qgmzVqQCb2FitPbSsnXhfvlE4NE=,yadu+eZgshAisGpALas7p9uSIgY=
29,17,qgmzVqQCb2FitPbSsnXhfvlE4NE=,yadu+eZgshAisGpALas7p9uSIgY=
28,17,qgmzVqQCb2FitPbSsnXhfvlE4NE=,yadu+eZgshAisGpALas7p9uSIgY=
30,17,qgmzVqQCb2FitPbSsnXhfvlE4NE=,yadu+eZgshAisGpALas7p9uSIgY=
27,18,qgmzVqQCb2FitPbSsnXhfvlE4NE=,yadu+eZgshAisGpALas7p9uSIgY=
31,17,qgmzVqQCb2FitPbSsnXhfvlE4NE=,yadu+eZgshAisGpALas7p9uSIgY=
30,16,qgmzVqQCb2FitPbSsnXhfvlE4NE=,yadu+eZgshAisGpALas7p9uSIgY=
31,24,qgmzVqQCb2FitPbSsnXhfvlE4NE=,UEz6QWg+v13ZhO6BVkUajxPStNg=
29,16,qgmzVqQCb2FitPbSsnXhfvlE4NE=,yadu+eZgshAisGpALas7p9uSIgY=
30,24,qgmzVqQCb2FitPbSsnXhfvlE4NE=,UEz6QWg+v13ZhO6BVkUajxPStNg=
28,18,qgmzVqQCb2FitPbSsnXhfvlE4NE=,yadu+eZgshAisGpALas7p9uSIgY=
27,17,qgmzVqQCb2FitPbSsnXhfvlE4NE=,yadu+eZgshAisGpALas7p9uSIgY=
25,18,qgmzVqQCb2FitPbSsnXhfvlE4NE=,yadu+eZgshAisGpALas7p9uSIgY=
28,16,qgmzVqQCb2FitPbSsnXhfvlE4NE=,yadu+eZgshAisGpALas7p9uSIgY=
27,22,qgmzVqQCb2FitPbSsnXhfvlE4NE=,yadu+eZgshAisGpALas7p9uSIgY=
27,16,qgmzVqQCb2FitPbSsnXhfvlE4NE=,yadu+eZgshAisGpALas7p9uSIgY=
31,21,qgmzVqQCb2FitPbSsnXhfvlE4NE=,yadu+eZgshAisGpALas7p9uSIgY=
29,24,qgmzVqQCb2FitPbSsnXhfvlE4NE=,UEz6QWg+v13ZhO6BVkUajxPStNg=
26,17,qgmzVqQCb2FitPbSsnXhfvlE4NE=,yadu+eZgshAisGpALas7p9uSIgY=
26,22,qgmzVqQCb2FitPbSsnXhfvlE4NE=,yadu+eZgshAisGpALas7p9uSIgY=
28,24,qgmzVqQCb2FitPbSsnXhfvlE4NE=,UEz6QWg+v13ZhO6BVkUajxPStNg=
30,21,qgmzVqQCb2FitPbSsnXhfvlE4NE=,yadu+eZgshAisGpALas7p9uSIgY=
25,22,qgmzVqQCb2FitPbSsnXhfvlE4NE=,yadu+eZgshAisGpALas7p9uSIgY=
25,17,qgmzVqQCb2FitPbSsnXhfvlE4NE=,yadu+eZgshAisGpALas7p9uSIgY=
26,16,qgmzVqQCb2FitPbSsnXhfvlE4NE=,yadu+eZgshAisGpALas7p9uSIgY=
27,21,qgmzVqQCb2FitPbSsnXhfvlE4NE=,yadu+eZgshAisGpALas7p9uSIgY=
25,24,qgmzVqQCb2FitPbSsnXhfvlE4NE=,UEz6QWg+v13ZhO6BVkUajxPStNg=
25,16,qgmzVqQCb2FitPbSsnXhfvlE4NE=,yadu+eZgshAisGpALas7p9uSIgY=
28,21,qgmzVqQCb2FitPbSsnXhfvlE4NE=,yadu+eZgshAisGpALas7p9uSIgY=
29,21,qgmzVqQCb2FitPbSsnXhfvlE4NE=,yadu+eZgshAisGpALas7p9uSIgY=
25,21,qgmzVqQCb2FitPbSsnXhfvlE4NE=,yadu+eZgshAisGpALas7p9uSIgY=
26,24,qgmzVqQCb2FitPbSsnXhfvlE4NE=,UEz6QWg+v13ZhO6BVkUajxPStNg=
27,24,qgmzVqQCb2FitPbSsnXhfvlE4NE=,UEz6QWg+v13ZhO6BVkUajxPStNg=
31,20,qgmzVqQCb2FitPbSsnXhfvlE4NE=,yadu+eZgshAisGpALas7p9uSIgY=
30,20,qgmzVqQCb2FitPbSsnXhfvlE4NE=,yadu+eZgshAisGpALas7p9uSIgY=
31,16,qgmzVqQCb2FitPbSsnXhfvlE4NE=,yadu+eZgshAisGpALas7p9uSIgY=
28,20,qgmzVqQCb2FitPbSsnXhfvlE4NE=,yadu+eZgshAisGpALas7p9uSIgY=
31,19,qgmzVqQCb2FitPbSsnXhfvlE4NE=,yadu+eZgshAisGpALas7p9uSIgY=
26,21,qgmzVqQCb2FitPbSsnXhfvlE4NE=,yadu+eZgshAisGpALas7p9uSIgY=
30,19,qgmzVqQCb2FitPbSsnXhfvlE4NE=,yadu+eZgshAisGpALas7p9uSIgY=
27,20,qgmzVqQCb2FitPbSsnXhfvlE4NE=,yadu+eZgshAisGpALas7p9uSIgY=
25,20,qgmzVqQCb2FitPbSsnXhfvlE4NE=,yadu+eZgshAisGpALas7p9uSIgY=
29,20,qgmzVqQCb2FitPbSsnXhfvlE4NE=,yadu+eZgshAisGpALas7p9uSIgY=
26,20,qgmzVqQCb2FitPbSsnXhfvlE4NE=,yadu+eZgshAisGpALas7p9uSIgY=
29,19,qgmzVqQCb2FitPbSsnXhfvlE4NE=,yadu+eZgshAisGpALas7p9uSIgY=
25,31,6yJ/H+ed0RTVWokEoNFP/4IMD8w=,UEz6QWg+v13ZhO6BVkUajxPStNg=
30,18,qgmzVqQCb2FitPbSsnXhfvlE4NE=,yadu+eZgshAisGpALas7p9uSIgY=
31,31,6yJ/H+ed0RTVWokEoNFP/4IMD8w=,UEz6QWg+v13ZhO6BVkUajxPStNg=
30,31,6yJ/H+ed0RTVWokEoNFP/4IMD8w=,UEz6QWg+v13ZhO6BVkUajxPStNg=
26,31,6yJ/H+ed0RTVWokEoNFP/4IMD8w=,UEz6QWg+v13ZhO6BVkUajxPStNg=
29,31,6yJ/H+ed0RTVWokEoNFP/4IMD8w=,UEz6QWg+v13ZhO6BVkUajxPStNg=
27,31,6yJ/H+ed0RTVWokEoNFP/4IMD8w=,UEz6QWg+v13ZhO6BVkUajxPStNg=
28,31,6yJ/H+ed0RTVWokEoNFP/4IMD8w=,UEz6QWg+v13ZhO6BVkUajxPStNg=
31,18,qgmzVqQCb2FitPbSsnXhfvlE4NE=,yadu+eZgshAisGpALas7p9uSIgY=
19,27,qgmzVqQCb2FitPbSsnXhfvlE4NE=,U2IEUoLoEBr40/6bFiVnUEVtDrg=
20,27,qgmzVqQCb2FitPbSsnXhfvlE4NE=,U2IEUoLoEBr40/6bFiVnUEVtDrg=
21,27,qgmzVqQCb2FitPbSsnXhfvlE4NE=,U2IEUoLoEBr40/6bFiVnUEVtDrg=
23,31,qgmzVqQCb2FitPbSsnXhfvlE4NE=,U2IEUoLoEBr40/6bFiVnUEVtDrg=
22,27,qgmzVqQCb2FitPbSsnXhfvlE4NE=,U2IEUoLoEBr40/6bFiVnUEVtDrg=
16,27,qgmzVqQCb2FitPbSsnXhfvlE4NE=,U2IEUoLoEBr40/6bFiVnUEVtDrg=
17,27,qgmzVqQCb2FitPbSsnXhfvlE4NE=,U2IEUoLoEBr40/6bFiVnUEVtDrg=
23,26,qgmzVqQCb2FitPbSsnXhfvlE4NE=,U2IEUoLoEBr40/6bFiVnUEVtDrg=
18,27,qgmzVqQCb2FitPbSsnXhfvlE4NE=,U2IEUoLoEBr40/6bFiVnUEVtDrg=
23,27,qgmzVqQCb2FitPbSsnXhfvlE4NE=,U2IEUoLoEBr40/6bFiVnUEVtDrg=
22,26,qgmzVqQCb2FitPbSsnXhfvlE4NE=,U2IEUoLoEBr40/6bFiVnUEVtDrg=
22,31,qgmzVqQCb2FitPbSsnXhfvlE4NE=,U2IEUoLoEBr40/6bFiVnUEVtDrg=
16,28,qgmzVqQCb2FitPbSsnXhfvlE4NE=,U2IEUoLoEBr40/6bFiVnUEVtDrg=
21,26,qgmzVqQCb2FitPbSsnXhfvlE4NE=,U2IEUoLoEBr40/6bFiVnUEVtDrg=
21,31,qgmzVqQCb2FitPbSsnXhfvlE4NE=,U2IEUoLoEBr40/6bFiVnUEVtDrg=
17,28,qgmzVqQCb2FitPbSsnXhfvlE4NE=,U2IEUoLoEBr40/6bFiVnUEVtDrg=
20,26,qgmzVqQCb2FitPbSsnXhfvlE4NE=,U2IEUoLoEBr40/6bFiVnUEVtDrg=
19,26,qgmzVqQCb2FitPbSsnXhfvlE4NE=,U2IEUoLoEBr40/6bFiVnUEVtDrg=
24,31,qgmzVqQCb2FitPbSsnXhfvlE4NE=,UEz6QWg+v13ZhO6BVkUajxPStNg=
18,28,qgmzVqQCb2FitPbSsnXhfvlE4NE=,U2IEUoLoEBr40/6bFiVnUEVtDrg=
18,26,qgmzVqQCb2FitPbSsnXhfvlE4NE=,U2IEUoLoEBr40/6bFiVnUEVtDrg=
24,30,qgmzVqQCb2FitPbSsnXhfvlE4NE=,UEz6QWg+v13ZhO6BVkUajxPStNg=
17,26,qgmzVqQCb2FitPbSsnXhfvlE4NE=,U2IEUoLoEBr40/6bFiVnUEVtDrg=
19,31,qgmzVqQCb2FitPbSsnXhfvlE4NE=,U2IEUoLoEBr40/6bFiVnUEVtDrg=
23,25,qgmzVqQCb2FitPbSsnXhfvlE4NE=,U2IEUoLoEBr40/6bFiVnUEVtDrg=
16,26,qgmzVqQCb2FitPbSsnXhfvlE4NE=,U2IEUoLoEBr40/6bFiVnUEVtDrg=
24,26,qgmzVqQCb2FitPbSsnXhfvlE4NE=,UEz6QWg+v13ZhO6BVkUajxPStNg=
18,31,qgmzVqQCb2FitPbSsnXhfvlE4NE=,U2IEUoLoEBr40/6bFiVnUEVtDrg=
23,30,qgmzVqQCb2FitPbSsnXhfvlE4NE=,U2IEUoLoEBr40/6bFiVnUEVtDrg=
24,27,qgmzVqQCb2FitPbSsnXhfvlE4NE=,UEz6QWg+v13ZhO6BVkUajxPStNg=
24,28,qgmzVqQCb2FitPbSsnXhfvlE4NE=,UEz6QWg+v13ZhO6BVkUajxPStNg=
16,31,qgmzVqQCb2FitPbSsnXhfvlE4NE=,U2IEUoLoEBr40/6bFiVnUEVtDrg=
22,25,qgmzVqQCb2FitPbSsnXhfvlE4NE=,U2IEUoLoEBr40/6bFiVnUEVtDrg=
24,25,qgmzVqQCb2FitPbSsnXhfvlE4NE=,UEz6QWg+v13ZhO6BVkUajxPStNg=
19,25,qgmzVqQCb2FitPbSsnXhfvlE4NE=,U2IEUoLoEBr40/6bFiVnUEVtDrg=
17,31,qgmzVqQCb2FitPbSsnXhfvlE4NE=,U2IEUoLoEBr40/6bFiVnUEVtDrg=
20,25,qgmzVqQCb2FitPbSsnXhfvlE4NE=,U2IEUoLoEBr40/6bFiVnUEVtDrg=
22,30,qgmzVqQCb2FitPbSsnXhfvlE4NE=,U2IEUoLoEBr40/6bFiVnUEVtDrg=
21,25,qgmzVqQCb2FitPbSsnXhfvlE4NE=,U2IEUoLoEBr40/6bFiVnUEVtDrg=
19,28,qgmzVqQCb2FitPbSsnXhfvlE4NE=,U2IEUoLoEBr40/6bFiVnUEVtDrg=
21,30,qgmzVqQCb2FitPbSsnXhfvlE4NE=,U2IEUoLoEBr40/6bFiVnUEVtDrg=
19,30,qgmzVqQCb2FitPbSsnXhfvlE4NE=,U2IEUoLoEBr40/6bFiVnUEVtDrg=
20,30,qgmzVqQCb2FitPbSsnXhfvlE4NE=,U2IEUoLoEBr40/6bFiVnUEVtDrg=
18,25,qgmzVqQCb2FitPbSsnXhfvlE4NE=,U2IEUoLoEBr40/6bFiVnUEVtDrg=
22,29,qgmzVqQCb2FitPbSsnXhfvlE4NE=,U2IEUoLoEBr40/6bFiVnUEVtDrg=
18,30,qgmzVqQCb2FitPbSsnXhfvlE4NE=,U2IEUoLoEBr40/6bFiVnUEVtDrg=
23,29,qgmzVqQCb2FitPbSsnXhfvlE4NE=,U2IEUoLoEBr40/6bFiVnUEVtDrg=
17,30,qgmzVqQCb2FitPbSsnXhfvlE4NE=,U2IEUoLoEBr40/6bFiVnUEVtDrg=
16,30,qgmzVqQCb2FitPbSsnXhfvlE4NE=,U2IEUoLoEBr40/6bFiVnUEVtDrg=
17,25,qgmzVqQCb2FitPbSsnXhfvlE4NE=,U2IEUoLoEBr40/6bFiVnUEVtDrg=
24,29,qgmzVqQCb2FitPbSsnXhfvlE4NE=,UEz6QWg+v13ZhO6BVkUajxPStNg=
20,28,qgmzVqQCb2FitPbSsnXhfvlE4NE=,U2IEUoLoEBr40/6bFiVnUEVtDrg=
17,29,qgmzVqQCb2FitPbSsnXhfvlE4NE=,U2IEUoLoEBr40/6bFiVnUEVtDrg=
16,25,qgmzVqQCb2FitPbSsnXhfvlE4NE=,U2IEUoLoEBr40/6bFiVnUEVtDrg=
19,29,qgmzVqQCb2FitPbSsnXhfvlE4NE=,U2IEUoLoEBr40/6bFiVnUEVtDrg=
18,29,qgmzVqQCb2FitPbSsnXhfvlE4NE=,U2IEUoLoEBr40/6bFiVnUEVtDrg=
21,29,qgmzVqQCb2FitPbSsnXhfvlE4NE=,U2IEUoLoEBr40/6bFiVnUEVtDrg=
20,29,qgmzVqQCb2FitPbSsnXhfvlE4NE=,U2IEUoLoEBr40/6bFiVnUEVtDrg=
23,28,qgmzVqQCb2FitPbSsnXhfvlE4NE=,U2IEUoLoEBr40/6bFiVnUEVtDrg=
22,28,qgmzVqQCb2FitPbSsnXhfvlE4NE=,U2IEUoLoEBr40/6bFiVnUEVtDrg=
16,29,qgmzVqQCb2FitPbSsnXhfvlE4NE=,U2IEUoLoEBr40/6bFiVnUEVtDrg=
20,31,qgmzVqQCb2FitPbSsnXhfvlE4NE=,U2IEUoLoEBr40/6bFiVnUEVtDrg=
21,28,qgmzVqQCb2FitPbSsnXhfvlE4NE=,U2IEUoLoEBr40/6bFiVnUEVtDrg=
24,23,qgmzVqQCb2FitPbSsnXhfvlE4NE=,yadu+eZgshAisGpALas7p9uSIgY=
21,20,qgmzVqQCb2FitPbSsnXhfvlE4NE=,8LfH20ee8bpMDPH6evN6omMKxAg=
21,19,qgmzVqQCb2FitPbSsnXhfvlE4NE=,8LfH20ee8bpMDPH6evN6omMKxAg=
20,20,qgmzVqQCb2FitPbSsnXhfvlE4NE=,8LfH20ee8bpMDPH6evN6omMKxAg=
20,21,qgmzVqQCb2FitPbSsnXhfvlE4NE=,8LfH20ee8bpMDPH6evN6omMKxAg=
23,18,qgmzVqQCb2FitPbSsnXhfvlE4NE=,8LfH20ee8bpMDPH6evN6omMKxAg=
18,21,qgmzVqQCb2FitPbSsnXhfvlE4NE=,8LfH20ee8bpMDPH6evN6omMKxAg=
21,21,qgmzVqQCb2FitPbSsnXhfvlE4NE=,8LfH20ee8bpMDPH6evN6omMKxAg=
20,19,qgmzVqQCb2FitPbSsnXhfvlE4NE=,8LfH20ee8bpMDPH6evN6omMKxAg=
24,19,qgmzVqQCb2FitPbSsnXhfvlE4NE=,yadu+eZgshAisGpALas7p9uSIgY=
23,24,qgmzVqQCb2FitPbSsnXhfvlE4NE=,U2IEUoLoEBr40/6bFiVnUEVtDrg=
19,21,qgmzVqQCb2FitPbSsnXhfvlE4NE=,8LfH20ee8bpMDPH6evN6omMKxAg=
22,24,qgmzVqQCb2FitPbSsnXhfvlE4NE=,U2IEUoLoEBr40/6bFiVnUEVtDrg=
17,21,qgmzVqQCb2FitPbSsnXhfvlE4NE=,8LfH20ee8bpMDPH6evN6omMKxAg=
24,22,qgmzVqQCb2FitPbSsnXhfvlE4NE=,yadu+eZgshAisGpALas7p9uSIgY=
24,18,qgmzVqQCb2FitPbSsnXhfvlE4NE=,yadu+eZgshAisGpALas7p9uSIgY=
16,21,qgmzVqQCb2FitPbSsnXhfvlE4NE=,8LfH20ee8bpMDPH6evN6omMKxAg=
24,24,qgmzVqQCb2FitPbSsnXhfvlE4NE=,UEz6QWg+v13ZhO6BVkUajxPStNg=
22,21,qgmzVqQCb2FitPbSsnXhfvlE4NE=,8LfH20ee8bpMDPH6evN6omMKxAg=
21,24,qgmzVqQCb2FitPbSsnXhfvlE4NE=,U2IEUoLoEBr40/6bFiVnUEVtDrg=
24,17,qgmzVqQCb2FitPbSsnXhfvlE4NE=,yadu+eZgshAisGpALas7p9uSIgY=
19,19,qgmzVqQCb2FitPbSsnXhfvlE4NE=,8LfH20ee8bpMDPH6evN6omMKxAg=
24,16,qgmzVqQCb2FitPbSsnXhfvlE4NE=,yadu+eZgshAisGpALas7p9uSIgY=
20,24,qgmzVqQCb2FitPbSsnXhfvlE4NE=,U2IEUoLoEBr40/6bFiVnUEVtDrg=
20,17,qgmzVqQCb2FitPbSsnXhfvlE4NE=,8LfH20ee8bpMDPH6evN6omMKxAg=
22,17,qgmzVqQCb2FitPbSsnXhfvlE4NE=,8LfH20ee8bpMDPH6evN6omMKxAg=
21,17,qgmzVqQCb2FitPbSsnXhfvlE4NE=,8LfH20ee8bpMDPH6evN6omMKxAg=
23,17,qgmzVqQCb2FitPbSsnXhfvlE4NE=,8LfH20ee8bpMDPH6evN6omMKxAg=
23,21,qgmzVqQCb2FitPbSsnXhfvlE4NE=,8LfH20ee8bpMDPH6evN6omMKxAg=
18,19,qgmzVqQCb2FitPbSsnXhfvlE4NE=,8LfH20ee8bpMDPH6evN6omMKxAg=
19,16,qgmzVqQCb2FitPbSsnXhfvlE4NE=,8LfH20ee8bpMDPH6evN6omMKxAg=
24,21,qgmzVqQCb2FitPbSsnXhfvlE4NE=,yadu+eZgshAisGpALas7p9uSIgY=
17,19,qgmzVqQCb2FitPbSsnXhfvlE4NE=,8LfH20ee8bpMDPH6evN6omMKxAg=
23,20,qgmzVqQCb2FitPbSsnXhfvlE4NE=,8LfH20ee8bpMDPH6evN6omMKxAg=
19,24,qgmzVqQCb2FitPbSsnXhfvlE4NE=,U2IEUoLoEBr40/6bFiVnUEVtDrg=
18,24,qgmzVqQCb2FitPbSsnXhfvlE4NE=,U2IEUoLoEBr40/6bFiVnUEVtDrg=
17,24,qgmzVqQCb2FitPbSsnXhfvlE4NE=,U2IEUoLoEBr40/6bFiVnUEVtDrg=
19,17,qgmzVqQCb2FitPbSsnXhfvlE4NE=,8LfH20ee8bpMDPH6evN6omMKxAg=
18,17,qgmzVqQCb2FitPbSsnXhfvlE4NE=,8LfH20ee8bpMDPH6evN6omMKxAg=
16,18,qgmzVqQCb2FitPbSsnXhfvlE4NE=,8LfH20ee8bpMDPH6evN6omMKxAg=
22,18,qgmzVqQCb2FitPbSsnXhfvlE4NE=,8LfH20ee8bpMDPH6evN6omMKxAg=
18,16,qgmzVqQCb2FitPbSsnXhfvlE4NE=,8LfH20ee8bpMDPH6evN6omMKxAg=
17,17,qgmzVqQCb2FitPbSsnXhfvlE4NE=,8LfH20ee8bpMDPH6evN6omMKxAg=
17,16,qgmzVqQCb2FitPbSsnXhfvlE4NE=,8LfH20ee8bpMDPH6evN6omMKxAg=
22,16,qgmzVqQCb2FitPbSsnXhfvlE4NE=,8LfH20ee8bpMDPH6evN6omMKxAg=
16,17,qgmzVqQCb2FitPbSsnXhfvlE4NE=,8LfH20ee8bpMDPH6evN6omMKxAg=
21,18,qgmzVqQCb2FitPbSsnXhfvlE4NE=,8LfH20ee8bpMDPH6evN6omMKxAg=
21,16,qgmzVqQCb2FitPbSsnXhfvlE4NE=,8LfH20ee8bpMDPH6evN6omMKxAg=
16,24,qgmzVqQCb2FitPbSsnXhfvlE4NE=,U2IEUoLoEBr40/6bFiVnUEVtDrg=
23,16,qgmzVqQCb2FitPbSsnXhfvlE4NE=,8LfH20ee8bpMDPH6evN6omMKxAg=
23,23,qgmzVqQCb2FitPbSsnXhfvlE4NE=,8LfH20ee8bpMDPH6evN6omMKxAg=
19,20,qgmzVqQCb2FitPbSsnXhfvlE4NE=,8LfH20ee8bpMDPH6evN6omMKxAg=
16,16,qgmzVqQCb2FitPbSsnXhfvlE4NE=,8LfH20ee8bpMDPH6evN6omMKxAg=
20,16,qgmzVqQCb2FitPbSsnXhfvlE4NE=,8LfH20ee8bpMDPH6evN6omMKxAg=
17,18,qgmzVqQCb2FitPbSsnXhfvlE4NE=,8LfH20ee8bpMDPH6evN6omMKxAg=
18,20,qgmzVqQCb2FitPbSsnXhfvlE4NE=,8LfH20ee8bpMDPH6evN6omMKxAg=
20,18,qgmzVqQCb2FitPbSsnXhfvlE4NE=,8LfH20ee8bpMDPH6evN6omMKxAg=
16,23,qgmzVqQCb2FitPbSsnXhfvlE4NE=,8LfH20ee8bpMDPH6evN6omMKxAg=
22,23,qgmzVqQCb2FitPbSsnXhfvlE4NE=,8LfH20ee8bpMDPH6evN6omMKxAg=
17,20,qgmzVqQCb2FitPbSsnXhfvlE4NE=,8LfH20ee8bpMDPH6evN6omMKxAg=
20,23,qgmzVqQCb2FitPbSsnXhfvlE4NE=,8LfH20ee8bpMDPH6evN6omMKxAg=
21,23,qgmzVqQCb2FitPbSsnXhfvlE4NE=,8LfH20ee8bpMDPH6evN6omMKxAg=
18,23,qgmzVqQCb2FitPbSsnXhfvlE4NE=,8LfH20ee8bpMDPH6evN6omMKxAg=
17,23,qgmzVqQCb2FitPbSsnXhfvlE4NE=,8LfH20ee8bpMDPH6evN6omMKxAg=
23,22,qgmzVqQCb2FitPbSsnXhfvlE4NE=,8LfH20ee8bpMDPH6evN6omMKxAg=
19,23,qgmzVqQCb2FitPbSsnXhfvlE4NE=,8LfH20ee8bpMDPH6evN6omMKxAg=
16,22,qgmzVqQCb2FitPbSsnXhfvlE4NE=,8LfH20ee8bpMDPH6evN6omMKxAg=
22,22,qgmzVqQCb2FitPbSsnXhfvlE4NE=,8LfH20ee8bpMDPH6evN6omMKxAg=
21,22,qgmzVqQCb2FitPbSsnXhfvlE4NE=,8LfH20ee8bpMDPH6evN6omMKxAg=
24,20,qgmzVqQCb2FitPbSsnXhfvlE4NE=,yadu+eZgshAisGpALas7p9uSIgY=
16,20,qgmzVqQCb2FitPbSsnXhfvlE4NE=,8LfH20ee8bpMDPH6evN6omMKxAg=
16,19,qgmzVqQCb2FitPbSsnXhfvlE4NE=,8LfH20ee8bpMDPH6evN6omMKxAg=
22,20,qgmzVqQCb2FitPbSsnXhfvlE4NE=,8LfH20ee8bpMDPH6evN6omMKxAg=
17,22,qgmzVqQCb2FitPbSsnXhfvlE4NE=,8LfH20ee8bpMDPH6evN6omMKxAg=
18,18,qgmzVqQCb2FitPbSsnXhfvlE4NE=,8LfH20ee8bpMDPH6evN6omMKxAg=
20,22,qgmzVqQCb2FitPbSsnXhfvlE4NE=,8LfH20ee8bpMDPH6evN6omMKxAg=
22,19,qgmzVqQCb2FitPbSsnXhfvlE4NE=,8LfH20ee8bpMDPH6evN6omMKxAg=
18,22,qgmzVqQCb2FitPbSsnXhfvlE4NE=,8LfH20ee8bpMDPH6evN6omMKxAg=
23,19,qgmzVqQCb2FitPbSsnXhfvlE4NE=,8LfH20ee8bpMDPH6evN6omMKxAg=
19,18,qgmzVqQCb2FitPbSsnXhfvlE4NE=,8LfH20ee8bpMDPH6evN6omMKxAg=
19,22,qgmzVqQCb2FitPbSsnXhfvlE4NE=,8LfH20ee8bpMDPH6evN6omMKxAg=
28,13,qgmzVqQCb2FitPbSsnXhfvlE4NE=,9oEKkL/0OL3WYPw0B7OLAqLdo6c=
29,13,qgmzVqQCb2FitPbSsnXhfvlE4NE=,9oEKkL/0OL3WYPw0B7OLAqLdo6c=
30,12,qgmzVqQCb2FitPbSsnXhfvlE4NE=,9oEKkL/0OL3WYPw0B7OLAqLdo6c=
30,13,qgmzVqQCb2FitPbSsnXhfvlE4NE=,9oEKkL/0OL3WYPw0B7OLAqLdo6c=
26,13,qgmzVqQCb2FitPbSsnXhfvlE4NE=,9oEKkL/0OL3WYPw0B7OLAqLdo6c=
27,13,qgmzVqQCb2FitPbSsnXhfvlE4NE=,9oEKkL/0OL3WYPw0B7OLAqLdo6c=
29,12,qgmzVqQCb2FitPbSsnXhfvlE4NE=,9oEKkL/0OL3WYPw0B7OLAqLdo6c=
25,9,qgmzVqQCb2FitPbSsnXhfvlE4NE=,9oEKkL/0OL3WYPw0B7OLAqLdo6c=
26,9,qgmzVqQCb2FitPbSsnXhfvlE4NE=,9oEKkL/0OL3WYPw0B7OLAqLdo6c=
27,9,qgmzVqQCb2FitPbSsnXhfvlE4NE=,9oEKkL/0OL3WYPw0B7OLAqLdo6c=
28,9,qgmzVqQCb2FitPbSsnXhfvlE4NE=,9oEKkL/0OL3WYPw0B7OLAqLdo6c=
29,9,qgmzVqQCb2FitPbSsnXhfvlE4NE=,9oEKkL/0OL3WYPw0B7OLAqLdo6c=
30,9,qgmzVqQCb2FitPbSsnXhfvlE4NE=,9oEKkL/0OL3WYPw0B7OLAqLdo6c=
30,14,qgmzVqQCb2FitPbSsnXhfvlE4NE=,9oEKkL/0OL3WYPw0B7OLAqLdo6c=
29,14,qgmzVqQCb2FitPbSsnXhfvlE4NE=,9oEKkL/0OL3WYPw0B7OLAqLdo6c=
27,12,qgmzVqQCb2FitPbSsnXhfvlE4NE=,9oEKkL/0OL3WYPw0B7OLAqLdo6c=
25,13,qgmzVqQCb2FitPbSsnXhfvlE4NE=,9oEKkL/0OL3WYPw0B7OLAqLdo6c=
30,11,qgmzVqQCb2FitPbSsnXhfvlE4NE=,9oEKkL/0OL3WYPw0B7OLAqLdo6c=
29,11,qgmzVqQCb2FitPbSsnXhfvlE4NE=,9oEKkL/0OL3WYPw0B7OLAqLdo6c=
28,14,qgmzVqQCb2FitPbSsnXhfvlE4NE=,9oEKkL/0OL3WYPw0B7OLAqLdo6c=
28,11,qgmzVqQCb2FitPbSsnXhfvlE4NE=,9oEKkL/0OL3WYPw0B7OLAqLdo6c=
27,11,qgmzVqQCb2FitPbSsnXhfvlE4NE=,9oEKkL/0OL3WYPw0B7OLAqLdo6c=
25,10,qgmzVqQCb2FitPbSsnXhfvlE4NE=,9oEKkL/0OL3WYPw0B7OLAqLdo6c=
26,10,qgmzVqQCb2FitPbSsnXhfvlE4NE=,9oEKkL/0OL3WYPw0B7OLAqLdo6c=
27,10,qgmzVqQCb2FitPbSsnXhfvlE4NE=,9oEKkL/0OL3WYPw0B7OLAqLdo6c=
28,10,qgmzVqQCb2FitPbSsnXhfvlE4NE=,9oEKkL/0OL3WYPw0B7OLAqLdo6c=
29,10,qgmzVqQCb2FitPbSsnXhfvlE4NE=,9oEKkL/0OL3WYPw0B7OLAqLdo6c=
30,10,qgmzVqQCb2FitPbSsnXhfvlE4NE=,9oEKkL/0OL3WYPw0B7OLAqLdo6c=
26,11,qgmzVqQCb2FitPbSsnXhfvlE4NE=,9oEKkL/0OL3WYPw0B7OLAqLdo6c=
26,12,qgmzVqQCb2FitPbSsnXhfvlE4NE=,9oEKkL/0OL3WYPw0B7OLAqLdo6c=
28,12,qgmzVqQCb2FitPbSsnXhfvlE4NE=,9oEKkL/0OL3WYPw0B7OLAqLdo6c=
27,14,qgmzVqQCb2FitPbSsnXhfvlE4NE=,9oEKkL/0OL3WYPw0B7OLAqLdo6c=
25,12,qgmzVqQCb2FitPbSsnXhfvlE4NE=,9oEKkL/0OL3WYPw0B7OLAqLdo6c=
26,14,qgmzVqQCb2FitPbSsnXhfvlE4NE=,9oEKkL/0OL3WYPw0B7OLAqLdo6c=
25,14,qgmzVqQCb2FitPbSsnXhfvlE4NE=,9oEKkL/0OL3WYPw0B7OLAqLdo6c=
25,11,qgmzVqQCb2FitPbSsnXhfvlE4NE=,9oEKkL/0OL3WYPw0B7OLAqLdo6c=
28,3,qgmzVqQCb2FitPbSsnXhfvlE4NE=,Qtier2u6mD7rfTw9tlDU9nCBVy4=
27,3,qgmzVqQCb2FitPbSsnXhfvlE4NE=,Qtier2u6mD7rfTw9tlDU9nCBVy4=
30,7,qgmzVqQCb2FitPbSsnXhfvlE4NE=,Qtier2u6mD7rfTw9tlDU9nCBVy4=
29,7,qgmzVqQCb2FitPbSsnXhfvlE4NE=,Qtier2u6mD7rfTw9tlDU9nCBVy4=
26,3,qgmzVqQCb2FitPbSsnXhfvlE4NE=,Qtier2u6mD7rfTw9tlDU9nCBVy4=
25,8,qgmzVqQCb2FitPbSsnXhfvlE4NE=,9oEKkL/0OL3WYPw0B7OLAqLdo6c=
26,8,qgmzVqQCb2FitPbSsnXhfvlE4NE=,9oEKkL/0OL3WYPw0B7OLAqLdo6c=
27,8,qgmzVqQCb2FitPbSsnXhfvlE4NE=,9oEKkL/0OL3WYPw0B7OLAqLdo6c=
28,8,qgmzVqQCb2FitPbSsnXhfvlE4NE=,9oEKkL/0OL3WYPw0B7OLAqLdo6c=
29,8,qgmzVqQCb2FitPbSsnXhfvlE4NE=,9oEKkL/0OL3WYPw0B7OLAqLdo6c=
30,8,qgmzVqQCb2FitPbSsnXhfvlE4NE=,9oEKkL/0OL3WYPw0B7OLAqLdo6c=
29,3,qgmzVqQCb2FitPbSsnXhfvlE4NE=,Qtier2u6mD7rfTw9tlDU9nCBVy4=
25,3,qgmzVqQCb2FitPbSsnXhfvlE4NE=,Qtier2u6mD7rfTw9tlDU9nCBVy4=
30,2,qgmzVqQCb2FitPbSsnXhfvlE4NE=,Qtier2u6mD7rfTw9tlDU9nCBVy4=
30,3,qgmzVqQCb2FitPbSsnXhfvlE4NE=,Qtier2u6mD7rfTw9tlDU9nCBVy4=
28,7,qgmzVqQCb2FitPbSsnXhfvlE4NE=,Qtier2u6mD7rfTw9tlDU9nCBVy4=
29,2,qgmzVqQCb2FitPbSsnXhfvlE4NE=,Qtier2u6mD7rfTw9tlDU9nCBVy4=
28,2,qgmzVqQCb2FitPbSsnXhfvlE4NE=,Qtier2u6mD7rfTw9tlDU9nCBVy4=
26,2,qgmzVqQCb2FitPbSsnXhfvlE4NE=,Qtier2u6mD7rfTw9tlDU9nCBVy4=
27,7,qgmzVqQCb2FitPbSsnXhfvlE4NE=,Qtier2u6mD7rfTw9tlDU9nCBVy4=
27,2,qgmzVqQCb2FitPbSsnXhfvlE4NE=,Qtier2u6mD7rfTw9tlDU9nCBVy4=
31,3,qgmzVqQCb2FitPbSsnXhfvlE4NE=,Qtier2u6mD7rfTw9tlDU9nCBVy4=
25,4,qgmzVqQCb2FitPbSsnXhfvlE4NE=,Qtier2u6mD7rfTw9tlDU9nCBVy4=
26,4,qgmzVqQCb2FitPbSsnXhfvlE4NE=,Qtier2u6mD7rfTw9tlDU9nCBVy4=
27,4,qgmzVqQCb2FitPbSsnXhfvlE4NE=,Qtier2u6mD7rfTw9tlDU9nCBVy4=
28,4,qgmzVqQCb2FitPbSsnXhfvlE4NE=,Qtier2u6mD7rfTw9tlDU9nCBVy4=
29,4,qgmzVqQCb2FitPbSsnXhfvlE4NE=,Qtier2u6mD7rfTw9tlDU9nCBVy4=
31,2,qgmzVqQCb2FitPbSsnXhfvlE4NE=,Qtier2u6mD7rfTw9tlDU9nCBVy4=
26,7,qgmzVqQCb2FitPbSsnXhfvlE4NE=,Qtier2u6mD7rfTw9tlDU9nCBVy4=
25,2,qgmzVqQCb2FitPbSsnXhfvlE4NE=,Qtier2u6mD7rfTw9tlDU9nCBVy4=
30,4,qgmzVqQCb2FitPbSsnXhfvlE4NE=,Qtier2u6mD7rfTw9tlDU9nCBVy4=
30,1,qgmzVqQCb2FitPbSsnXhfvlE4NE=,Qtier2u6mD7rfTw9tlDU9nCBVy4=
25,7,qgmzVqQCb2FitPbSsnXhfvlE4NE=,Qtier2u6mD7rfTw9tlDU9nCBVy4=
28,1,qgmzVqQCb2FitPbSsnXhfvlE4NE=,Qtier2u6mD7rfTw9tlDU9nCBVy4=
29,6,qgmzVqQCb2FitPbSsnXhfvlE4NE=,Qtier2u6mD7rfTw9tlDU9nCBVy4=
28,6,qgmzVqQCb2FitPbSsnXhfvlE4NE=,Qtier2u6mD7rfTw9tlDU9nCBVy4=
26,1,qgmzVqQCb2FitPbSsnXhfvlE4NE=,Qtier2u6mD7rfTw9tlDU9nCBVy4=
27,6,qgmzVqQCb2FitPbSsnXhfvlE4NE=,Qtier2u6mD7rfTw9tlDU9nCBVy4=
26,6,qgmzVqQCb2FitPbSsnXhfvlE4NE=,Qtier2u6mD7rfTw9tlDU9nCBVy4=
25,6,qgmzVqQCb2FitPbSsnXhfvlE4NE=,Qtier2u6mD7rfTw9tlDU9nCBVy4=
29,1,qgmzVqQCb2FitPbSsnXhfvlE4NE=,Qtier2u6mD7rfTw9tlDU9nCBVy4=
30,6,qgmzVqQCb2FitPbSsnXhfvlE4NE=,Qtier2u6mD7rfTw9tlDU9nCBVy4=
27,1,qgmzVqQCb2FitPbSsnXhfvlE4NE=,Qtier2u6mD7rfTw9tlDU9nCBVy4=
31,6,qgmzVqQCb2FitPbSsnXhfvlE4NE=,Qtier2u6mD7rfTw9tlDU9nCBVy4=
31,4,qgmzVqQCb2FitPbSsnXhfvlE4NE=,Qtier2u6mD7rfTw9tlDU9nCBVy4=
25,5,qgmzVqQCb2FitPbSsnXhfvlE4NE=,Qtier2u6mD7rfTw9tlDU9nCBVy4=
26,5,qgmzVqQCb2FitPbSsnXhfvlE4NE=,Qtier2u6mD7rfTw9tlDU9nCBVy4=
27,5,qgmzVqQCb2FitPbSsnXhfvlE4NE=,Qtier2u6mD7rfTw9tlDU9nCBVy4=
28,5,qgmzVqQCb2FitPbSsnXhfvlE4NE=,Qtier2u6mD7rfTw9tlDU9nCBVy4=
29,5,qgmzVqQCb2FitPbSsnXhfvlE4NE=,Qtier2u6mD7rfTw9tlDU9nCBVy4=
25,1,qgmzVqQCb2FitPbSsnXhfvlE4NE=,Qtier2u6mD7rfTw9tlDU9nCBVy4=
31,5,qgmzVqQCb2FitPbSsnXhfvlE4NE=,Qtier2u6mD7rfTw9tlDU9nCBVy4=
30,5,qgmzVqQCb2FitPbSsnXhfvlE4NE=,Qtier2u6mD7rfTw9tlDU9nCBVy4=
31,1,qgmzVqQCb2FitPbSsnXhfvlE4NE=,Qtier2u6mD7rfTw9tlDU9nCBVy4=
30,15,qgmzVqQCb2FitPbSsnXhfvlE4NE=,9oEKkL/0OL3WYPw0B7OLAqLdo6c=
29,15,qgmzVqQCb2FitPbSsnXhfvlE4NE=,9oEKkL/0OL3WYPw0B7OLAqLdo6c=
28,15,qgmzVqQCb2FitPbSsnXhfvlE4NE=,9oEKkL/0OL3WYPw0B7OLAqLdo6c=
27,15,qgmzVqQCb2FitPbSsnXhfvlE4NE=,9oEKkL/0OL3WYPw0B7OLAqLdo6c=
31,8,qgmzVqQCb2FitPbSsnXhfvlE4NE=,9oEKkL/0OL3WYPw0B7OLAqLdo6c=
31,9,qgmzVqQCb2FitPbSsnXhfvlE4NE=,9oEKkL/0OL3WYPw0B7OLAqLdo6c=
31,13,qgmzVqQCb2FitPbSsnXhfvlE4NE=,9oEKkL/0OL3WYPw0B7OLAqLdo6c=
31,10,qgmzVqQCb2FitPbSsnXhfvlE4NE=,9oEKkL/0OL3WYPw0B7OLAqLdo6c=
31,11,qgmzVqQCb2FitPbSsnXhfvlE4NE=,9oEKkL/0OL3WYPw0B7OLAqLdo6c=
31,14,qgmzVqQCb2FitPbSsnXhfvlE4NE=,9oEKkL/0OL3WYPw0B7OLAqLdo6c=
31,12,qgmzVqQCb2FitPbSsnXhfvlE4NE=,9oEKkL/0OL3WYPw0B7OLAqLdo6c=
31,7,qgmzVqQCb2FitPbSsnXhfvlE4NE=,Qtier2u6mD7rfTw9tlDU9nCBVy4=
25,0,qgmzVqQCb2FitPbSsnXhfvlE4NE=,Qtier2u6mD7rfTw9tlDU9nCBVy4=
25,15,qgmzVqQCb2FitPbSsnXhfvlE4NE=,9oEKkL/0OL3WYPw0B7OLAqLdo6c=
26,15,qgmzVqQCb2FitPbSsnXhfvlE4NE=,9oEKkL/0OL3WYPw0B7OLAqLdo6c=
26,0,qgmzVqQCb2FitPbSsnXhfvlE4NE=,Qtier2u6mD7rfTw9tlDU9nCBVy4=
30,0,qgmzVqQCb2FitPbSsnXhfvlE4NE=,Qtier2u6mD7rfTw9tlDU9nCBVy4=
29,0,qgmzVqQCb2FitPbSsnXhfvlE4NE=,Qtier2u6mD7rfTw9tlDU9nCBVy4=
31,15,qgmzVqQCb2FitPbSsnXhfvlE4NE=,9oEKkL/0OL3WYPw0B7OLAqLdo6c=
27,0,qgmzVqQCb2FitPbSsnXhfvlE4NE=,Qtier2u6mD7rfTw9tlDU9nCBVy4=
28,0,qgmzVqQCb2FitPbSsnXhfvlE4NE=,Qtier2u6mD7rfTw9tlDU9nCBVy4=
31,0,qgmzVqQCb2FitPbSsnXhfvlE4NE=,Qtier2u6mD7rfTw9tlDU9nCBVy4=
19,2,qgmzVqQCb2FitPbSsnXhfvlE4NE=,Cpr0sdbU9b0AHIBNZmzPMjOcH8w=
20,2,qgmzVqQCb2FitPbSsnXhfvlE4NE=,Cpr0sdbU9b0AHIBNZmzPMjOcH8w=
21,2,qgmzVqQCb2FitPbSsnXhfvlE4NE=,Cpr0sdbU9b0AHIBNZmzPMjOcH8w=
19,1,qgmzVqQCb2FitPbSsnXhfvlE4NE=,Cpr0sdbU9b0AHIBNZmzPMjOcH8w=
18,1,qgmzVqQCb2FitPbSsnXhfvlE4NE=,Cpr0sdbU9b0AHIBNZmzPMjOcH8w=
19,0,qgmzVqQCb2FitPbSsnXhfvlE4NE=,Cpr0sdbU9b0AHIBNZmzPMjOcH8w=
17,1,qgmzVqQCb2FitPbSsnXhfvlE4NE=,Cpr0sdbU9b0AHIBNZmzPMjOcH8w=
22,2,qgmzVqQCb2FitPbSsnXhfvlE4NE=,Cpr0sdbU9b0AHIBNZmzPMjOcH8w=
23,2,qgmzVqQCb2FitPbSsnXhfvlE4NE=,Cpr0sdbU9b0AHIBNZmzPMjOcH8w=
21,6,qgmzVqQCb2FitPbSsnXhfvlE4NE=,Cpr0sdbU9b0AHIBNZmzPMjOcH8w=
20,6,qgmzVqQCb2FitPbSsnXhfvlE4NE=,Cpr0sdbU9b0AHIBNZmzPMjOcH8w=
16,3,qgmzVqQCb2FitPbSsnXhfvlE4NE=,Cpr0sdbU9b0AHIBNZmzPMjOcH8w=
18,2,qgmzVqQCb2FitPbSsnXhfvlE4NE=,Cpr0sdbU9b0AHIBNZmzPMjOcH8w=
23,5,qgmzVqQCb2FitPbSsnXhfvlE4NE=,Cpr0sdbU9b0AHIBNZmzPMjOcH8w=
23,0,qgmzVqQCb2FitPbSsnXhfvlE4NE=,Cpr0sdbU9b0AHIBNZmzPMjOcH8w=
24,3,qgmzVqQCb2FitPbSsnXhfvlE4NE=,Qtier2u6mD7rfTw9tlDU9nCBVy4=
22,0,qgmzVqQCb2FitPbSsnXhfvlE4NE=,Cpr0sdbU9b0AHIBNZmzPMjOcH8w=
18,5,qgmzVqQCb2FitPbSsnXhfvlE4NE=,Cpr0sdbU9b0AHIBNZmzPMjOcH8w=
24,2,qgmzVqQCb2FitPbSsnXhfvlE4NE=,Qtier2u6mD7rfTw9tlDU9nCBVy4=
22,6,qgmzVqQCb2FitPbSsnXhfvlE4NE=,Cpr0sdbU9b0AHIBNZmzPMjOcH8w=
17,2,qgmzVqQCb2FitPbSsnXhfvlE4NE=,Cpr0sdbU9b0AHIBNZmzPMjOcH8w=
20,0,qgmzVqQCb2FitPbSsnXhfvlE4NE=,Cpr0sdbU9b0AHIBNZmzPMjOcH8w=
19,6,qgmzVqQCb2FitPbSsnXhfvlE4NE=,Cpr0sdbU9b0AHIBNZmzPMjOcH8w=
16,2,qgmzVqQCb2FitPbSsnXhfvlE4NE=,Cpr0sdbU9b0AHIBNZmzPMjOcH8w=
21,0,qgmzVqQCb2FitPbSsnXhfvlE4NE=,Cpr0sdbU9b0AHIBNZmzPMjOcH8w=
24,1,qgmzVqQCb2FitPbSsnXhfvlE4NE=,Qtier2u6mD7rfTw9tlDU9nCBVy4=
22,5,qgmzVqQCb2FitPbSsnXhfvlE4NE=,Cpr0sdbU9b0AHIBNZmzPMjOcH8w=
17,3,qgmzVqQCb2FitPbSsnXhfvlE4NE=,Cpr0sdbU9b0AHIBNZmzPMjOcH8w=
23,1,qgmzVqQCb2FitPbSsnXhfvlE4NE=,Cpr0sdbU9b0AHIBNZmzPMjOcH8w=
18,0,qgmzVqQCb2FitPbSsnXhfvlE4NE=,Cpr0sdbU9b0AHIBNZmzPMjOcH8w=
17,0,qgmzVqQCb2FitPbSsnXhfvlE4NE=,Cpr0sdbU9b0AHIBNZmzPMjOcH8w=
22,1,qgmzVqQCb2FitPbSsnXhfvlE4NE=,Cpr0sdbU9b0AHIBNZmzPMjOcH8w=
21,1,qgmzVqQCb2FitPbSsnXhfvlE4NE=,Cpr0sdbU9b0AHIBNZmzPMjOcH8w=
20,3,qgmzVqQCb2FitPbSsnXhfvlE4NE=,Cpr0sdbU9b0AHIBNZmzPMjOcH8w=
21,3,qgmzVqQCb2FitPbSsnXhfvlE4NE=,Cpr0sdbU9b0AHIBNZmzPMjOcH8w=
17,6,qgmzVqQCb2FitPbSsnXhfvlE4NE=,Cpr0sdbU9b0AHIBNZmzPMjOcH8w=
24,6,qgmzVqQCb2FitPbSsnXhfvlE4NE=,Qtier2u6mD7rfTw9tlDU9nCBVy4=
16,0,qgmzVqQCb2FitPbSsnXhfvlE4NE=,Cpr0sdbU9b0AHIBNZmzPMjOcH8w=
16,6,qgmzVqQCb2FitPbSsnXhfvlE4NE=,Cpr0sdbU9b0AHIBNZmzPMjOcH8w=
18,6,qgmzVqQCb2FitPbSsnXhfvlE4NE=,Cpr0sdbU9b0AHIBNZmzPMjOcH8w=
21,5,qgmzVqQCb2FitPbSsnXhfvlE4NE=,Cpr0sdbU9b0AHIBNZmzPMjOcH8w=
24,0,qgmzVqQCb2FitPbSsnXhfvlE4NE=,Qtier2u6mD7rfTw9tlDU9nCBVy4=
17,5,qgmzVqQCb2FitPbSsnXhfvlE4NE=,Cpr0sdbU9b0AHIBNZmzPMjOcH8w=
16,5,qgmzVqQCb2FitPbSsnXhfvlE4NE=,Cpr0sdbU9b0AHIBNZmzPMjOcH8w=
21,4,qgmzVqQCb2FitPbSsnXhfvlE4NE=,Cpr0sdbU9b0AHIBNZmzPMjOcH8w=
24,5,qgmzVqQCb2FitPbSsnXhfvlE4NE=,Qtier2u6mD7rfTw9tlDU9nCBVy4=
20,4,qgmzVqQCb2FitPbSsnXhfvlE4NE=,Cpr0sdbU9b0AHIBNZmzPMjOcH8w=
22,3,qgmzVqQCb2FitPbSsnXhfvlE4NE=,Cpr0sdbU9b0AHIBNZmzPMjOcH8w=
19,4,qgmzVqQCb2FitPbSsnXhfvlE4NE=,Cpr0sdbU9b0AHIBNZmzPMjOcH8w=
20,5,qgmzVqQCb2FitPbSsnXhfvlE4NE=,Cpr0sdbU9b0AHIBNZmzPMjOcH8w=
23,4,qgmzVqQCb2FitPbSsnXhfvlE4NE=,Cpr0sdbU9b0AHIBNZmzPMjOcH8w=
22,4,qgmzVqQCb2FitPbSsnXhfvlE4NE=,Cpr0sdbU9b0AHIBNZmzPMjOcH8w=
19,3,qgmzVqQCb2FitPbSsnXhfvlE4NE=,Cpr0sdbU9b0AHIBNZmzPMjOcH8w=
17,4,qgmzVqQCb2FitPbSsnXhfvlE4NE=,Cpr0sdbU9b0AHIBNZmzPMjOcH8w=
16,4,qgmzVqQCb2FitPbSsnXhfvlE4NE=,Cpr0sdbU9b0AHIBNZmzPMjOcH8w=
23,3,qgmzVqQCb2FitPbSsnXhfvlE4NE=,Cpr0sdbU9b0AHIBNZmzPMjOcH8w=
24,4,qgmzVqQCb2FitPbSsnXhfvlE4NE=,Qtier2u6mD7rfTw9tlDU9nCBVy4=
20,1,qgmzVqQCb2FitPbSsnXhfvlE4NE=,Cpr0sdbU9b0AHIBNZmzPMjOcH8w=
18,4,qgmzVqQCb2FitPbSsnXhfvlE4NE=,Cpr0sdbU9b0AHIBNZmzPMjOcH8w=
23,6,qgmzVqQCb2FitPbSsnXhfvlE4NE=,Cpr0sdbU9b0AHIBNZmzPMjOcH8w=
19,5,qgmzVqQCb2FitPbSsnXhfvlE4NE=,Cpr0sdbU9b0AHIBNZmzPMjOcH8w=
18,3,qgmzVqQCb2FitPbSsnXhfvlE4NE=,Cpr0sdbU9b0AHIBNZmzPMjOcH8w=
16,1,qgmzVqQCb2FitPbSsnXhfvlE4NE=,Cpr0sdbU9b0AHIBNZmzPMjOcH8w=
18,14,qgmzVqQCb2FitPbSsnXhfvlE4NE=,EkHvAQTMe/BFrBPdb7Zl8f/lQ20=
21,14,qgmzVqQCb2FitPbSsnXhfvlE4NE=,EkHvAQTMe/BFrBPdb7Zl8f/lQ20=
16,15,qgmzVqQCb2FitPbSsnXhfvlE4NE=,EkHvAQTMe/BFrBPdb7Zl8f/lQ20=
22,14,qgmzVqQCb2FitPbSsnXhfvlE4NE=,EkHvAQTMe/BFrBPdb7Zl8f/lQ20=
23,14,qgmzVqQCb2FitPbSsnXhfvlE4NE=,EkHvAQTMe/BFrBPdb7Zl8f/lQ20=
17,15,qgmzVqQCb2FitPbSsnXhfvlE4NE=,EkHvAQTMe/BFrBPdb7Zl8f/lQ20=
19,14,qgmzVqQCb2FitPbSsnXhfvlE4NE=,EkHvAQTMe/BFrBPdb7Zl8f/lQ20=
20,14,qgmzVqQCb2FitPbSsnXhfvlE4NE=,EkHvAQTMe/BFrBPdb7Zl8f/lQ20=
18,15,qgmzVqQCb2FitPbSsnXhfvlE4NE=,EkHvAQTMe/BFrBPdb7Zl8f/lQ20=
20,15,qgmzVqQCb2FitPbSsnXhfvlE4NE=,EkHvAQTMe/BFrBPdb7Zl8f/lQ20=
19,15,qgmzVqQCb2FitPbSsnXhfvlE4NE=,EkHvAQTMe/BFrBPdb7Zl8f/lQ20=
20,7,qgmzVqQCb2FitPbSsnXhfvlE4NE=,Cpr0sdbU9b0AHIBNZmzPMjOcH8w=
17,14,qgmzVqQCb2FitPbSsnXhfvlE4NE=,EkHvAQTMe/BFrBPdb7Zl8f/lQ20=
21,13,qgmzVqQCb2FitPbSsnXhfvlE4NE=,EkHvAQTMe/BFrBPdb7Zl8f/lQ20=
16,14,qgmzVqQCb2FitPbSsnXhfvlE4NE=,EkHvAQTMe/BFrBPdb7Zl8f/lQ20=
19,7,qgmzVqQCb2FitPbSsnXhfvlE4NE=,Cpr0sdbU9b0AHIBNZmzPMjOcH8w=
22,13,qgmzVqQCb2FitPbSsnXhfvlE4NE=,EkHvAQTMe/BFrBPdb7Zl8f/lQ20=
24,7,qgmzVqQCb2FitPbSsnXhfvlE4NE=,Qtier2u6mD7rfTw9tlDU9nCBVy4=
18,7,qgmzVqQCb2FitPbSsnXhfvlE4NE=,Cpr0sdbU9b0AHIBNZmzPMjOcH8w=
24,13,qgmzVqQCb2FitPbSsnXhfvlE4NE=,9oEKkL/0OL3WYPw0B7OLAqLdo6c=
20,13,qgmzVqQCb2FitPbSsnXhfvlE4NE=,EkHvAQTMe/BFrBPdb7Zl8f/lQ20=
21,15,qgmzVqQCb2FitPbSsnXhfvlE4NE=,EkHvAQTMe/BFrBPdb7Zl8f/lQ20=
18,13,qgmzVqQCb2FitPbSsnXhfvlE4NE=,EkHvAQTMe/BFrBPdb7Zl8f/lQ20=
19,13,qgmzVqQCb2FitPbSsnXhfvlE4NE=,EkHvAQTMe/BFrBPdb7Zl8f/lQ20=
17,13,qgmzVqQCb2FitPbSsnXhfvlE4NE=,EkHvAQTMe/BFrBPdb7Zl8f/lQ20=
16,13,qgmzVqQCb2FitPbSsnXhfvlE4NE=,EkHvAQTMe/BFrBPdb7Zl8f/lQ20=
21,12,qgmzVqQCb2FitPbSsnXhfvlE4NE=,EkHvAQTMe/BFrBPdb7Zl8f/lQ20=
22,12,qgmzVqQCb2FitPbSsnXhfvlE4NE=,EkHvAQTMe/BFrBPdb7Zl8f/lQ20=
23,12,qgmzVqQCb2FitPbSsnXhfvlE4NE=,EkHvAQTMe/BFrBPdb7Zl8f/lQ20=
20,12,qgmzVqQCb2FitPbSsnXhfvlE4NE=,EkHvAQTMe/BFrBPdb7Zl8f/lQ20=
17,7,qgmzVqQCb2FitPbSsnXhfvlE4NE=,Cpr0sdbU9b0AHIBNZmzPMjOcH8w=
19,12,qgmzVqQCb2FitPbSsnXhfvlE4NE=,EkHvAQTMe/BFrBPdb7Zl8f/lQ20=
17,12,qgmzVqQCb2FitPbSsnXhfvlE4NE=,EkHvAQTMe/BFrBPdb7Zl8f/lQ20=
22,15,qgmzVqQCb2FitPbSsnXhfvlE4NE=,EkHvAQTMe/BFrBPdb7Zl8f/lQ20=
16,12,qgmzVqQCb2FitPbSsnXhfvlE4NE=,EkHvAQTMe/BFrBPdb7Zl8f/lQ20=
22,11,qgmzVqQCb2FitPbSsnXhfvlE4NE=,EkHvAQTMe/BFrBPdb7Zl8f/lQ20=
18,12,qgmzVqQCb2FitPbSsnXhfvlE4NE=,EkHvAQTMe/BFrBPdb7Zl8f/lQ20=
21,11,qgmzVqQCb2FitPbSsnXhfvlE4NE=,EkHvAQTMe/BFrBPdb7Zl8f/lQ20=
23,11,qgmzVqQCb2FitPbSsnXhfvlE4NE=,EkHvAQTMe/BFrBPdb7Zl8f/lQ20=
24,12,qgmzVqQCb2FitPbSsnXhfvlE4NE=,9oEKkL/0OL3WYPw0B7OLAqLdo6c=
24,15,qgmzVqQCb2FitPbSsnXhfvlE4NE=,9oEKkL/0OL3WYPw0B7OLAqLdo6c=
23,15,qgmzVqQCb2FitPbSsnXhfvlE4NE=,EkHvAQTMe/BFrBPdb7Zl8f/lQ20=
20,11,qgmzVqQCb2FitPbSsnXhfvlE4NE=,EkHvAQTMe/BFrBPdb7Zl8f/lQ20=
16,7,qgmzVqQCb2FitPbSsnXhfvlE4NE=,Cpr0sdbU9b0AHIBNZmzPMjOcH8w=
21,7,qgmzVqQCb2FitPbSsnXhfvlE4NE=,Cpr0sdbU9b0AHIBNZmzPMjOcH8w=
22,7,qgmzVqQCb2FitPbSsnXhfvlE4NE=,Cpr0sdbU9b0AHIBNZmzPMjOcH8w=
16,11,qgmzVqQCb2FitPbSsnXhfvlE4NE=,EkHvAQTMe/BFrBPdb7Zl8f/lQ20=
18,11,qgmzVqQCb2FitPbSsnXhfvlE4NE=,EkHvAQTMe/BFrBPdb7Zl8f/lQ20=
19,11,qgmzVqQCb2FitPbSsnXhfvlE4NE=,EkHvAQTMe/BFrBPdb7Zl8f/lQ20=
17,11,qgmzVqQCb2FitPbSsnXhfvlE4NE=,EkHvAQTMe/BFrBPdb7Zl8f/lQ20=
21,10,qgmzVqQCb2FitPbSsnXhfvlE4NE=,EkHvAQTMe/BFrBPdb7Zl8f/lQ20=
17,10,qgmzVqQCb2FitPbSsnXhfvlE4NE=,EkHvAQTMe/BFrBPdb7Zl8f/lQ20=
23,10,qgmzVqQCb2FitPbSsnXhfvlE4NE=,EkHvAQTMe/BFrBPdb7Zl8f/lQ20=
20,10,qgmzVqQCb2FitPbSsnXhfvlE4NE=,EkHvAQTMe/BFrBPdb7Zl8f/lQ20=
22,10,qgmzVqQCb2FitPbSsnXhfvlE4NE=,EkHvAQTMe/BFrBPdb7Zl8f/lQ20=
16,10,qgmzVqQCb2FitPbSsnXhfvlE4NE=,EkHvAQTMe/BFrBPdb7Zl8f/lQ20=
23,9,qgmzVqQCb2FitPbSsnXhfvlE4NE=,EkHvAQTMe/BFrBPdb7Zl8f/lQ20=
24,8,qgmzVqQCb2FitPbSsnXhfvlE4NE=,9oEKkL/0OL3WYPw0B7OLAqLdo6c=
19,10,qgmzVqQCb2FitPbSsnXhfvlE4NE=,EkHvAQTMe/BFrBPdb7Zl8f/lQ20=
18,10,qgmzVqQCb2FitPbSsnXhfvlE4NE=,EkHvAQTMe/BFrBPdb7Zl8f/lQ20=
17,9,qgmzVqQCb2FitPbSsnXhfvlE4NE=,EkHvAQTMe/BFrBPdb7Zl8f/lQ20=
21,9,qgmzVqQCb2FitPbSsnXhfvlE4NE=,EkHvAQTMe/BFrBPdb7Zl8f/lQ20=
24,14,qgmzVqQCb2FitPbSsnXhfvlE4NE=,9oEKkL/0OL3WYPw0B7OLAqLdo6c=
16,9,qgmzVqQCb2FitPbSsnXhfvlE4NE=,EkHvAQTMe/BFrBPdb7Zl8f/lQ20=
22,9,qgmzVqQCb2FitPbSsnXhfvlE4NE=,EkHvAQTMe/BFrBPdb7Zl8f/lQ20=
24,9,qgmzVqQCb2FitPbSsnXhfvlE4NE=,9oEKkL/0OL3WYPw0B7OLAqLdo6c=
24,11,qgmzVqQCb2FitPbSsnXhfvlE4NE=,9oEKkL/0OL3WYPw0B7OLAqLdo6c=
22,8,qgmzVqQCb2FitPbSsnXhfvlE4NE=,EkHvAQTMe/BFrBPdb7Zl8f/lQ20=
24,10,qgmzVqQCb2FitPbSsnXhfvlE4NE=,9oEKkL/0OL3WYPw0B7OLAqLdo6c=
19,9,qgmzVqQCb2FitPbSsnXhfvlE4NE=,EkHvAQTMe/BFrBPdb7Zl8f/lQ20=
18,9,qgmzVqQCb2FitPbSsnXhfvlE4NE=,EkHvAQTMe/BFrBPdb7Zl8f/lQ20=
23,8,qgmzVqQCb2FitPbSsnXhfvlE4NE=,EkHvAQTMe/BFrBPdb7Zl8f/lQ20=
20,8,qgmzVqQCb2FitPbSsnXhfvlE4NE=,EkHvAQTMe/BFrBPdb7Zl8f/lQ20=
21,8,qgmzVqQCb2FitPbSsnXhfvlE4NE=,EkHvAQTMe/BFrBPdb7Zl8f/lQ20=
23,7,qgmzVqQCb2FitPbSsnXhfvlE4NE=,Cpr0sdbU9b0AHIBNZmzPMjOcH8w=
19,8,qgmzVqQCb2FitPbSsnXhfvlE4NE=,EkHvAQTMe/BFrBPdb7Zl8f/lQ20=
18,8,qgmzVqQCb2FitPbSsnXhfvlE4NE=,EkHvAQTMe/BFrBPdb7Zl8f/lQ20=
16,8,qgmzVqQCb2FitPbSsnXhfvlE4NE=,EkHvAQTMe/BFrBPdb7Zl8f/lQ20=
17,8,qgmzVqQCb2FitPbSsnXhfvlE4NE=,EkHvAQTMe/BFrBPdb7Zl8f/lQ20=
23,13,qgmzVqQCb2FitPbSsnXhfvlE4NE=,EkHvAQTMe/BFrBPdb7Zl8f/lQ20=
20,9,qgmzVqQCb2FitPbSsnXhfvlE4NE=,EkHvAQTMe/BFrBPdb7Zl8f/lQ20=
