52,-13,TS/4EvoX71yqrQjJskKh++6v9P0=,E+DMd5W7u9nMvJLBUuUmQInbNFc=
54,-14,TS/4EvoX71yqrQjJskKh++6v9P0=,E+DMd5W7u9nMvJLBUuUmQInbNFc=
52,-16,TS/4EvoX71yqrQjJskKh++6v9P0=,E+DMd5W7u9nMvJLBUuUmQInbNFc=
53,-13,TS/4EvoX71yqrQjJskKh++6v9P0=,E+DMd5W7u9nMvJLBUuUmQInbNFc=
51,-16,TS/4EvoX71yqrQjJskKh++6v9P0=,E+DMd5W7u9nMvJLBUuUmQInbNFc=
48,-16,TS/4EvoX71yqrQjJskKh++6v9P0=,E+DMd5W7u9nMvJLBUuUmQInbNFc=
55,-15,TS/4EvoX71yqrQjJskKh++6v9P0=,E+DMd5W7u9nMvJLBUuUmQInbNFc=
53,-14,TS/4EvoX71yqrQjJskKh++6v9P0=,E+DMd5W7u9nMvJLBUuUmQInbNFc=
52,-14,TS/4EvoX71yqrQjJskKh++6v9P0=,E+DMd5W7u9nMvJLBUuUmQInbNFc=
51,-14,TS/4EvoX71yqrQjJskKh++6v9P0=,E+DMd5W7u9nMvJLBUuUmQInbNFc=
49,-14,TS/4EvoX71yqrQjJskKh++6v9P0=,E+DMd5W7u9nMvJLBUuUmQInbNFc=
50,-14,TS/4EvoX71yqrQjJskKh++6v9P0=,E+DMd5W7u9nMvJLBUuUmQInbNFc=
48,-14,TS/4EvoX71yqrQjJskKh++6v9P0=,E+DMd5W7u9nMvJLBUuUmQInbNFc=
51,-13,TS/4EvoX71yqrQjJskKh++6v9P0=,E+DMd5W7u9nMvJLBUuUmQInbNFc=
50,-16,TS/4EvoX71yqrQjJskKh++6v9P0=,E+DMd5W7u9nMvJLBUuUmQInbNFc=
55,-10,TS/4EvoX71yqrQjJskKh++6v9P0=,E+DMd5W7u9nMvJLBUuUmQInbNFc=
53,-10,TS/4EvoX71yqrQjJskKh++6v9P0=,E+DMd5W7u9nMvJLBUuUmQInbNFc=
54,-10,TS/4EvoX71yqrQjJskKh++6v9P0=,E+DMd5W7u9nMvJLBUuUmQInbNFc=
49,-15,TS/4EvoX71yqrQjJskKh++6v9P0=,E+DMd5W7u9nMvJLBUuUmQInbNFc=
48,-15,TS/4EvoX71yqrQjJskKh++6v9P0=,E+DMd5W7u9nMvJLBUuUmQInbNFc=
50,-13,TS/4EvoX71yqrQjJskKh++6v9P0=,E+DMd5W7u9nMvJLBUuUmQInbNFc=
49,-10,TS/4EvoX71yqrQjJskKh++6v9P0=,E+DMd5W7u9nMvJLBUuUmQInbNFc=
49,-13,TS/4EvoX71yqrQjJskKh++6v9P0=,E+DMd5W7u9nMvJLBUuUmQInbNFc=
48,-10,TS/4EvoX71yqrQjJskKh++6v9P0=,E+DMd5W7u9nMvJLBUuUmQInbNFc=
54,-11,TS/4EvoX71yqrQjJskKh++6v9P0=,E+DMd5W7u9nMvJLBUuUmQInbNFc=
55,-11,TS/4EvoX71yqrQjJskKh++6v9P0=,E+DMd5W7u9nMvJLBUuUmQInbNFc=
55,-16,TS/4EvoX71yqrQjJskKh++6v9P0=,E+DMd5W7u9nMvJLBUuUmQInbNFc=
53,-11,TS/4EvoX71yqrQjJskKh++6v9P0=,E+DMd5W7u9nMvJLBUuUmQInbNFc=
52,-11,TS/4EvoX71yqrQjJskKh++6v9P0=,E+DMd5W7u9nMvJLBUuUmQInbNFc=
51,-11,TS/4EvoX71yqrQjJskKh++6v9P0=,E+DMd5W7u9nMvJLBUuUmQInbNFc=
50,-10,TS/4EvoX71yqrQjJskKh++6v9P0=,E+DMd5W7u9nMvJLBUuUmQInbNFc=
52,-10,TS/4EvoX71yqrQjJskKh++6v9P0=,E+DMd5W7u9nMvJLBUuUmQInbNFc=
49,-16,TS/4EvoX71yqrQjJskKh++6v9P0=,E+DMd5W7u9nMvJLBUuUmQInbNFc=
48,-13,TS/4EvoX71yqrQjJskKh++6v9P0=,E+DMd5W7u9nMvJLBUuUmQInbNFc=
51,-10,TS/4EvoX71yqrQjJskKh++6v9P0=,E+DMd5W7u9nMvJLBUuUmQInbNFc=
50,-11,TS/4EvoX71yqrQjJskKh++6v9P0=,E+DMd5W7u9nMvJLBUuUmQInbNFc=
49,-11,TS/4EvoX71yqrQjJskKh++6v9P0=,E+DMd5W7u9nMvJLBUuUmQInbNFc=
48,-11,TS/4EvoX71yqrQjJskKh++6v9P0=,E+DMd5W7u9nMvJLBUuUmQInbNFc=
54,-15,TS/4EvoX71yqrQjJskKh++6v9P0=,E+DMd5W7u9nMvJLBUuUmQInbNFc=
54,-12,TS/4EvoX71yqrQjJskKh++6v9P0=,E+DMd5W7u9nMvJLBUuUmQInbNFc=
53,-12,TS/4EvoX71yqrQjJskKh++6v9P0=,E+DMd5W7u9nMvJLBUuUmQInbNFc=
55,-12,TS/4EvoX71yqrQjJskKh++6v9P0=,E+DMd5W7u9nMvJLBUuUmQInbNFc=
52,-12,TS/4EvoX71yqrQjJskKh++6v9P0=,E+DMd5W7u9nMvJLBUuUmQInbNFc=
51,-12,TS/4EvoX71yqrQjJskKh++6v9P0=,E+DMd5W7u9nMvJLBUuUmQInbNFc=
53,-15,TS/4EvoX71yqrQjJskKh++6v9P0=,E+DMd5W7u9nMvJLBUuUmQInbNFc=
50,-12,TS/4EvoX71yqrQjJskKh++6v9P0=,E+DMd5W7u9nMvJLBUuUmQInbNFc=
49,-12,TS/4EvoX71yqrQjJskKh++6v9P0=,E+DMd5W7u9nMvJLBUuUmQInbNFc=
52,-15,TS/4EvoX71yqrQjJskKh++6v9P0=,E+DMd5W7u9nMvJLBUuUmQInbNFc=
54,-16,TS/4EvoX71yqrQjJskKh++6v9P0=,E+DMd5W7u9nMvJLBUuUmQInbNFc=
55,-14,TS/4EvoX71yqrQjJskKh++6v9P0=,E+DMd5W7u9nMvJLBUuUmQInbNFc=
53,-16,TS/4EvoX71yqrQjJskKh++6v9P0=,E+DMd5W7u9nMvJLBUuUmQInbNFc=
48,-12,TS/4EvoX71yqrQjJskKh++6v9P0=,E+DMd5W7u9nMvJLBUuUmQInbNFc=
51,-15,TS/4EvoX71yqrQjJskKh++6v9P0=,E+DMd5W7u9nMvJLBUuUmQInbNFc=
55,-13,TS/4EvoX71yqrQjJskKh++6v9P0=,E+DMd5W7u9nMvJLBUuUmQInbNFc=
54,-13,TS/4EvoX71yqrQjJskKh++6v9P0=,E+DMd5W7u9nMvJLBUuUmQInbNFc=
50,-15,TS/4EvoX71yqrQjJskKh++6v9P0=,E+DMd5W7u9nMvJLBUuUmQInbNFc=
55,-9,TS/4EvoX71yqrQjJskKh++6v9P0=,E+DMd5W7u9nMvJLBUuUmQInbNFc=
54,-9,TS/4EvoX71yqrQjJskKh++6v9P0=,E+DMd5W7u9nMvJLBUuUmQInbNFc=
53,-9,TS/4EvoX71yqrQjJskKh++6v9P0=,E+DMd5W7u9nMvJLBUuUmQInbNFc=
55,-2,TS/4EvoX71yqrQjJskKh++6v9P0=,cppTL/FMDcS5ZZrNfW0om9VJuZ0=
54,-2,TS/4EvoX71yqrQjJskKh++6v9P0=,cppTL/FMDcS5ZZrNfW0om9VJuZ0=
52,-1,TS/4EvoX71yqrQjJskKh++6v9P0=,cppTL/FMDcS5ZZrNfW0om9VJuZ0=
53,-2,TS/4EvoX71yqrQjJskKh++6v9P0=,cppTL/FMDcS5ZZrNfW0om9VJuZ0=
53,-1,TS/4EvoX71yqrQjJskKh++6v9P0=,cppTL/FMDcS5ZZrNfW0om9VJuZ0=
49,-8,TS/4EvoX71yqrQjJskKh++6v9P0=,cppTL/FMDcS5ZZrNfW0om9VJuZ0=
48,-8,TS/4EvoX71yqrQjJskKh++6v9P0=,cppTL/FMDcS5ZZrNfW0om9VJuZ0=
52,-2,TS/4EvoX71yqrQjJskKh++6v9P0=,cppTL/FMDcS5ZZrNfW0om9VJuZ0=
51,-9,TS/4EvoX71yqrQjJskKh++6v9P0=,E+DMd5W7u9nMvJLBUuUmQInbNFc=
49,-9,TS/4EvoX71yqrQjJskKh++6v9P0=,E+DMd5W7u9nMvJLBUuUmQInbNFc=
50,-9,TS/4EvoX71yqrQjJskKh++6v9P0=,E+DMd5W7u9nMvJLBUuUmQInbNFc=
49,-2,TS/4EvoX71yqrQjJskKh++6v9P0=,cppTL/FMDcS5ZZrNfW0om9VJuZ0=
48,-2,TS/4EvoX71yqrQjJskKh++6v9P0=,cppTL/FMDcS5ZZrNfW0om9VJuZ0=
55,-3,TS/4EvoX71yqrQjJskKh++6v9P0=,cppTL/FMDcS5ZZrNfW0om9VJuZ0=
54,-3,TS/4EvoX71yqrQjJskKh++6v9P0=,cppTL/FMDcS5ZZrNfW0om9VJuZ0=
53,-3,TS/4EvoX71yqrQjJskKh++6v9P0=,cppTL/FMDcS5ZZrNfW0om9VJuZ0=
48,-9,TS/4EvoX71yqrQjJskKh++6v9P0=,E+DMd5W7u9nMvJLBUuUmQInbNFc=
51,-1,TS/4EvoX71yqrQjJskKh++6v9P0=,cppTL/FMDcS5ZZrNfW0om9VJuZ0=
50,-8,TS/4EvoX71yqrQjJskKh++6v9P0=,cppTL/FMDcS5ZZrNfW0om9VJuZ0=
52,-9,TS/4EvoX71yqrQjJskKh++6v9P0=,E+DMd5W7u9nMvJLBUuUmQInbNFc=
54,-1,TS/4EvoX71yqrQjJskKh++6v9P0=,cppTL/FMDcS5ZZrNfW0om9VJuZ0=
50,-3,TS/4EvoX71yqrQjJskKh++6v9P0=,cppTL/FMDcS5ZZrNfW0om9VJuZ0=
49,-3,TS/4EvoX71yqrQjJskKh++6v9P0=,cppTL/FMDcS5ZZrNfW0om9VJuZ0=
48,-3,TS/4EvoX71yqrQjJskKh++6v9P0=,cppTL/FMDcS5ZZrNfW0om9VJuZ0=
50,-2,TS/4EvoX71yqrQjJskKh++6v9P0=,cppTL/FMDcS5ZZrNfW0om9VJuZ0=
54,-4,TS/4EvoX71yqrQjJskKh++6v9P0=,cppTL/FMDcS5ZZrNfW0om9VJuZ0=
55,-4,TS/4EvoX71yqrQjJskKh++6v9P0=,cppTL/FMDcS5ZZrNfW0om9VJuZ0=
53,-4,TS/4EvoX71yqrQjJskKh++6v9P0=,cppTL/FMDcS5ZZrNfW0om9VJuZ0=
52,-4,TS/4EvoX71yqrQjJskKh++6v9P0=,cppTL/FMDcS5ZZrNfW0om9VJuZ0=
50,-1,TS/4EvoX71yqrQjJskKh++6v9P0=,cppTL/FMDcS5ZZrNfW0om9VJuZ0=
49,-4,TS/4EvoX71yqrQjJskKh++6v9P0=,cppTL/FMDcS5ZZrNfW0om9VJuZ0=
48,-4,TS/4EvoX71yqrQjJskKh++6v9P0=,cppTL/FMDcS5ZZrNfW0om9VJuZ0=
55,-5,TS/4EvoX71yqrQjJskKh++6v9P0=,cppTL/FMDcS5ZZrNfW0om9VJuZ0=
53,-5,TS/4EvoX71yqrQjJskKh++6v9P0=,cppTL/FMDcS5ZZrNfW0om9VJuZ0=
54,-5,TS/4EvoX71yqrQjJskKh++6v9P0=,cppTL/FMDcS5ZZrNfW0om9VJuZ0=
48,-1,TS/4EvoX71yqrQjJskKh++6v9P0=,cppTL/FMDcS5ZZrNfW0om9VJuZ0=
50,-4,TS/4EvoX71yqrQjJskKh++6v9P0=,cppTL/FMDcS5ZZrNfW0om9VJuZ0=
52,-3,TS/4EvoX71yqrQjJskKh++6v9P0=,cppTL/FMDcS5ZZrNfW0om9VJuZ0=
48,-5,TS/4EvoX71yqrQjJskKh++6v9P0=,cppTL/FMDcS5ZZrNfW0om9VJuZ0=
49,-5,TS/4EvoX71yqrQjJskKh++6v9P0=,cppTL/FMDcS5ZZrNfW0om9VJuZ0=
54,-6,TS/4EvoX71yqrQjJskKh++6v9P0=,cppTL/FMDcS5ZZrNfW0om9VJuZ0=
55,-6,TS/4EvoX71yqrQjJskKh++6v9P0=,cppTL/FMDcS5ZZrNfW0om9VJuZ0=
53,-6,TS/4EvoX71yqrQjJskKh++6v9P0=,cppTL/FMDcS5ZZrNfW0om9VJuZ0=
49,-1,TS/4EvoX71yqrQjJskKh++6v9P0=,cppTL/FMDcS5ZZrNfW0om9VJuZ0=
52,-5,TS/4EvoX71yqrQjJskKh++6v9P0=,cppTL/FMDcS5ZZrNfW0om9VJuZ0=
51,-4,TS/4EvoX71yqrQjJskKh++6v9P0=,cppTL/FMDcS5ZZrNfW0om9VJuZ0=
49,-6,TS/4EvoX71yqrQjJskKh++6v9P0=,cppTL/FMDcS5ZZrNfW0om9VJuZ0=
55,-7,TS/4EvoX71yqrQjJskKh++6v9P0=,cppTL/FMDcS5ZZrNfW0om9VJuZ0=
48,-6,TS/4EvoX71yqrQjJskKh++6v9P0=,cppTL/FMDcS5ZZrNfW0om9VJuZ0=
54,-7,TS/4EvoX71yqrQjJskKh++6v9P0=,cppTL/FMDcS5ZZrNfW0om9VJuZ0=
53,-7,TS/4EvoX71yqrQjJskKh++6v9P0=,cppTL/FMDcS5ZZrNfW0om9VJuZ0=
51,-2,TS/4EvoX71yqrQjJskKh++6v9P0=,cppTL/FMDcS5ZZrNfW0om9VJuZ0=
50,-5,TS/4EvoX71yqrQjJskKh++6v9P0=,cppTL/FMDcS5ZZrNfW0om9VJuZ0=
50,-6,TS/4EvoX71yqrQjJskKh++6v9P0=,cppTL/FMDcS5ZZrNfW0om9VJuZ0=
49,-7,TS/4EvoX71yqrQjJskKh++6v9P0=,cppTL/FMDcS5ZZrNfW0om9VJuZ0=
48,-7,TS/4EvoX71yqrQjJskKh++6v9P0=,cppTL/FMDcS5ZZrNfW0om9VJuZ0=
54,-8,TS/4EvoX71yqrQjJskKh++6v9P0=,cppTL/FMDcS5ZZrNfW0om9VJuZ0=
53,-8,TS/4EvoX71yqrQjJskKh++6v9P0=,cppTL/FMDcS5ZZrNfW0om9VJuZ0=
55,-8,TS/4EvoX71yqrQjJskKh++6v9P0=,cppTL/FMDcS5ZZrNfW0om9VJuZ0=
51,-3,TS/4EvoX71yqrQjJskKh++6v9P0=,cppTL/FMDcS5ZZrNfW0om9VJuZ0=
55,-1,TS/4EvoX71yqrQjJskKh++6v9P0=,cppTL/FMDcS5ZZrNfW0om9VJuZ0=
51,-8,TS/4EvoX71yqrQjJskKh++6v9P0=,cppTL/FMDcS5ZZrNfW0om9VJuZ0=
52,-6,TS/4EvoX71yqrQjJskKh++6v9P0=,cppTL/FMDcS5ZZrNfW0om9VJuZ0=
52,-8,TS/4EvoX71yqrQjJskKh++6v9P0=,cppTL/FMDcS5ZZrNfW0om9VJuZ0=
51,-5,TS/4EvoX71yqrQjJskKh++6v9P0=,cppTL/FMDcS5ZZrNfW0om9VJuZ0=
51,-6,TS/4EvoX71yqrQjJskKh++6v9P0=,cppTL/FMDcS5ZZrNfW0om9VJuZ0=
52,-7,TS/4EvoX71yqrQjJskKh++6v9P0=,cppTL/FMDcS5ZZrNfW0om9VJuZ0=
50,-7,TS/4EvoX71yqrQjJskKh++6v9P0=,cppTL/FMDcS5ZZrNfW0om9VJuZ0=
51,-7,TS/4EvoX71yqrQjJskKh++6v9P0=,cppTL/FMDcS5ZZrNfW0om9VJuZ0=
44,-19,hnJvacq1bEXBmeZv3/BwtlzE39Y=,8wn/bG/NrUCH+xxZn6814ajs2ag=
42,-23,hnJvacq1bEXBmeZv3/BwtlzE39Y=,8wn/bG/NrUCH+xxZn6814ajs2ag=
45,-19,hnJvacq1bEXBmeZv3/BwtlzE39Y=,8wn/bG/NrUCH+xxZn6814ajs2ag=
46,-19,hnJvacq1bEXBmeZv3/BwtlzE39Y=,8wn/bG/NrUCH+xxZn6814ajs2ag=
43,-23,hnJvacq1bEXBmeZv3/BwtlzE39Y=,8wn/bG/NrUCH+xxZn6814ajs2ag=
43,-19,hnJvacq1bEXBmeZv3/BwtlzE39Y=,8wn/bG/NrUCH+xxZn6814ajs2ag=
42,-19,hnJvacq1bEXBmeZv3/BwtlzE39Y=,8wn/bG/NrUCH+xxZn6814ajs2ag=
45,-20,hnJvacq1bEXBmeZv3/BwtlzE39Y=,8wn/bG/NrUCH+xxZn6814ajs2ag=
46,-23,hnJvacq1bEXBmeZv3/BwtlzE39Y=,8wn/bG/NrUCH+xxZn6814ajs2ag=
41,-19,hnJvacq1bEXBmeZv3/BwtlzE39Y=,8wn/bG/NrUCH+xxZn6814ajs2ag=
45,-23,hnJvacq1bEXBmeZv3/BwtlzE39Y=,8wn/bG/NrUCH+xxZn6814ajs2ag=
44,-20,hnJvacq1bEXBmeZv3/BwtlzE39Y=,8wn/bG/NrUCH+xxZn6814ajs2ag=
43,-20,hnJvacq1bEXBmeZv3/BwtlzE39Y=,8wn/bG/NrUCH+xxZn6814ajs2ag=
46,-21,hnJvacq1bEXBmeZv3/BwtlzE39Y=,8wn/bG/NrUCH+xxZn6814ajs2ag=
46,-22,hnJvacq1bEXBmeZv3/BwtlzE39Y=,8wn/bG/NrUCH+xxZn6814ajs2ag=
42,-20,hnJvacq1bEXBmeZv3/BwtlzE39Y=,8wn/bG/NrUCH+xxZn6814ajs2ag=
45,-21,hnJvacq1bEXBmeZv3/BwtlzE39Y=,8wn/bG/NrUCH+xxZn6814ajs2ag=
45,-22,hnJvacq1bEXBmeZv3/BwtlzE39Y=,8wn/bG/NrUCH+xxZn6814ajs2ag=
46,-20,hnJvacq1bEXBmeZv3/BwtlzE39Y=,8wn/bG/NrUCH+xxZn6814ajs2ag=
44,-21,hnJvacq1bEXBmeZv3/BwtlzE39Y=,8wn/bG/NrUCH+xxZn6814ajs2ag=
44,-22,hnJvacq1bEXBmeZv3/BwtlzE39Y=,8wn/bG/NrUCH+xxZn6814ajs2ag=
43,-21,hnJvacq1bEXBmeZv3/BwtlzE39Y=,8wn/bG/NrUCH+xxZn6814ajs2ag=
43,-22,hnJvacq1bEXBmeZv3/BwtlzE39Y=,8wn/bG/NrUCH+xxZn6814ajs2ag=
46,-18,hnJvacq1bEXBmeZv3/BwtlzE39Y=,8wn/bG/NrUCH+xxZn6814ajs2ag=
42,-21,hnJvacq1bEXBmeZv3/BwtlzE39Y=,8wn/bG/NrUCH+xxZn6814ajs2ag=
45,-18,hnJvacq1bEXBmeZv3/BwtlzE39Y=,8wn/bG/NrUCH+xxZn6814ajs2ag=
42,-22,hnJvacq1bEXBmeZv3/BwtlzE39Y=,8wn/bG/NrUCH+xxZn6814ajs2ag=
41,-20,hnJvacq1bEXBmeZv3/BwtlzE39Y=,8wn/bG/NrUCH+xxZn6814ajs2ag=
44,-18,hnJvacq1bEXBmeZv3/BwtlzE39Y=,8wn/bG/NrUCH+xxZn6814ajs2ag=
41,-21,hnJvacq1bEXBmeZv3/BwtlzE39Y=,8wn/bG/NrUCH+xxZn6814ajs2ag=
41,-22,hnJvacq1bEXBmeZv3/BwtlzE39Y=,8wn/bG/NrUCH+xxZn6814ajs2ag=
41,-23,hnJvacq1bEXBmeZv3/BwtlzE39Y=,8wn/bG/NrUCH+xxZn6814ajs2ag=
44,-23,hnJvacq1bEXBmeZv3/BwtlzE39Y=,8wn/bG/NrUCH+xxZn6814ajs2ag=
43,-18,hnJvacq1bEXBmeZv3/BwtlzE39Y=,8wn/bG/NrUCH+xxZn6814ajs2ag=
42,-18,hnJvacq1bEXBmeZv3/BwtlzE39Y=,8wn/bG/NrUCH+xxZn6814ajs2ag=
41,-18,hnJvacq1bEXBmeZv3/BwtlzE39Y=,8wn/bG/NrUCH+xxZn6814ajs2ag=
41,-17,hnJvacq1bEXBmeZv3/BwtlzE39Y=,8wn/bG/NrUCH+xxZn6814ajs2ag=
42,-17,hnJvacq1bEXBmeZv3/BwtlzE39Y=,8wn/bG/NrUCH+xxZn6814ajs2ag=
43,-17,hnJvacq1bEXBmeZv3/BwtlzE39Y=,8wn/bG/NrUCH+xxZn6814ajs2ag=
46,-17,hnJvacq1bEXBmeZv3/BwtlzE39Y=,8wn/bG/NrUCH+xxZn6814ajs2ag=
44,-17,hnJvacq1bEXBmeZv3/BwtlzE39Y=,8wn/bG/NrUCH+xxZn6814ajs2ag=
45,-17,hnJvacq1bEXBmeZv3/BwtlzE39Y=,8wn/bG/NrUCH+xxZn6814ajs2ag=
47,-19,hnJvacq1bEXBmeZv3/BwtlzE39Y=,8wn/bG/NrUCH+xxZn6814ajs2ag=
47,-18,hnJvacq1bEXBmeZv3/BwtlzE39Y=,8wn/bG/NrUCH+xxZn6814ajs2ag=
47,-20,hnJvacq1bEXBmeZv3/BwtlzE39Y=,8wn/bG/NrUCH+xxZn6814ajs2ag=
47,-22,hnJvacq1bEXBmeZv3/BwtlzE39Y=,8wn/bG/NrUCH+xxZn6814ajs2ag=
47,-21,hnJvacq1bEXBmeZv3/BwtlzE39Y=,8wn/bG/NrUCH+xxZn6814ajs2ag=
47,-23,hnJvacq1bEXBmeZv3/BwtlzE39Y=,8wn/bG/NrUCH+xxZn6814ajs2ag=
47,-17,hnJvacq1bEXBmeZv3/BwtlzE39Y=,8wn/bG/NrUCH+xxZn6814ajs2ag=
41,-24,hnJvacq1bEXBmeZv3/BwtlzE39Y=,8wn/bG/NrUCH+xxZn6814ajs2ag=
44,-24,hnJvacq1bEXBmeZv3/BwtlzE39Y=,8wn/bG/NrUCH+xxZn6814ajs2ag=
45,-24,hnJvacq1bEXBmeZv3/BwtlzE39Y=,8wn/bG/NrUCH+xxZn6814ajs2ag=
46,-24,hnJvacq1bEXBmeZv3/BwtlzE39Y=,8wn/bG/NrUCH+xxZn6814ajs2ag=
43,-29,hnJvacq1bEXBmeZv3/BwtlzE39Y=,4p7tl8sFSu6QE/EsJrzngB9ACM0=
47,-30,hnJvacq1bEXBmeZv3/BwtlzE39Y=,4p7tl8sFSu6QE/EsJrzngB9ACM0=
46,-30,hnJvacq1bEXBmeZv3/BwtlzE39Y=,4p7tl8sFSu6QE/EsJrzngB9ACM0=
45,-30,hnJvacq1bEXBmeZv3/BwtlzE39Y=,4p7tl8sFSu6QE/EsJrzngB9ACM0=
44,-30,hnJvacq1bEXBmeZv3/BwtlzE39Y=,4p7tl8sFSu6QE/EsJrzngB9ACM0=
42,-29,hnJvacq1bEXBmeZv3/BwtlzE39Y=,4p7tl8sFSu6QE/EsJrzngB9ACM0=
47,-31,hnJvacq1bEXBmeZv3/BwtlzE39Y=,4p7tl8sFSu6QE/EsJrzngB9ACM0=
46,-31,hnJvacq1bEXBmeZv3/BwtlzE39Y=,4p7tl8sFSu6QE/EsJrzngB9ACM0=
47,-25,hnJvacq1bEXBmeZv3/BwtlzE39Y=,4p7tl8sFSu6QE/EsJrzngB9ACM0=
43,-30,hnJvacq1bEXBmeZv3/BwtlzE39Y=,4p7tl8sFSu6QE/EsJrzngB9ACM0=
46,-25,hnJvacq1bEXBmeZv3/BwtlzE39Y=,4p7tl8sFSu6QE/EsJrzngB9ACM0=
45,-31,hnJvacq1bEXBmeZv3/BwtlzE39Y=,4p7tl8sFSu6QE/EsJrzngB9ACM0=
41,-29,hnJvacq1bEXBmeZv3/BwtlzE39Y=,4p7tl8sFSu6QE/EsJrzngB9ACM0=
45,-25,hnJvacq1bEXBmeZv3/BwtlzE39Y=,4p7tl8sFSu6QE/EsJrzngB9ACM0=
42,-30,hnJvacq1bEXBmeZv3/BwtlzE39Y=,4p7tl8sFSu6QE/EsJrzngB9ACM0=
44,-25,hnJvacq1bEXBmeZv3/BwtlzE39Y=,4p7tl8sFSu6QE/EsJrzngB9ACM0=
43,-25,hnJvacq1bEXBmeZv3/BwtlzE39Y=,4p7tl8sFSu6QE/EsJrzngB9ACM0=
47,-32,hnJvacq1bEXBmeZv3/BwtlzE39Y=,4p7tl8sFSu6QE/EsJrzngB9ACM0=
42,-25,hnJvacq1bEXBmeZv3/BwtlzE39Y=,4p7tl8sFSu6QE/EsJrzngB9ACM0=
46,-32,hnJvacq1bEXBmeZv3/BwtlzE39Y=,4p7tl8sFSu6QE/EsJrzngB9ACM0=
44,-31,hnJvacq1bEXBmeZv3/BwtlzE39Y=,4p7tl8sFSu6QE/EsJrzngB9ACM0=
41,-30,hnJvacq1bEXBmeZv3/BwtlzE39Y=,4p7tl8sFSu6QE/EsJrzngB9ACM0=
42,-31,hnJvacq1bEXBmeZv3/BwtlzE39Y=,4p7tl8sFSu6QE/EsJrzngB9ACM0=
43,-24,hnJvacq1bEXBmeZv3/BwtlzE39Y=,8wn/bG/NrUCH+xxZn6814ajs2ag=
43,-31,hnJvacq1bEXBmeZv3/BwtlzE39Y=,4p7tl8sFSu6QE/EsJrzngB9ACM0=
41,-31,hnJvacq1bEXBmeZv3/BwtlzE39Y=,4p7tl8sFSu6QE/EsJrzngB9ACM0=
45,-32,hnJvacq1bEXBmeZv3/BwtlzE39Y=,4p7tl8sFSu6QE/EsJrzngB9ACM0=
41,-25,hnJvacq1bEXBmeZv3/BwtlzE39Y=,4p7tl8sFSu6QE/EsJrzngB9ACM0=
47,-26,hnJvacq1bEXBmeZv3/BwtlzE39Y=,4p7tl8sFSu6QE/EsJrzngB9ACM0=
46,-26,hnJvacq1bEXBmeZv3/BwtlzE39Y=,4p7tl8sFSu6QE/EsJrzngB9ACM0=
41,-32,hnJvacq1bEXBmeZv3/BwtlzE39Y=,4p7tl8sFSu6QE/EsJrzngB9ACM0=
45,-26,hnJvacq1bEXBmeZv3/BwtlzE39Y=,4p7tl8sFSu6QE/EsJrzngB9ACM0=
44,-26,hnJvacq1bEXBmeZv3/BwtlzE39Y=,4p7tl8sFSu6QE/EsJrzngB9ACM0=
43,-26,hnJvacq1bEXBmeZv3/BwtlzE39Y=,4p7tl8sFSu6QE/EsJrzngB9ACM0=
42,-26,hnJvacq1bEXBmeZv3/BwtlzE39Y=,4p7tl8sFSu6QE/EsJrzngB9ACM0=
41,-26,hnJvacq1bEXBmeZv3/BwtlzE39Y=,4p7tl8sFSu6QE/EsJrzngB9ACM0=
47,-27,hnJvacq1bEXBmeZv3/BwtlzE39Y=,4p7tl8sFSu6QE/EsJrzngB9ACM0=
46,-27,hnJvacq1bEXBmeZv3/BwtlzE39Y=,4p7tl8sFSu6QE/EsJrzngB9ACM0=
45,-27,hnJvacq1bEXBmeZv3/BwtlzE39Y=,4p7tl8sFSu6QE/EsJrzngB9ACM0=
44,-27,hnJvacq1bEXBmeZv3/BwtlzE39Y=,4p7tl8sFSu6QE/EsJrzngB9ACM0=
43,-27,hnJvacq1bEXBmeZv3/BwtlzE39Y=,4p7tl8sFSu6QE/EsJrzngB9ACM0=
42,-27,hnJvacq1bEXBmeZv3/BwtlzE39Y=,4p7tl8sFSu6QE/EsJrzngB9ACM0=
41,-27,hnJvacq1bEXBmeZv3/BwtlzE39Y=,4p7tl8sFSu6QE/EsJrzngB9ACM0=
47,-28,hnJvacq1bEXBmeZv3/BwtlzE39Y=,4p7tl8sFSu6QE/EsJrzngB9ACM0=
46,-28,hnJvacq1bEXBmeZv3/BwtlzE39Y=,4p7tl8sFSu6QE/EsJrzngB9ACM0=
45,-28,hnJvacq1bEXBmeZv3/BwtlzE39Y=,4p7tl8sFSu6QE/EsJrzngB9ACM0=
44,-28,hnJvacq1bEXBmeZv3/BwtlzE39Y=,4p7tl8sFSu6QE/EsJrzngB9ACM0=
43,-28,hnJvacq1bEXBmeZv3/BwtlzE39Y=,4p7tl8sFSu6QE/EsJrzngB9ACM0=
42,-28,hnJvacq1bEXBmeZv3/BwtlzE39Y=,4p7tl8sFSu6QE/EsJrzngB9ACM0=
41,-28,hnJvacq1bEXBmeZv3/BwtlzE39Y=,4p7tl8sFSu6QE/EsJrzngB9ACM0=
47,-29,hnJvacq1bEXBmeZv3/BwtlzE39Y=,4p7tl8sFSu6QE/EsJrzngB9ACM0=
43,-32,hnJvacq1bEXBmeZv3/BwtlzE39Y=,4p7tl8sFSu6QE/EsJrzngB9ACM0=
46,-29,hnJvacq1bEXBmeZv3/BwtlzE39Y=,4p7tl8sFSu6QE/EsJrzngB9ACM0=
44,-32,hnJvacq1bEXBmeZv3/BwtlzE39Y=,4p7tl8sFSu6QE/EsJrzngB9ACM0=
45,-29,hnJvacq1bEXBmeZv3/BwtlzE39Y=,4p7tl8sFSu6QE/EsJrzngB9ACM0=
44,-29,hnJvacq1bEXBmeZv3/BwtlzE39Y=,4p7tl8sFSu6QE/EsJrzngB9ACM0=
42,-24,hnJvacq1bEXBmeZv3/BwtlzE39Y=,8wn/bG/NrUCH+xxZn6814ajs2ag=
47,-24,hnJvacq1bEXBmeZv3/BwtlzE39Y=,8wn/bG/NrUCH+xxZn6814ajs2ag=
42,-32,hnJvacq1bEXBmeZv3/BwtlzE39Y=,4p7tl8sFSu6QE/EsJrzngB9ACM0=
36,-21,hnJvacq1bEXBmeZv3/BwtlzE39Y=,zsbLVVwEORAf/FQUfcIEfI28EW4=
38,-17,hnJvacq1bEXBmeZv3/BwtlzE39Y=,zsbLVVwEORAf/FQUfcIEfI28EW4=
39,-17,hnJvacq1bEXBmeZv3/BwtlzE39Y=,zsbLVVwEORAf/FQUfcIEfI28EW4=
37,-17,hnJvacq1bEXBmeZv3/BwtlzE39Y=,zsbLVVwEORAf/FQUfcIEfI28EW4=
35,-21,hnJvacq1bEXBmeZv3/BwtlzE39Y=,zsbLVVwEORAf/FQUfcIEfI28EW4=
33,-17,hnJvacq1bEXBmeZv3/BwtlzE39Y=,zsbLVVwEORAf/FQUfcIEfI28EW4=
34,-21,hnJvacq1bEXBmeZv3/BwtlzE39Y=,zsbLVVwEORAf/FQUfcIEfI28EW4=
32,-17,hnJvacq1bEXBmeZv3/BwtlzE39Y=,zsbLVVwEORAf/FQUfcIEfI28EW4=
37,-22,hnJvacq1bEXBmeZv3/BwtlzE39Y=,zsbLVVwEORAf/FQUfcIEfI28EW4=
32,-21,hnJvacq1bEXBmeZv3/BwtlzE39Y=,zsbLVVwEORAf/FQUfcIEfI28EW4=
36,-17,hnJvacq1bEXBmeZv3/BwtlzE39Y=,zsbLVVwEORAf/FQUfcIEfI28EW4=
33,-21,hnJvacq1bEXBmeZv3/BwtlzE39Y=,zsbLVVwEORAf/FQUfcIEfI28EW4=
34,-17,hnJvacq1bEXBmeZv3/BwtlzE39Y=,zsbLVVwEORAf/FQUfcIEfI28EW4=
33,-18,hnJvacq1bEXBmeZv3/BwtlzE39Y=,zsbLVVwEORAf/FQUfcIEfI28EW4=
32,-18,hnJvacq1bEXBmeZv3/BwtlzE39Y=,zsbLVVwEORAf/FQUfcIEfI28EW4=
36,-22,hnJvacq1bEXBmeZv3/BwtlzE39Y=,zsbLVVwEORAf/FQUfcIEfI28EW4=
39,-22,hnJvacq1bEXBmeZv3/BwtlzE39Y=,zsbLVVwEORAf/FQUfcIEfI28EW4=
34,-18,hnJvacq1bEXBmeZv3/BwtlzE39Y=,zsbLVVwEORAf/FQUfcIEfI28EW4=
35,-17,hnJvacq1bEXBmeZv3/BwtlzE39Y=,zsbLVVwEORAf/FQUfcIEfI28EW4=
38,-18,hnJvacq1bEXBmeZv3/BwtlzE39Y=,zsbLVVwEORAf/FQUfcIEfI28EW4=
35,-22,hnJvacq1bEXBmeZv3/BwtlzE39Y=,zsbLVVwEORAf/FQUfcIEfI28EW4=
38,-22,hnJvacq1bEXBmeZv3/BwtlzE39Y=,zsbLVVwEORAf/FQUfcIEfI28EW4=
37,-18,hnJvacq1bEXBmeZv3/BwtlzE39Y=,zsbLVVwEORAf/FQUfcIEfI28EW4=
39,-18,hnJvacq1bEXBmeZv3/BwtlzE39Y=,zsbLVVwEORAf/FQUfcIEfI28EW4=
40,-19,hnJvacq1bEXBmeZv3/BwtlzE39Y=,8wn/bG/NrUCH+xxZn6814ajs2ag=
35,-18,hnJvacq1bEXBmeZv3/BwtlzE39Y=,zsbLVVwEORAf/FQUfcIEfI28EW4=
36,-18,hnJvacq1bEXBmeZv3/BwtlzE39Y=,zsbLVVwEORAf/FQUfcIEfI28EW4=
39,-23,hnJvacq1bEXBmeZv3/BwtlzE39Y=,zsbLVVwEORAf/FQUfcIEfI28EW4=
37,-23,hnJvacq1bEXBmeZv3/BwtlzE39Y=,zsbLVVwEORAf/FQUfcIEfI28EW4=
36,-23,hnJvacq1bEXBmeZv3/BwtlzE39Y=,zsbLVVwEORAf/FQUfcIEfI28EW4=
37,-19,hnJvacq1bEXBmeZv3/BwtlzE39Y=,zsbLVVwEORAf/FQUfcIEfI28EW4=
38,-19,hnJvacq1bEXBmeZv3/BwtlzE39Y=,zsbLVVwEORAf/FQUfcIEfI28EW4=
39,-19,hnJvacq1bEXBmeZv3/BwtlzE39Y=,zsbLVVwEORAf/FQUfcIEfI28EW4=
35,-19,hnJvacq1bEXBmeZv3/BwtlzE39Y=,zsbLVVwEORAf/FQUfcIEfI28EW4=
32,-19,hnJvacq1bEXBmeZv3/BwtlzE39Y=,zsbLVVwEORAf/FQUfcIEfI28EW4=
36,-19,hnJvacq1bEXBmeZv3/BwtlzE39Y=,zsbLVVwEORAf/FQUfcIEfI28EW4=
32,-22,hnJvacq1bEXBmeZv3/BwtlzE39Y=,zsbLVVwEORAf/FQUfcIEfI28EW4=
34,-22,hnJvacq1bEXBmeZv3/BwtlzE39Y=,zsbLVVwEORAf/FQUfcIEfI28EW4=
33,-22,hnJvacq1bEXBmeZv3/BwtlzE39Y=,zsbLVVwEORAf/FQUfcIEfI28EW4=
33,-19,hnJvacq1bEXBmeZv3/BwtlzE39Y=,zsbLVVwEORAf/FQUfcIEfI28EW4=
40,-17,hnJvacq1bEXBmeZv3/BwtlzE39Y=,8wn/bG/NrUCH+xxZn6814ajs2ag=
35,-23,hnJvacq1bEXBmeZv3/BwtlzE39Y=,zsbLVVwEORAf/FQUfcIEfI28EW4=
38,-23,hnJvacq1bEXBmeZv3/BwtlzE39Y=,zsbLVVwEORAf/FQUfcIEfI28EW4=
34,-19,hnJvacq1bEXBmeZv3/BwtlzE39Y=,zsbLVVwEORAf/FQUfcIEfI28EW4=
40,-23,hnJvacq1bEXBmeZv3/BwtlzE39Y=,8wn/bG/NrUCH+xxZn6814ajs2ag=
40,-22,hnJvacq1bEXBmeZv3/BwtlzE39Y=,8wn/bG/NrUCH+xxZn6814ajs2ag=
36,-20,hnJvacq1bEXBmeZv3/BwtlzE39Y=,zsbLVVwEORAf/FQUfcIEfI28EW4=
32,-23,hnJvacq1bEXBmeZv3/BwtlzE39Y=,zsbLVVwEORAf/FQUfcIEfI28EW4=
34,-23,hnJvacq1bEXBmeZv3/BwtlzE39Y=,zsbLVVwEORAf/FQUfcIEfI28EW4=
33,-23,hnJvacq1bEXBmeZv3/BwtlzE39Y=,zsbLVVwEORAf/FQUfcIEfI28EW4=
40,-18,hnJvacq1bEXBmeZv3/BwtlzE39Y=,8wn/bG/NrUCH+xxZn6814ajs2ag=
38,-20,hnJvacq1bEXBmeZv3/BwtlzE39Y=,zsbLVVwEORAf/FQUfcIEfI28EW4=
37,-20,hnJvacq1bEXBmeZv3/BwtlzE39Y=,zsbLVVwEORAf/FQUfcIEfI28EW4=
40,-20,hnJvacq1bEXBmeZv3/BwtlzE39Y=,8wn/bG/NrUCH+xxZn6814ajs2ag=
35,-20,hnJvacq1bEXBmeZv3/BwtlzE39Y=,zsbLVVwEORAf/FQUfcIEfI28EW4=
33,-20,hnJvacq1bEXBmeZv3/BwtlzE39Y=,zsbLVVwEORAf/FQUfcIEfI28EW4=
39,-20,hnJvacq1bEXBmeZv3/BwtlzE39Y=,zsbLVVwEORAf/FQUfcIEfI28EW4=
32,-20,hnJvacq1bEXBmeZv3/BwtlzE39Y=,zsbLVVwEORAf/FQUfcIEfI28EW4=
40,-21,hnJvacq1bEXBmeZv3/BwtlzE39Y=,8wn/bG/NrUCH+xxZn6814ajs2ag=
34,-20,hnJvacq1bEXBmeZv3/BwtlzE39Y=,zsbLVVwEORAf/FQUfcIEfI28EW4=
37,-21,hnJvacq1bEXBmeZv3/BwtlzE39Y=,zsbLVVwEORAf/FQUfcIEfI28EW4=
38,-21,hnJvacq1bEXBmeZv3/BwtlzE39Y=,zsbLVVwEORAf/FQUfcIEfI28EW4=
39,-21,hnJvacq1bEXBmeZv3/BwtlzE39Y=,zsbLVVwEORAf/FQUfcIEfI28EW4=
32,-27,hnJvacq1bEXBmeZv3/BwtlzE39Y=,TgEi8/T4A/t/AcGBRqkjNZK6OyI=
39,-28,hnJvacq1bEXBmeZv3/BwtlzE39Y=,TgEi8/T4A/t/AcGBRqkjNZK6OyI=
34,-27,hnJvacq1bEXBmeZv3/BwtlzE39Y=,TgEi8/T4A/t/AcGBRqkjNZK6OyI=
33,-27,hnJvacq1bEXBmeZv3/BwtlzE39Y=,TgEi8/T4A/t/AcGBRqkjNZK6OyI=
40,-29,hnJvacq1bEXBmeZv3/BwtlzE39Y=,4p7tl8sFSu6QE/EsJrzngB9ACM0=
35,-27,hnJvacq1bEXBmeZv3/BwtlzE39Y=,TgEi8/T4A/t/AcGBRqkjNZK6OyI=
36,-27,hnJvacq1bEXBmeZv3/BwtlzE39Y=,TgEi8/T4A/t/AcGBRqkjNZK6OyI=
38,-28,hnJvacq1bEXBmeZv3/BwtlzE39Y=,TgEi8/T4A/t/AcGBRqkjNZK6OyI=
40,-30,hnJvacq1bEXBmeZv3/BwtlzE39Y=,4p7tl8sFSu6QE/EsJrzngB9ACM0=
34,-28,hnJvacq1bEXBmeZv3/BwtlzE39Y=,TgEi8/T4A/t/AcGBRqkjNZK6OyI=
32,-28,hnJvacq1bEXBmeZv3/BwtlzE39Y=,TgEi8/T4A/t/AcGBRqkjNZK6OyI=
35,-28,hnJvacq1bEXBmeZv3/BwtlzE39Y=,TgEi8/T4A/t/AcGBRqkjNZK6OyI=
37,-28,hnJvacq1bEXBmeZv3/BwtlzE39Y=,TgEi8/T4A/t/AcGBRqkjNZK6OyI=
33,-28,hnJvacq1bEXBmeZv3/BwtlzE39Y=,TgEi8/T4A/t/AcGBRqkjNZK6OyI=
37,-27,hnJvacq1bEXBmeZv3/BwtlzE39Y=,TgEi8/T4A/t/AcGBRqkjNZK6OyI=
36,-28,hnJvacq1bEXBmeZv3/BwtlzE39Y=,TgEi8/T4A/t/AcGBRqkjNZK6OyI=
34,-29,hnJvacq1bEXBmeZv3/BwtlzE39Y=,TgEi8/T4A/t/AcGBRqkjNZK6OyI=
35,-29,hnJvacq1bEXBmeZv3/BwtlzE39Y=,TgEi8/T4A/t/AcGBRqkjNZK6OyI=
39,-29,hnJvacq1bEXBmeZv3/BwtlzE39Y=,TgEi8/T4A/t/AcGBRqkjNZK6OyI=
38,-27,hnJvacq1bEXBmeZv3/BwtlzE39Y=,TgEi8/T4A/t/AcGBRqkjNZK6OyI=
37,-30,hnJvacq1bEXBmeZv3/BwtlzE39Y=,TgEi8/T4A/t/AcGBRqkjNZK6OyI=
36,-29,hnJvacq1bEXBmeZv3/BwtlzE39Y=,TgEi8/T4A/t/AcGBRqkjNZK6OyI=
36,-30,hnJvacq1bEXBmeZv3/BwtlzE39Y=,TgEi8/T4A/t/AcGBRqkjNZK6OyI=
40,-31,hnJvacq1bEXBmeZv3/BwtlzE39Y=,4p7tl8sFSu6QE/EsJrzngB9ACM0=
32,-29,hnJvacq1bEXBmeZv3/BwtlzE39Y=,TgEi8/T4A/t/AcGBRqkjNZK6OyI=
37,-29,hnJvacq1bEXBmeZv3/BwtlzE39Y=,TgEi8/T4A/t/AcGBRqkjNZK6OyI=
39,-30,hnJvacq1bEXBmeZv3/BwtlzE39Y=,TgEi8/T4A/t/AcGBRqkjNZK6OyI=
38,-30,hnJvacq1bEXBmeZv3/BwtlzE39Y=,TgEi8/T4A/t/AcGBRqkjNZK6OyI=
39,-31,hnJvacq1bEXBmeZv3/BwtlzE39Y=,TgEi8/T4A/t/AcGBRqkjNZK6OyI=
38,-31,hnJvacq1bEXBmeZv3/BwtlzE39Y=,TgEi8/T4A/t/AcGBRqkjNZK6OyI=
39,-27,hnJvacq1bEXBmeZv3/BwtlzE39Y=,TgEi8/T4A/t/AcGBRqkjNZK6OyI=
35,-30,hnJvacq1bEXBmeZv3/BwtlzE39Y=,TgEi8/T4A/t/AcGBRqkjNZK6OyI=
40,-32,hnJvacq1bEXBmeZv3/BwtlzE39Y=,4p7tl8sFSu6QE/EsJrzngB9ACM0=
38,-29,hnJvacq1bEXBmeZv3/BwtlzE39Y=,TgEi8/T4A/t/AcGBRqkjNZK6OyI=
33,-29,hnJvacq1bEXBmeZv3/BwtlzE39Y=,TgEi8/T4A/t/AcGBRqkjNZK6OyI=
40,-25,hnJvacq1bEXBmeZv3/BwtlzE39Y=,4p7tl8sFSu6QE/EsJrzngB9ACM0=
34,-30,hnJvacq1bEXBmeZv3/BwtlzE39Y=,TgEi8/T4A/t/AcGBRqkjNZK6OyI=
39,-24,hnJvacq1bEXBmeZv3/BwtlzE39Y=,zsbLVVwEORAf/FQUfcIEfI28EW4=
37,-24,hnJvacq1bEXBmeZv3/BwtlzE39Y=,zsbLVVwEORAf/FQUfcIEfI28EW4=
33,-30,hnJvacq1bEXBmeZv3/BwtlzE39Y=,TgEi8/T4A/t/AcGBRqkjNZK6OyI=
37,-31,hnJvacq1bEXBmeZv3/BwtlzE39Y=,TgEi8/T4A/t/AcGBRqkjNZK6OyI=
36,-31,hnJvacq1bEXBmeZv3/BwtlzE39Y=,TgEi8/T4A/t/AcGBRqkjNZK6OyI=
32,-30,hnJvacq1bEXBmeZv3/BwtlzE39Y=,TgEi8/T4A/t/AcGBRqkjNZK6OyI=
32,-26,hnJvacq1bEXBmeZv3/BwtlzE39Y=,TgEi8/T4A/t/AcGBRqkjNZK6OyI=
36,-24,hnJvacq1bEXBmeZv3/BwtlzE39Y=,zsbLVVwEORAf/FQUfcIEfI28EW4=
40,-26,hnJvacq1bEXBmeZv3/BwtlzE39Y=,4p7tl8sFSu6QE/EsJrzngB9ACM0=
35,-31,hnJvacq1bEXBmeZv3/BwtlzE39Y=,TgEi8/T4A/t/AcGBRqkjNZK6OyI=
38,-24,hnJvacq1bEXBmeZv3/BwtlzE39Y=,zsbLVVwEORAf/FQUfcIEfI28EW4=
38,-25,hnJvacq1bEXBmeZv3/BwtlzE39Y=,TgEi8/T4A/t/AcGBRqkjNZK6OyI=
39,-25,hnJvacq1bEXBmeZv3/BwtlzE39Y=,TgEi8/T4A/t/AcGBRqkjNZK6OyI=
37,-25,hnJvacq1bEXBmeZv3/BwtlzE39Y=,TgEi8/T4A/t/AcGBRqkjNZK6OyI=
35,-24,hnJvacq1bEXBmeZv3/BwtlzE39Y=,zsbLVVwEORAf/FQUfcIEfI28EW4=
39,-32,hnJvacq1bEXBmeZv3/BwtlzE39Y=,TgEi8/T4A/t/AcGBRqkjNZK6OyI=
38,-32,hnJvacq1bEXBmeZv3/BwtlzE39Y=,TgEi8/T4A/t/AcGBRqkjNZK6OyI=
33,-26,hnJvacq1bEXBmeZv3/BwtlzE39Y=,TgEi8/T4A/t/AcGBRqkjNZK6OyI=
33,-31,hnJvacq1bEXBmeZv3/BwtlzE39Y=,TgEi8/T4A/t/AcGBRqkjNZK6OyI=
32,-24,hnJvacq1bEXBmeZv3/BwtlzE39Y=,zsbLVVwEORAf/FQUfcIEfI28EW4=
40,-27,hnJvacq1bEXBmeZv3/BwtlzE39Y=,4p7tl8sFSu6QE/EsJrzngB9ACM0=
34,-24,hnJvacq1bEXBmeZv3/BwtlzE39Y=,zsbLVVwEORAf/FQUfcIEfI28EW4=
33,-24,hnJvacq1bEXBmeZv3/BwtlzE39Y=,zsbLVVwEORAf/FQUfcIEfI28EW4=
34,-31,hnJvacq1bEXBmeZv3/BwtlzE39Y=,TgEi8/T4A/t/AcGBRqkjNZK6OyI=
36,-25,hnJvacq1bEXBmeZv3/BwtlzE39Y=,TgEi8/T4A/t/AcGBRqkjNZK6OyI=
35,-25,hnJvacq1bEXBmeZv3/BwtlzE39Y=,TgEi8/T4A/t/AcGBRqkjNZK6OyI=
32,-31,hnJvacq1bEXBmeZv3/BwtlzE39Y=,TgEi8/T4A/t/AcGBRqkjNZK6OyI=
34,-26,hnJvacq1bEXBmeZv3/BwtlzE39Y=,TgEi8/T4A/t/AcGBRqkjNZK6OyI=
37,-32,hnJvacq1bEXBmeZv3/BwtlzE39Y=,TgEi8/T4A/t/AcGBRqkjNZK6OyI=
34,-25,hnJvacq1bEXBmeZv3/BwtlzE39Y=,TgEi8/T4A/t/AcGBRqkjNZK6OyI=
33,-32,hnJvacq1bEXBmeZv3/BwtlzE39Y=,TgEi8/T4A/t/AcGBRqkjNZK6OyI=
33,-25,hnJvacq1bEXBmeZv3/BwtlzE39Y=,TgEi8/T4A/t/AcGBRqkjNZK6OyI=
32,-25,hnJvacq1bEXBmeZv3/BwtlzE39Y=,TgEi8/T4A/t/AcGBRqkjNZK6OyI=
36,-32,hnJvacq1bEXBmeZv3/BwtlzE39Y=,TgEi8/T4A/t/AcGBRqkjNZK6OyI=
40,-24,hnJvacq1bEXBmeZv3/BwtlzE39Y=,8wn/bG/NrUCH+xxZn6814ajs2ag=
35,-32,hnJvacq1bEXBmeZv3/BwtlzE39Y=,TgEi8/T4A/t/AcGBRqkjNZK6OyI=
35,-26,hnJvacq1bEXBmeZv3/BwtlzE39Y=,TgEi8/T4A/t/AcGBRqkjNZK6OyI=
34,-32,hnJvacq1bEXBmeZv3/BwtlzE39Y=,TgEi8/T4A/t/AcGBRqkjNZK6OyI=
39,-26,hnJvacq1bEXBmeZv3/BwtlzE39Y=,TgEi8/T4A/t/AcGBRqkjNZK6OyI=
40,-28,hnJvacq1bEXBmeZv3/BwtlzE39Y=,4p7tl8sFSu6QE/EsJrzngB9ACM0=
38,-26,hnJvacq1bEXBmeZv3/BwtlzE39Y=,TgEi8/T4A/t/AcGBRqkjNZK6OyI=
37,-26,hnJvacq1bEXBmeZv3/BwtlzE39Y=,TgEi8/T4A/t/AcGBRqkjNZK6OyI=
32,-32,hnJvacq1bEXBmeZv3/BwtlzE39Y=,TgEi8/T4A/t/AcGBRqkjNZK6OyI=
36,-26,hnJvacq1bEXBmeZv3/BwtlzE39Y=,TgEi8/T4A/t/AcGBRqkjNZK6OyI=
41,-15,hnJvacq1bEXBmeZv3/BwtlzE39Y=,YZdhiKIzYhu5d+2RcTd5LLUU2Xw=
46,-10,hnJvacq1bEXBmeZv3/BwtlzE39Y=,YZdhiKIzYhu5d+2RcTd5LLUU2Xw=
45,-10,hnJvacq1bEXBmeZv3/BwtlzE39Y=,YZdhiKIzYhu5d+2RcTd5LLUU2Xw=
44,-10,hnJvacq1bEXBmeZv3/BwtlzE39Y=,YZdhiKIzYhu5d+2RcTd5LLUU2Xw=
43,-10,hnJvacq1bEXBmeZv3/BwtlzE39Y=,YZdhiKIzYhu5d+2RcTd5LLUU2Xw=
42,-10,hnJvacq1bEXBmeZv3/BwtlzE39Y=,YZdhiKIzYhu5d+2RcTd5LLUU2Xw=
41,-10,hnJvacq1bEXBmeZv3/BwtlzE39Y=,YZdhiKIzYhu5d+2RcTd5LLUU2Xw=
46,-11,hnJvacq1bEXBmeZv3/BwtlzE39Y=,YZdhiKIzYhu5d+2RcTd5LLUU2Xw=
45,-11,hnJvacq1bEXBmeZv3/BwtlzE39Y=,YZdhiKIzYhu5d+2RcTd5LLUU2Xw=
44,-11,hnJvacq1bEXBmeZv3/BwtlzE39Y=,YZdhiKIzYhu5d+2RcTd5LLUU2Xw=
43,-11,hnJvacq1bEXBmeZv3/BwtlzE39Y=,YZdhiKIzYhu5d+2RcTd5LLUU2Xw=
42,-11,hnJvacq1bEXBmeZv3/BwtlzE39Y=,YZdhiKIzYhu5d+2RcTd5LLUU2Xw=
41,-11,hnJvacq1bEXBmeZv3/BwtlzE39Y=,YZdhiKIzYhu5d+2RcTd5LLUU2Xw=
46,-12,hnJvacq1bEXBmeZv3/BwtlzE39Y=,YZdhiKIzYhu5d+2RcTd5LLUU2Xw=
45,-12,hnJvacq1bEXBmeZv3/BwtlzE39Y=,YZdhiKIzYhu5d+2RcTd5LLUU2Xw=
44,-12,hnJvacq1bEXBmeZv3/BwtlzE39Y=,YZdhiKIzYhu5d+2RcTd5LLUU2Xw=
43,-12,hnJvacq1bEXBmeZv3/BwtlzE39Y=,YZdhiKIzYhu5d+2RcTd5LLUU2Xw=
42,-12,hnJvacq1bEXBmeZv3/BwtlzE39Y=,YZdhiKIzYhu5d+2RcTd5LLUU2Xw=
41,-12,hnJvacq1bEXBmeZv3/BwtlzE39Y=,YZdhiKIzYhu5d+2RcTd5LLUU2Xw=
46,-13,hnJvacq1bEXBmeZv3/BwtlzE39Y=,YZdhiKIzYhu5d+2RcTd5LLUU2Xw=
45,-13,hnJvacq1bEXBmeZv3/BwtlzE39Y=,YZdhiKIzYhu5d+2RcTd5LLUU2Xw=
44,-13,hnJvacq1bEXBmeZv3/BwtlzE39Y=,YZdhiKIzYhu5d+2RcTd5LLUU2Xw=
42,-13,hnJvacq1bEXBmeZv3/BwtlzE39Y=,YZdhiKIzYhu5d+2RcTd5LLUU2Xw=
43,-13,hnJvacq1bEXBmeZv3/BwtlzE39Y=,YZdhiKIzYhu5d+2RcTd5LLUU2Xw=
41,-13,hnJvacq1bEXBmeZv3/BwtlzE39Y=,YZdhiKIzYhu5d+2RcTd5LLUU2Xw=
46,-14,hnJvacq1bEXBmeZv3/BwtlzE39Y=,YZdhiKIzYhu5d+2RcTd5LLUU2Xw=
45,-14,hnJvacq1bEXBmeZv3/BwtlzE39Y=,YZdhiKIzYhu5d+2RcTd5LLUU2Xw=
44,-14,hnJvacq1bEXBmeZv3/BwtlzE39Y=,YZdhiKIzYhu5d+2RcTd5LLUU2Xw=
43,-14,hnJvacq1bEXBmeZv3/BwtlzE39Y=,YZdhiKIzYhu5d+2RcTd5LLUU2Xw=
42,-14,hnJvacq1bEXBmeZv3/BwtlzE39Y=,YZdhiKIzYhu5d+2RcTd5LLUU2Xw=
41,-14,hnJvacq1bEXBmeZv3/BwtlzE39Y=,YZdhiKIzYhu5d+2RcTd5LLUU2Xw=
46,-15,hnJvacq1bEXBmeZv3/BwtlzE39Y=,YZdhiKIzYhu5d+2RcTd5LLUU2Xw=
45,-15,hnJvacq1bEXBmeZv3/BwtlzE39Y=,YZdhiKIzYhu5d+2RcTd5LLUU2Xw=
44,-15,hnJvacq1bEXBmeZv3/BwtlzE39Y=,YZdhiKIzYhu5d+2RcTd5LLUU2Xw=
43,-15,hnJvacq1bEXBmeZv3/BwtlzE39Y=,YZdhiKIzYhu5d+2RcTd5LLUU2Xw=
42,-15,hnJvacq1bEXBmeZv3/BwtlzE39Y=,YZdhiKIzYhu5d+2RcTd5LLUU2Xw=
44,-9,hnJvacq1bEXBmeZv3/BwtlzE39Y=,YZdhiKIzYhu5d+2RcTd5LLUU2Xw=
45,-9,hnJvacq1bEXBmeZv3/BwtlzE39Y=,YZdhiKIzYhu5d+2RcTd5LLUU2Xw=
46,-9,hnJvacq1bEXBmeZv3/BwtlzE39Y=,YZdhiKIzYhu5d+2RcTd5LLUU2Xw=
44,-8,hnJvacq1bEXBmeZv3/BwtlzE39Y=,XFfmG9BhhGsB9OkfRCTUpndX19c=
42,-4,hnJvacq1bEXBmeZv3/BwtlzE39Y=,XFfmG9BhhGsB9OkfRCTUpndX19c=
45,-8,hnJvacq1bEXBmeZv3/BwtlzE39Y=,XFfmG9BhhGsB9OkfRCTUpndX19c=
42,-3,hnJvacq1bEXBmeZv3/BwtlzE39Y=,XFfmG9BhhGsB9OkfRCTUpndX19c=
41,-8,hnJvacq1bEXBmeZv3/BwtlzE39Y=,XFfmG9BhhGsB9OkfRCTUpndX19c=
44,-6,hnJvacq1bEXBmeZv3/BwtlzE39Y=,XFfmG9BhhGsB9OkfRCTUpndX19c=
45,-6,hnJvacq1bEXBmeZv3/BwtlzE39Y=,XFfmG9BhhGsB9OkfRCTUpndX19c=
46,-6,hnJvacq1bEXBmeZv3/BwtlzE39Y=,XFfmG9BhhGsB9OkfRCTUpndX19c=
43,-4,hnJvacq1bEXBmeZv3/BwtlzE39Y=,XFfmG9BhhGsB9OkfRCTUpndX19c=
43,-3,hnJvacq1bEXBmeZv3/BwtlzE39Y=,XFfmG9BhhGsB9OkfRCTUpndX19c=
41,-5,hnJvacq1bEXBmeZv3/BwtlzE39Y=,XFfmG9BhhGsB9OkfRCTUpndX19c=
42,-5,hnJvacq1bEXBmeZv3/BwtlzE39Y=,XFfmG9BhhGsB9OkfRCTUpndX19c=
41,-2,hnJvacq1bEXBmeZv3/BwtlzE39Y=,XFfmG9BhhGsB9OkfRCTUpndX19c=
46,-8,hnJvacq1bEXBmeZv3/BwtlzE39Y=,XFfmG9BhhGsB9OkfRCTUpndX19c=
44,-7,hnJvacq1bEXBmeZv3/BwtlzE39Y=,XFfmG9BhhGsB9OkfRCTUpndX19c=
44,-3,hnJvacq1bEXBmeZv3/BwtlzE39Y=,XFfmG9BhhGsB9OkfRCTUpndX19c=
45,-7,hnJvacq1bEXBmeZv3/BwtlzE39Y=,XFfmG9BhhGsB9OkfRCTUpndX19c=
44,-4,hnJvacq1bEXBmeZv3/BwtlzE39Y=,XFfmG9BhhGsB9OkfRCTUpndX19c=
46,-7,hnJvacq1bEXBmeZv3/BwtlzE39Y=,XFfmG9BhhGsB9OkfRCTUpndX19c=
42,-9,hnJvacq1bEXBmeZv3/BwtlzE39Y=,YZdhiKIzYhu5d+2RcTd5LLUU2Xw=
43,-6,hnJvacq1bEXBmeZv3/BwtlzE39Y=,XFfmG9BhhGsB9OkfRCTUpndX19c=
43,-9,hnJvacq1bEXBmeZv3/BwtlzE39Y=,YZdhiKIzYhu5d+2RcTd5LLUU2Xw=
41,-9,hnJvacq1bEXBmeZv3/BwtlzE39Y=,YZdhiKIzYhu5d+2RcTd5LLUU2Xw=
41,-6,hnJvacq1bEXBmeZv3/BwtlzE39Y=,XFfmG9BhhGsB9OkfRCTUpndX19c=
45,-2,hnJvacq1bEXBmeZv3/BwtlzE39Y=,XFfmG9BhhGsB9OkfRCTUpndX19c=
45,-3,hnJvacq1bEXBmeZv3/BwtlzE39Y=,XFfmG9BhhGsB9OkfRCTUpndX19c=
43,-7,hnJvacq1bEXBmeZv3/BwtlzE39Y=,XFfmG9BhhGsB9OkfRCTUpndX19c=
45,-4,hnJvacq1bEXBmeZv3/BwtlzE39Y=,XFfmG9BhhGsB9OkfRCTUpndX19c=
41,-3,hnJvacq1bEXBmeZv3/BwtlzE39Y=,XFfmG9BhhGsB9OkfRCTUpndX19c=
42,-6,hnJvacq1bEXBmeZv3/BwtlzE39Y=,XFfmG9BhhGsB9OkfRCTUpndX19c=
46,-3,hnJvacq1bEXBmeZv3/BwtlzE39Y=,XFfmG9BhhGsB9OkfRCTUpndX19c=
46,-4,hnJvacq1bEXBmeZv3/BwtlzE39Y=,XFfmG9BhhGsB9OkfRCTUpndX19c=
43,-5,hnJvacq1bEXBmeZv3/BwtlzE39Y=,XFfmG9BhhGsB9OkfRCTUpndX19c=
46,-2,hnJvacq1bEXBmeZv3/BwtlzE39Y=,XFfmG9BhhGsB9OkfRCTUpndX19c=
44,-5,hnJvacq1bEXBmeZv3/BwtlzE39Y=,XFfmG9BhhGsB9OkfRCTUpndX19c=
43,-8,hnJvacq1bEXBmeZv3/BwtlzE39Y=,XFfmG9BhhGsB9OkfRCTUpndX19c=
45,-5,hnJvacq1bEXBmeZv3/BwtlzE39Y=,XFfmG9BhhGsB9OkfRCTUpndX19c=
44,-2,hnJvacq1bEXBmeZv3/BwtlzE39Y=,XFfmG9BhhGsB9OkfRCTUpndX19c=
46,-5,hnJvacq1bEXBmeZv3/BwtlzE39Y=,XFfmG9BhhGsB9OkfRCTUpndX19c=
42,-7,hnJvacq1bEXBmeZv3/BwtlzE39Y=,XFfmG9BhhGsB9OkfRCTUpndX19c=
41,-4,hnJvacq1bEXBmeZv3/BwtlzE39Y=,XFfmG9BhhGsB9OkfRCTUpndX19c=
41,-7,hnJvacq1bEXBmeZv3/BwtlzE39Y=,XFfmG9BhhGsB9OkfRCTUpndX19c=
42,-8,hnJvacq1bEXBmeZv3/BwtlzE39Y=,XFfmG9BhhGsB9OkfRCTUpndX19c=
43,-2,hnJvacq1bEXBmeZv3/BwtlzE39Y=,XFfmG9BhhGsB9OkfRCTUpndX19c=
42,-2,hnJvacq1bEXBmeZv3/BwtlzE39Y=,XFfmG9BhhGsB9OkfRCTUpndX19c=
44,-1,hnJvacq1bEXBmeZv3/BwtlzE39Y=,XFfmG9BhhGsB9OkfRCTUpndX19c=
42,-1,hnJvacq1bEXBmeZv3/BwtlzE39Y=,XFfmG9BhhGsB9OkfRCTUpndX19c=
43,-1,hnJvacq1bEXBmeZv3/BwtlzE39Y=,XFfmG9BhhGsB9OkfRCTUpndX19c=
45,-1,hnJvacq1bEXBmeZv3/BwtlzE39Y=,XFfmG9BhhGsB9OkfRCTUpndX19c=
41,-1,hnJvacq1bEXBmeZv3/BwtlzE39Y=,XFfmG9BhhGsB9OkfRCTUpndX19c=
46,-1,hnJvacq1bEXBmeZv3/BwtlzE39Y=,XFfmG9BhhGsB9OkfRCTUpndX19c=
41,-16,hnJvacq1bEXBmeZv3/BwtlzE39Y=,YZdhiKIzYhu5d+2RcTd5LLUU2Xw=
42,-16,hnJvacq1bEXBmeZv3/BwtlzE39Y=,YZdhiKIzYhu5d+2RcTd5LLUU2Xw=
43,-16,hnJvacq1bEXBmeZv3/BwtlzE39Y=,YZdhiKIzYhu5d+2RcTd5LLUU2Xw=
44,-16,hnJvacq1bEXBmeZv3/BwtlzE39Y=,YZdhiKIzYhu5d+2RcTd5LLUU2Xw=
45,-16,hnJvacq1bEXBmeZv3/BwtlzE39Y=,YZdhiKIzYhu5d+2RcTd5LLUU2Xw=
46,-16,hnJvacq1bEXBmeZv3/BwtlzE39Y=,YZdhiKIzYhu5d+2RcTd5LLUU2Xw=
47,-15,hnJvacq1bEXBmeZv3/BwtlzE39Y=,YZdhiKIzYhu5d+2RcTd5LLUU2Xw=
47,-14,hnJvacq1bEXBmeZv3/BwtlzE39Y=,YZdhiKIzYhu5d+2RcTd5LLUU2Xw=
47,-13,hnJvacq1bEXBmeZv3/BwtlzE39Y=,YZdhiKIzYhu5d+2RcTd5LLUU2Xw=
47,-12,hnJvacq1bEXBmeZv3/BwtlzE39Y=,YZdhiKIzYhu5d+2RcTd5LLUU2Xw=
47,-11,hnJvacq1bEXBmeZv3/BwtlzE39Y=,YZdhiKIzYhu5d+2RcTd5LLUU2Xw=
47,-10,hnJvacq1bEXBmeZv3/BwtlzE39Y=,YZdhiKIzYhu5d+2RcTd5LLUU2Xw=
47,-9,hnJvacq1bEXBmeZv3/BwtlzE39Y=,YZdhiKIzYhu5d+2RcTd5LLUU2Xw=
47,-6,hnJvacq1bEXBmeZv3/BwtlzE39Y=,XFfmG9BhhGsB9OkfRCTUpndX19c=
47,-7,hnJvacq1bEXBmeZv3/BwtlzE39Y=,XFfmG9BhhGsB9OkfRCTUpndX19c=
47,-8,hnJvacq1bEXBmeZv3/BwtlzE39Y=,XFfmG9BhhGsB9OkfRCTUpndX19c=
47,-5,hnJvacq1bEXBmeZv3/BwtlzE39Y=,XFfmG9BhhGsB9OkfRCTUpndX19c=
47,-4,hnJvacq1bEXBmeZv3/BwtlzE39Y=,XFfmG9BhhGsB9OkfRCTUpndX19c=
47,-2,hnJvacq1bEXBmeZv3/BwtlzE39Y=,XFfmG9BhhGsB9OkfRCTUpndX19c=
47,-3,hnJvacq1bEXBmeZv3/BwtlzE39Y=,XFfmG9BhhGsB9OkfRCTUpndX19c=
47,-16,hnJvacq1bEXBmeZv3/BwtlzE39Y=,YZdhiKIzYhu5d+2RcTd5LLUU2Xw=
47,-1,hnJvacq1bEXBmeZv3/BwtlzE39Y=,XFfmG9BhhGsB9OkfRCTUpndX19c=
36,-11,hnJvacq1bEXBmeZv3/BwtlzE39Y=,FnszvTVhTw4LVNiZijLVzT4l6Bk=
34,-11,hnJvacq1bEXBmeZv3/BwtlzE39Y=,FnszvTVhTw4LVNiZijLVzT4l6Bk=
33,-11,hnJvacq1bEXBmeZv3/BwtlzE39Y=,FnszvTVhTw4LVNiZijLVzT4l6Bk=
32,-11,hnJvacq1bEXBmeZv3/BwtlzE39Y=,FnszvTVhTw4LVNiZijLVzT4l6Bk=
39,-12,hnJvacq1bEXBmeZv3/BwtlzE39Y=,FnszvTVhTw4LVNiZijLVzT4l6Bk=
40,-10,hnJvacq1bEXBmeZv3/BwtlzE39Y=,YZdhiKIzYhu5d+2RcTd5LLUU2Xw=
38,-12,bnswFTbaOb+LqMw5S26/L/8Jx2E=,FnszvTVhTw4LVNiZijLVzT4l6Bk=
34,-12,bnswFTbaOb+LqMw5S26/L/8Jx2E=,FnszvTVhTw4LVNiZijLVzT4l6Bk=
33,-12,bnswFTbaOb+LqMw5S26/L/8Jx2E=,FnszvTVhTw4LVNiZijLVzT4l6Bk=
32,-12,bnswFTbaOb+LqMw5S26/L/8Jx2E=,FnszvTVhTw4LVNiZijLVzT4l6Bk=
35,-11,hnJvacq1bEXBmeZv3/BwtlzE39Y=,FnszvTVhTw4LVNiZijLVzT4l6Bk=
39,-13,bnswFTbaOb+LqMw5S26/L/8Jx2E=,FnszvTVhTw4LVNiZijLVzT4l6Bk=
37,-12,bnswFTbaOb+LqMw5S26/L/8Jx2E=,FnszvTVhTw4LVNiZijLVzT4l6Bk=
40,-11,bnswFTbaOb+LqMw5S26/L/8Jx2E=,YZdhiKIzYhu5d+2RcTd5LLUU2Xw=
36,-13,bnswFTbaOb+LqMw5S26/L/8Jx2E=,FnszvTVhTw4LVNiZijLVzT4l6Bk=
35,-12,bnswFTbaOb+LqMw5S26/L/8Jx2E=,FnszvTVhTw4LVNiZijLVzT4l6Bk=
35,-13,bnswFTbaOb+LqMw5S26/L/8Jx2E=,FnszvTVhTw4LVNiZijLVzT4l6Bk=
34,-13,bnswFTbaOb+LqMw5S26/L/8Jx2E=,FnszvTVhTw4LVNiZijLVzT4l6Bk=
33,-13,bnswFTbaOb+LqMw5S26/L/8Jx2E=,FnszvTVhTw4LVNiZijLVzT4l6Bk=
32,-13,bnswFTbaOb+LqMw5S26/L/8Jx2E=,FnszvTVhTw4LVNiZijLVzT4l6Bk=
38,-13,bnswFTbaOb+LqMw5S26/L/8Jx2E=,FnszvTVhTw4LVNiZijLVzT4l6Bk=
37,-13,bnswFTbaOb+LqMw5S26/L/8Jx2E=,FnszvTVhTw4LVNiZijLVzT4l6Bk=
39,-14,bnswFTbaOb+LqMw5S26/L/8Jx2E=,FnszvTVhTw4LVNiZijLVzT4l6Bk=
38,-14,bnswFTbaOb+LqMw5S26/L/8Jx2E=,FnszvTVhTw4LVNiZijLVzT4l6Bk=
40,-12,bnswFTbaOb+LqMw5S26/L/8Jx2E=,YZdhiKIzYhu5d+2RcTd5LLUU2Xw=
36,-12,bnswFTbaOb+LqMw5S26/L/8Jx2E=,FnszvTVhTw4LVNiZijLVzT4l6Bk=
37,-14,bnswFTbaOb+LqMw5S26/L/8Jx2E=,FnszvTVhTw4LVNiZijLVzT4l6Bk=
36,-14,bnswFTbaOb+LqMw5S26/L/8Jx2E=,FnszvTVhTw4LVNiZijLVzT4l6Bk=
35,-14,bnswFTbaOb+LqMw5S26/L/8Jx2E=,FnszvTVhTw4LVNiZijLVzT4l6Bk=
33,-14,bnswFTbaOb+LqMw5S26/L/8Jx2E=,FnszvTVhTw4LVNiZijLVzT4l6Bk=
32,-14,bnswFTbaOb+LqMw5S26/L/8Jx2E=,FnszvTVhTw4LVNiZijLVzT4l6Bk=
34,-14,bnswFTbaOb+LqMw5S26/L/8Jx2E=,FnszvTVhTw4LVNiZijLVzT4l6Bk=
37,-15,bnswFTbaOb+LqMw5S26/L/8Jx2E=,FnszvTVhTw4LVNiZijLVzT4l6Bk=
36,-15,bnswFTbaOb+LqMw5S26/L/8Jx2E=,FnszvTVhTw4LVNiZijLVzT4l6Bk=
38,-15,bnswFTbaOb+LqMw5S26/L/8Jx2E=,FnszvTVhTw4LVNiZijLVzT4l6Bk=
40,-13,bnswFTbaOb+LqMw5S26/L/8Jx2E=,YZdhiKIzYhu5d+2RcTd5LLUU2Xw=
34,-15,bnswFTbaOb+LqMw5S26/L/8Jx2E=,FnszvTVhTw4LVNiZijLVzT4l6Bk=
35,-15,bnswFTbaOb+LqMw5S26/L/8Jx2E=,FnszvTVhTw4LVNiZijLVzT4l6Bk=
39,-15,bnswFTbaOb+LqMw5S26/L/8Jx2E=,FnszvTVhTw4LVNiZijLVzT4l6Bk=
40,-14,bnswFTbaOb+LqMw5S26/L/8Jx2E=,YZdhiKIzYhu5d+2RcTd5LLUU2Xw=
33,-15,bnswFTbaOb+LqMw5S26/L/8Jx2E=,FnszvTVhTw4LVNiZijLVzT4l6Bk=
32,-15,bnswFTbaOb+LqMw5S26/L/8Jx2E=,FnszvTVhTw4LVNiZijLVzT4l6Bk=
39,-10,bnswFTbaOb+LqMw5S26/L/8Jx2E=,FnszvTVhTw4LVNiZijLVzT4l6Bk=
37,-16,bnswFTbaOb+LqMw5S26/L/8Jx2E=,FnszvTVhTw4LVNiZijLVzT4l6Bk=
38,-10,bnswFTbaOb+LqMw5S26/L/8Jx2E=,FnszvTVhTw4LVNiZijLVzT4l6Bk=
38,-16,bnswFTbaOb+LqMw5S26/L/8Jx2E=,FnszvTVhTw4LVNiZijLVzT4l6Bk=
39,-16,bnswFTbaOb+LqMw5S26/L/8Jx2E=,FnszvTVhTw4LVNiZijLVzT4l6Bk=
36,-16,bnswFTbaOb+LqMw5S26/L/8Jx2E=,FnszvTVhTw4LVNiZijLVzT4l6Bk=
40,-15,bnswFTbaOb+LqMw5S26/L/8Jx2E=,YZdhiKIzYhu5d+2RcTd5LLUU2Xw=
37,-10,bnswFTbaOb+LqMw5S26/L/8Jx2E=,FnszvTVhTw4LVNiZijLVzT4l6Bk=
36,-10,bnswFTbaOb+LqMw5S26/L/8Jx2E=,FnszvTVhTw4LVNiZijLVzT4l6Bk=
34,-10,bnswFTbaOb+LqMw5S26/L/8Jx2E=,FnszvTVhTw4LVNiZijLVzT4l6Bk=
33,-10,bnswFTbaOb+LqMw5S26/L/8Jx2E=,FnszvTVhTw4LVNiZijLVzT4l6Bk=
40,-16,bnswFTbaOb+LqMw5S26/L/8Jx2E=,YZdhiKIzYhu5d+2RcTd5LLUU2Xw=
32,-10,bnswFTbaOb+LqMw5S26/L/8Jx2E=,FnszvTVhTw4LVNiZijLVzT4l6Bk=
35,-10,bnswFTbaOb+LqMw5S26/L/8Jx2E=,FnszvTVhTw4LVNiZijLVzT4l6Bk=
35,-16,bnswFTbaOb+LqMw5S26/L/8Jx2E=,FnszvTVhTw4LVNiZijLVzT4l6Bk=
33,-16,bnswFTbaOb+LqMw5S26/L/8Jx2E=,FnszvTVhTw4LVNiZijLVzT4l6Bk=
34,-16,bnswFTbaOb+LqMw5S26/L/8Jx2E=,FnszvTVhTw4LVNiZijLVzT4l6Bk=
39,-11,bnswFTbaOb+LqMw5S26/L/8Jx2E=,FnszvTVhTw4LVNiZijLVzT4l6Bk=
38,-11,hnJvacq1bEXBmeZv3/BwtlzE39Y=,FnszvTVhTw4LVNiZijLVzT4l6Bk=
32,-16,bnswFTbaOb+LqMw5S26/L/8Jx2E=,FnszvTVhTw4LVNiZijLVzT4l6Bk=
37,-11,hnJvacq1bEXBmeZv3/BwtlzE39Y=,FnszvTVhTw4LVNiZijLVzT4l6Bk=
40,-2,bnswFTbaOb+LqMw5S26/L/8Jx2E=,XFfmG9BhhGsB9OkfRCTUpndX19c=
32,-9,bnswFTbaOb+LqMw5S26/L/8Jx2E=,FnszvTVhTw4LVNiZijLVzT4l6Bk=
34,-9,bnswFTbaOb+LqMw5S26/L/8Jx2E=,FnszvTVhTw4LVNiZijLVzT4l6Bk=
33,-9,bnswFTbaOb+LqMw5S26/L/8Jx2E=,FnszvTVhTw4LVNiZijLVzT4l6Bk=
34,-5,bnswFTbaOb+LqMw5S26/L/8Jx2E=,qwSAI2aFwBJv09BZKS2dO53QOkA=
40,-9,bnswFTbaOb+LqMw5S26/L/8Jx2E=,YZdhiKIzYhu5d+2RcTd5LLUU2Xw=
35,-5,bnswFTbaOb+LqMw5S26/L/8Jx2E=,qwSAI2aFwBJv09BZKS2dO53QOkA=
35,-9,bnswFTbaOb+LqMw5S26/L/8Jx2E=,FnszvTVhTw4LVNiZijLVzT4l6Bk=
37,-1,bnswFTbaOb+LqMw5S26/L/8Jx2E=,qwSAI2aFwBJv09BZKS2dO53QOkA=
36,-1,bnswFTbaOb+LqMw5S26/L/8Jx2E=,qwSAI2aFwBJv09BZKS2dO53QOkA=
35,-1,bnswFTbaOb+LqMw5S26/L/8Jx2E=,qwSAI2aFwBJv09BZKS2dO53QOkA=
39,-2,bnswFTbaOb+LqMw5S26/L/8Jx2E=,qwSAI2aFwBJv09BZKS2dO53QOkA=
36,-9,bnswFTbaOb+LqMw5S26/L/8Jx2E=,FnszvTVhTw4LVNiZijLVzT4l6Bk=
38,-1,bnswFTbaOb+LqMw5S26/L/8Jx2E=,qwSAI2aFwBJv09BZKS2dO53QOkA=
33,-5,bnswFTbaOb+LqMw5S26/L/8Jx2E=,qwSAI2aFwBJv09BZKS2dO53QOkA=
38,-2,bnswFTbaOb+LqMw5S26/L/8Jx2E=,qwSAI2aFwBJv09BZKS2dO53QOkA=
32,-5,bnswFTbaOb+LqMw5S26/L/8Jx2E=,qwSAI2aFwBJv09BZKS2dO53QOkA=
37,-2,bnswFTbaOb+LqMw5S26/L/8Jx2E=,qwSAI2aFwBJv09BZKS2dO53QOkA=
36,-2,bnswFTbaOb+LqMw5S26/L/8Jx2E=,qwSAI2aFwBJv09BZKS2dO53QOkA=
39,-6,bnswFTbaOb+LqMw5S26/L/8Jx2E=,qwSAI2aFwBJv09BZKS2dO53QOkA=
36,-5,bnswFTbaOb+LqMw5S26/L/8Jx2E=,qwSAI2aFwBJv09BZKS2dO53QOkA=
38,-6,bnswFTbaOb+LqMw5S26/L/8Jx2E=,qwSAI2aFwBJv09BZKS2dO53QOkA=
40,-7,bnswFTbaOb+LqMw5S26/L/8Jx2E=,XFfmG9BhhGsB9OkfRCTUpndX19c=
34,-1,bnswFTbaOb+LqMw5S26/L/8Jx2E=,qwSAI2aFwBJv09BZKS2dO53QOkA=
35,-2,bnswFTbaOb+LqMw5S26/L/8Jx2E=,qwSAI2aFwBJv09BZKS2dO53QOkA=
40,-3,bnswFTbaOb+LqMw5S26/L/8Jx2E=,XFfmG9BhhGsB9OkfRCTUpndX19c=
34,-2,bnswFTbaOb+LqMw5S26/L/8Jx2E=,qwSAI2aFwBJv09BZKS2dO53QOkA=
33,-2,bnswFTbaOb+LqMw5S26/L/8Jx2E=,qwSAI2aFwBJv09BZKS2dO53QOkA=
37,-6,bnswFTbaOb+LqMw5S26/L/8Jx2E=,qwSAI2aFwBJv09BZKS2dO53QOkA=
40,-1,bnswFTbaOb+LqMw5S26/L/8Jx2E=,XFfmG9BhhGsB9OkfRCTUpndX19c=
37,-9,bnswFTbaOb+LqMw5S26/L/8Jx2E=,FnszvTVhTw4LVNiZijLVzT4l6Bk=
33,-1,bnswFTbaOb+LqMw5S26/L/8Jx2E=,qwSAI2aFwBJv09BZKS2dO53QOkA=
34,-6,bnswFTbaOb+LqMw5S26/L/8Jx2E=,qwSAI2aFwBJv09BZKS2dO53QOkA=
38,-9,bnswFTbaOb+LqMw5S26/L/8Jx2E=,FnszvTVhTw4LVNiZijLVzT4l6Bk=
37,-5,bnswFTbaOb+LqMw5S26/L/8Jx2E=,qwSAI2aFwBJv09BZKS2dO53QOkA=
38,-5,bnswFTbaOb+LqMw5S26/L/8Jx2E=,qwSAI2aFwBJv09BZKS2dO53QOkA=
39,-5,bnswFTbaOb+LqMw5S26/L/8Jx2E=,qwSAI2aFwBJv09BZKS2dO53QOkA=
39,-9,bnswFTbaOb+LqMw5S26/L/8Jx2E=,FnszvTVhTw4LVNiZijLVzT4l6Bk=
32,-1,bnswFTbaOb+LqMw5S26/L/8Jx2E=,qwSAI2aFwBJv09BZKS2dO53QOkA=
39,-7,bnswFTbaOb+LqMw5S26/L/8Jx2E=,qwSAI2aFwBJv09BZKS2dO53QOkA=
40,-4,bnswFTbaOb+LqMw5S26/L/8Jx2E=,XFfmG9BhhGsB9OkfRCTUpndX19c=
36,-6,bnswFTbaOb+LqMw5S26/L/8Jx2E=,qwSAI2aFwBJv09BZKS2dO53QOkA=
38,-7,bnswFTbaOb+LqMw5S26/L/8Jx2E=,qwSAI2aFwBJv09BZKS2dO53QOkA=
33,-6,bnswFTbaOb+LqMw5S26/L/8Jx2E=,qwSAI2aFwBJv09BZKS2dO53QOkA=
40,-8,bnswFTbaOb+LqMw5S26/L/8Jx2E=,XFfmG9BhhGsB9OkfRCTUpndX19c=
32,-4,bnswFTbaOb+LqMw5S26/L/8Jx2E=,qwSAI2aFwBJv09BZKS2dO53QOkA=
32,-8,bnswFTbaOb+LqMw5S26/L/8Jx2E=,qwSAI2aFwBJv09BZKS2dO53QOkA=
33,-4,bnswFTbaOb+LqMw5S26/L/8Jx2E=,qwSAI2aFwBJv09BZKS2dO53QOkA=
37,-7,bnswFTbaOb+LqMw5S26/L/8Jx2E=,qwSAI2aFwBJv09BZKS2dO53QOkA=
32,-6,bnswFTbaOb+LqMw5S26/L/8Jx2E=,qwSAI2aFwBJv09BZKS2dO53QOkA=
40,-6,bnswFTbaOb+LqMw5S26/L/8Jx2E=,XFfmG9BhhGsB9OkfRCTUpndX19c=
32,-2,bnswFTbaOb+LqMw5S26/L/8Jx2E=,qwSAI2aFwBJv09BZKS2dO53QOkA=
39,-3,bnswFTbaOb+LqMw5S26/L/8Jx2E=,qwSAI2aFwBJv09BZKS2dO53QOkA=
38,-3,bnswFTbaOb+LqMw5S26/L/8Jx2E=,qwSAI2aFwBJv09BZKS2dO53QOkA=
36,-7,bnswFTbaOb+LqMw5S26/L/8Jx2E=,qwSAI2aFwBJv09BZKS2dO53QOkA=
35,-6,bnswFTbaOb+LqMw5S26/L/8Jx2E=,qwSAI2aFwBJv09BZKS2dO53QOkA=
36,-3,bnswFTbaOb+LqMw5S26/L/8Jx2E=,qwSAI2aFwBJv09BZKS2dO53QOkA=
35,-3,bnswFTbaOb+LqMw5S26/L/8Jx2E=,qwSAI2aFwBJv09BZKS2dO53QOkA=
37,-3,bnswFTbaOb+LqMw5S26/L/8Jx2E=,qwSAI2aFwBJv09BZKS2dO53QOkA=
39,-8,bnswFTbaOb+LqMw5S26/L/8Jx2E=,qwSAI2aFwBJv09BZKS2dO53QOkA=
34,-3,bnswFTbaOb+LqMw5S26/L/8Jx2E=,qwSAI2aFwBJv09BZKS2dO53QOkA=
35,-7,bnswFTbaOb+LqMw5S26/L/8Jx2E=,qwSAI2aFwBJv09BZKS2dO53QOkA=
33,-8,bnswFTbaOb+LqMw5S26/L/8Jx2E=,qwSAI2aFwBJv09BZKS2dO53QOkA=
34,-4,bnswFTbaOb+LqMw5S26/L/8Jx2E=,qwSAI2aFwBJv09BZKS2dO53QOkA=
35,-4,bnswFTbaOb+LqMw5S26/L/8Jx2E=,qwSAI2aFwBJv09BZKS2dO53QOkA=
38,-8,bnswFTbaOb+LqMw5S26/L/8Jx2E=,qwSAI2aFwBJv09BZKS2dO53QOkA=
33,-3,bnswFTbaOb+LqMw5S26/L/8Jx2E=,qwSAI2aFwBJv09BZKS2dO53QOkA=
32,-3,bnswFTbaOb+LqMw5S26/L/8Jx2E=,qwSAI2aFwBJv09BZKS2dO53QOkA=
39,-4,bnswFTbaOb+LqMw5S26/L/8Jx2E=,qwSAI2aFwBJv09BZKS2dO53QOkA=
38,-4,bnswFTbaOb+LqMw5S26/L/8Jx2E=,qwSAI2aFwBJv09BZKS2dO53QOkA=
37,-4,bnswFTbaOb+LqMw5S26/L/8Jx2E=,qwSAI2aFwBJv09BZKS2dO53QOkA=
40,-5,bnswFTbaOb+LqMw5S26/L/8Jx2E=,XFfmG9BhhGsB9OkfRCTUpndX19c=
34,-7,bnswFTbaOb+LqMw5S26/L/8Jx2E=,qwSAI2aFwBJv09BZKS2dO53QOkA=
33,-7,bnswFTbaOb+LqMw5S26/L/8Jx2E=,qwSAI2aFwBJv09BZKS2dO53QOkA=
36,-4,bnswFTbaOb+LqMw5S26/L/8Jx2E=,qwSAI2aFwBJv09BZKS2dO53QOkA=
37,-8,bnswFTbaOb+LqMw5S26/L/8Jx2E=,qwSAI2aFwBJv09BZKS2dO53QOkA=
36,-8,bnswFTbaOb+LqMw5S26/L/8Jx2E=,qwSAI2aFwBJv09BZKS2dO53QOkA=
35,-8,bnswFTbaOb+LqMw5S26/L/8Jx2E=,qwSAI2aFwBJv09BZKS2dO53QOkA=
32,-7,bnswFTbaOb+LqMw5S26/L/8Jx2E=,qwSAI2aFwBJv09BZKS2dO53QOkA=
34,-8,bnswFTbaOb+LqMw5S26/L/8Jx2E=,qwSAI2aFwBJv09BZKS2dO53QOkA=
39,-1,bnswFTbaOb+LqMw5S26/L/8Jx2E=,qwSAI2aFwBJv09BZKS2dO53QOkA=
