-109,-80,YyIElEv3aqPjYWThmcqBKFJ8wgo=,/B8RK4cWDktX24F4soNJeAQdV/w=
-100,-77,YyIElEv3aqPjYWThmcqBKFJ8wgo=,/B8RK4cWDktX24F4soNJeAQdV/w=
-100,-78,YyIElEv3aqPjYWThmcqBKFJ8wgo=,/B8RK4cWDktX24F4soNJeAQdV/w=
-101,-78,YyIElEv3aqPjYWThmcqBKFJ8wgo=,/B8RK4cWDktX24F4soNJeAQdV/w=
-103,-78,YyIElEv3aqPjYWThmcqBKFJ8wgo=,/B8RK4cWDktX24F4soNJeAQdV/w=
-104,-78,YyIElEv3aqPjYWThmcqBKFJ8wgo=,/B8RK4cWDktX24F4soNJeAQdV/w=
-106,-78,YyIElEv3aqPjYWThmcqBKFJ8wgo=,/B8RK4cWDktX24F4soNJeAQdV/w=
-99,-78,YyIElEv3aqPjYWThmcqBKFJ8wgo=,/B8RK4cWDktX24F4soNJeAQdV/w=
-109,-78,YyIElEv3aqPjYWThmcqBKFJ8wgo=,/B8RK4cWDktX24F4soNJeAQdV/w=
-110,-78,YyIElEv3aqPjYWThmcqBKFJ8wgo=,/B8RK4cWDktX24F4soNJeAQdV/w=
-98,-65,YyIElEv3aqPjYWThmcqBKFJ8wgo=,/B8RK4cWDktX24F4soNJeAQdV/w=
-97,-65,YyIElEv3aqPjYWThmcqBKFJ8wgo=,/B8RK4cWDktX24F4soNJeAQdV/w=
-111,-78,YyIElEv3aqPjYWThmcqBKFJ8wgo=,/B8RK4cWDktX24F4soNJeAQdV/w=
-97,-79,YyIElEv3aqPjYWThmcqBKFJ8wgo=,/B8RK4cWDktX24F4soNJeAQdV/w=
-101,-77,YyIElEv3aqPjYWThmcqBKFJ8wgo=,/B8RK4cWDktX24F4soNJeAQdV/w=
-99,-65,YyIElEv3aqPjYWThmcqBKFJ8wgo=,/B8RK4cWDktX24F4soNJeAQdV/w=
-102,-77,YyIElEv3aqPjYWThmcqBKFJ8wgo=,/B8RK4cWDktX24F4soNJeAQdV/w=
-107,-78,YyIElEv3aqPjYWThmcqBKFJ8wgo=,/B8RK4cWDktX24F4soNJeAQdV/w=
-102,-65,YyIElEv3aqPjYWThmcqBKFJ8wgo=,/B8RK4cWDktX24F4soNJeAQdV/w=
-103,-65,YyIElEv3aqPjYWThmcqBKFJ8wgo=,/B8RK4cWDktX24F4soNJeAQdV/w=
-101,-65,YyIElEv3aqPjYWThmcqBKFJ8wgo=,/B8RK4cWDktX24F4soNJeAQdV/w=
-100,-65,YyIElEv3aqPjYWThmcqBKFJ8wgo=,/B8RK4cWDktX24F4soNJeAQdV/w=
-104,-65,YyIElEv3aqPjYWThmcqBKFJ8wgo=,/B8RK4cWDktX24F4soNJeAQdV/w=
-105,-65,YyIElEv3aqPjYWThmcqBKFJ8wgo=,/B8RK4cWDktX24F4soNJeAQdV/w=
-106,-65,YyIElEv3aqPjYWThmcqBKFJ8wgo=,/B8RK4cWDktX24F4soNJeAQdV/w=
-107,-65,YyIElEv3aqPjYWThmcqBKFJ8wgo=,/B8RK4cWDktX24F4soNJeAQdV/w=
-109,-65,YyIElEv3aqPjYWThmcqBKFJ8wgo=,/B8RK4cWDktX24F4soNJeAQdV/w=
-108,-65,YyIElEv3aqPjYWThmcqBKFJ8wgo=,/B8RK4cWDktX24F4soNJeAQdV/w=
-111,-65,YyIElEv3aqPjYWThmcqBKFJ8wgo=,/B8RK4cWDktX24F4soNJeAQdV/w=
-112,-65,YyIElEv3aqPjYWThmcqBKFJ8wgo=,/B8RK4cWDktX24F4soNJeAQdV/w=
-110,-65,YyIElEv3aqPjYWThmcqBKFJ8wgo=,/B8RK4cWDktX24F4soNJeAQdV/w=
-98,-79,YyIElEv3aqPjYWThmcqBKFJ8wgo=,/B8RK4cWDktX24F4soNJeAQdV/w=
-97,-66,YyIElEv3aqPjYWThmcqBKFJ8wgo=,/B8RK4cWDktX24F4soNJeAQdV/w=
-99,-66,YyIElEv3aqPjYWThmcqBKFJ8wgo=,/B8RK4cWDktX24F4soNJeAQdV/w=
-100,-66,YyIElEv3aqPjYWThmcqBKFJ8wgo=,/B8RK4cWDktX24F4soNJeAQdV/w=
-98,-66,YyIElEv3aqPjYWThmcqBKFJ8wgo=,/B8RK4cWDktX24F4soNJeAQdV/w=
-101,-66,YyIElEv3aqPjYWThmcqBKFJ8wgo=,/B8RK4cWDktX24F4soNJeAQdV/w=
-102,-66,YyIElEv3aqPjYWThmcqBKFJ8wgo=,/B8RK4cWDktX24F4soNJeAQdV/w=
-103,-66,YyIElEv3aqPjYWThmcqBKFJ8wgo=,/B8RK4cWDktX24F4soNJeAQdV/w=
-105,-78,YyIElEv3aqPjYWThmcqBKFJ8wgo=,/B8RK4cWDktX24F4soNJeAQdV/w=
-104,-66,YyIElEv3aqPjYWThmcqBKFJ8wgo=,/B8RK4cWDktX24F4soNJeAQdV/w=
-105,-66,YyIElEv3aqPjYWThmcqBKFJ8wgo=,/B8RK4cWDktX24F4soNJeAQdV/w=
-106,-66,YyIElEv3aqPjYWThmcqBKFJ8wgo=,/B8RK4cWDktX24F4soNJeAQdV/w=
-107,-66,YyIElEv3aqPjYWThmcqBKFJ8wgo=,/B8RK4cWDktX24F4soNJeAQdV/w=
-108,-66,YyIElEv3aqPjYWThmcqBKFJ8wgo=,/B8RK4cWDktX24F4soNJeAQdV/w=
-109,-66,YyIElEv3aqPjYWThmcqBKFJ8wgo=,/B8RK4cWDktX24F4soNJeAQdV/w=
-110,-66,YyIElEv3aqPjYWThmcqBKFJ8wgo=,/B8RK4cWDktX24F4soNJeAQdV/w=
-103,-77,YyIElEv3aqPjYWThmcqBKFJ8wgo=,/B8RK4cWDktX24F4soNJeAQdV/w=
-111,-66,YyIElEv3aqPjYWThmcqBKFJ8wgo=,/B8RK4cWDktX24F4soNJeAQdV/w=
-112,-66,YyIElEv3aqPjYWThmcqBKFJ8wgo=,/B8RK4cWDktX24F4soNJeAQdV/w=
-111,-80,YyIElEv3aqPjYWThmcqBKFJ8wgo=,/B8RK4cWDktX24F4soNJeAQdV/w=
-97,-67,YyIElEv3aqPjYWThmcqBKFJ8wgo=,/B8RK4cWDktX24F4soNJeAQdV/w=
-98,-67,YyIElEv3aqPjYWThmcqBKFJ8wgo=,/B8RK4cWDktX24F4soNJeAQdV/w=
-98,-78,YyIElEv3aqPjYWThmcqBKFJ8wgo=,/B8RK4cWDktX24F4soNJeAQdV/w=
-99,-67,YyIElEv3aqPjYWThmcqBKFJ8wgo=,/B8RK4cWDktX24F4soNJeAQdV/w=
-108,-80,YyIElEv3aqPjYWThmcqBKFJ8wgo=,/B8RK4cWDktX24F4soNJeAQdV/w=
-99,-77,YyIElEv3aqPjYWThmcqBKFJ8wgo=,/B8RK4cWDktX24F4soNJeAQdV/w=
-100,-67,YyIElEv3aqPjYWThmcqBKFJ8wgo=,/B8RK4cWDktX24F4soNJeAQdV/w=
-98,-77,YyIElEv3aqPjYWThmcqBKFJ8wgo=,/B8RK4cWDktX24F4soNJeAQdV/w=
-101,-67,YyIElEv3aqPjYWThmcqBKFJ8wgo=,/B8RK4cWDktX24F4soNJeAQdV/w=
-107,-80,YyIElEv3aqPjYWThmcqBKFJ8wgo=,/B8RK4cWDktX24F4soNJeAQdV/w=
-102,-67,YyIElEv3aqPjYWThmcqBKFJ8wgo=,/B8RK4cWDktX24F4soNJeAQdV/w=
-97,-77,YyIElEv3aqPjYWThmcqBKFJ8wgo=,/B8RK4cWDktX24F4soNJeAQdV/w=
-103,-67,YyIElEv3aqPjYWThmcqBKFJ8wgo=,/B8RK4cWDktX24F4soNJeAQdV/w=
-104,-67,YyIElEv3aqPjYWThmcqBKFJ8wgo=,/B8RK4cWDktX24F4soNJeAQdV/w=
-105,-67,YyIElEv3aqPjYWThmcqBKFJ8wgo=,/B8RK4cWDktX24F4soNJeAQdV/w=
-106,-67,YyIElEv3aqPjYWThmcqBKFJ8wgo=,/B8RK4cWDktX24F4soNJeAQdV/w=
-107,-67,YyIElEv3aqPjYWThmcqBKFJ8wgo=,/B8RK4cWDktX24F4soNJeAQdV/w=
-109,-67,YyIElEv3aqPjYWThmcqBKFJ8wgo=,/B8RK4cWDktX24F4soNJeAQdV/w=
-108,-67,YyIElEv3aqPjYWThmcqBKFJ8wgo=,/B8RK4cWDktX24F4soNJeAQdV/w=
-99,-79,YyIElEv3aqPjYWThmcqBKFJ8wgo=,/B8RK4cWDktX24F4soNJeAQdV/w=
-108,-78,YyIElEv3aqPjYWThmcqBKFJ8wgo=,/B8RK4cWDktX24F4soNJeAQdV/w=
-104,-77,YyIElEv3aqPjYWThmcqBKFJ8wgo=,/B8RK4cWDktX24F4soNJeAQdV/w=
-110,-67,YyIElEv3aqPjYWThmcqBKFJ8wgo=,/B8RK4cWDktX24F4soNJeAQdV/w=
-111,-67,YyIElEv3aqPjYWThmcqBKFJ8wgo=,/B8RK4cWDktX24F4soNJeAQdV/w=
-100,-79,YyIElEv3aqPjYWThmcqBKFJ8wgo=,/B8RK4cWDktX24F4soNJeAQdV/w=
-112,-67,YyIElEv3aqPjYWThmcqBKFJ8wgo=,/B8RK4cWDktX24F4soNJeAQdV/w=
-97,-68,YyIElEv3aqPjYWThmcqBKFJ8wgo=,/B8RK4cWDktX24F4soNJeAQdV/w=
-98,-68,YyIElEv3aqPjYWThmcqBKFJ8wgo=,/B8RK4cWDktX24F4soNJeAQdV/w=
-99,-68,YyIElEv3aqPjYWThmcqBKFJ8wgo=,/B8RK4cWDktX24F4soNJeAQdV/w=
-100,-68,YyIElEv3aqPjYWThmcqBKFJ8wgo=,/B8RK4cWDktX24F4soNJeAQdV/w=
-101,-68,YyIElEv3aqPjYWThmcqBKFJ8wgo=,/B8RK4cWDktX24F4soNJeAQdV/w=
-102,-68,YyIElEv3aqPjYWThmcqBKFJ8wgo=,/B8RK4cWDktX24F4soNJeAQdV/w=
-103,-68,YyIElEv3aqPjYWThmcqBKFJ8wgo=,/B8RK4cWDktX24F4soNJeAQdV/w=
-104,-68,YyIElEv3aqPjYWThmcqBKFJ8wgo=,/B8RK4cWDktX24F4soNJeAQdV/w=
-105,-68,YyIElEv3aqPjYWThmcqBKFJ8wgo=,/B8RK4cWDktX24F4soNJeAQdV/w=
-106,-68,YyIElEv3aqPjYWThmcqBKFJ8wgo=,/B8RK4cWDktX24F4soNJeAQdV/w=
-107,-68,YyIElEv3aqPjYWThmcqBKFJ8wgo=,/B8RK4cWDktX24F4soNJeAQdV/w=
-108,-68,YyIElEv3aqPjYWThmcqBKFJ8wgo=,/B8RK4cWDktX24F4soNJeAQdV/w=
-98,-80,YyIElEv3aqPjYWThmcqBKFJ8wgo=,/B8RK4cWDktX24F4soNJeAQdV/w=
-105,-77,YyIElEv3aqPjYWThmcqBKFJ8wgo=,/B8RK4cWDktX24F4soNJeAQdV/w=
-109,-68,YyIElEv3aqPjYWThmcqBKFJ8wgo=,/B8RK4cWDktX24F4soNJeAQdV/w=
-111,-68,YyIElEv3aqPjYWThmcqBKFJ8wgo=,/B8RK4cWDktX24F4soNJeAQdV/w=
-112,-68,YyIElEv3aqPjYWThmcqBKFJ8wgo=,/B8RK4cWDktX24F4soNJeAQdV/w=
-102,-78,YyIElEv3aqPjYWThmcqBKFJ8wgo=,/B8RK4cWDktX24F4soNJeAQdV/w=
-110,-68,YyIElEv3aqPjYWThmcqBKFJ8wgo=,/B8RK4cWDktX24F4soNJeAQdV/w=
-101,-79,YyIElEv3aqPjYWThmcqBKFJ8wgo=,/B8RK4cWDktX24F4soNJeAQdV/w=
-97,-69,YyIElEv3aqPjYWThmcqBKFJ8wgo=,/B8RK4cWDktX24F4soNJeAQdV/w=
-98,-69,YyIElEv3aqPjYWThmcqBKFJ8wgo=,/B8RK4cWDktX24F4soNJeAQdV/w=
-99,-69,YyIElEv3aqPjYWThmcqBKFJ8wgo=,/B8RK4cWDktX24F4soNJeAQdV/w=
-101,-69,YyIElEv3aqPjYWThmcqBKFJ8wgo=,/B8RK4cWDktX24F4soNJeAQdV/w=
-102,-69,YyIElEv3aqPjYWThmcqBKFJ8wgo=,/B8RK4cWDktX24F4soNJeAQdV/w=
-103,-69,YyIElEv3aqPjYWThmcqBKFJ8wgo=,/B8RK4cWDktX24F4soNJeAQdV/w=
-100,-69,YyIElEv3aqPjYWThmcqBKFJ8wgo=,/B8RK4cWDktX24F4soNJeAQdV/w=
-112,-79,YyIElEv3aqPjYWThmcqBKFJ8wgo=,/B8RK4cWDktX24F4soNJeAQdV/w=
-104,-69,YyIElEv3aqPjYWThmcqBKFJ8wgo=,/B8RK4cWDktX24F4soNJeAQdV/w=
-106,-69,YyIElEv3aqPjYWThmcqBKFJ8wgo=,/B8RK4cWDktX24F4soNJeAQdV/w=
-105,-69,YyIElEv3aqPjYWThmcqBKFJ8wgo=,/B8RK4cWDktX24F4soNJeAQdV/w=
-107,-69,YyIElEv3aqPjYWThmcqBKFJ8wgo=,/B8RK4cWDktX24F4soNJeAQdV/w=
-99,-80,YyIElEv3aqPjYWThmcqBKFJ8wgo=,/B8RK4cWDktX24F4soNJeAQdV/w=
-106,-77,YyIElEv3aqPjYWThmcqBKFJ8wgo=,/B8RK4cWDktX24F4soNJeAQdV/w=
-109,-69,YyIElEv3aqPjYWThmcqBKFJ8wgo=,/B8RK4cWDktX24F4soNJeAQdV/w=
-108,-69,YyIElEv3aqPjYWThmcqBKFJ8wgo=,/B8RK4cWDktX24F4soNJeAQdV/w=
-111,-69,YyIElEv3aqPjYWThmcqBKFJ8wgo=,/B8RK4cWDktX24F4soNJeAQdV/w=
-102,-79,YyIElEv3aqPjYWThmcqBKFJ8wgo=,/B8RK4cWDktX24F4soNJeAQdV/w=
-110,-69,YyIElEv3aqPjYWThmcqBKFJ8wgo=,/B8RK4cWDktX24F4soNJeAQdV/w=
-98,-70,YyIElEv3aqPjYWThmcqBKFJ8wgo=,/B8RK4cWDktX24F4soNJeAQdV/w=
-112,-69,YyIElEv3aqPjYWThmcqBKFJ8wgo=,/B8RK4cWDktX24F4soNJeAQdV/w=
-97,-70,YyIElEv3aqPjYWThmcqBKFJ8wgo=,/B8RK4cWDktX24F4soNJeAQdV/w=
-110,-80,YyIElEv3aqPjYWThmcqBKFJ8wgo=,/B8RK4cWDktX24F4soNJeAQdV/w=
-99,-70,YyIElEv3aqPjYWThmcqBKFJ8wgo=,/B8RK4cWDktX24F4soNJeAQdV/w=
-102,-70,YyIElEv3aqPjYWThmcqBKFJ8wgo=,/B8RK4cWDktX24F4soNJeAQdV/w=
-106,-70,YyIElEv3aqPjYWThmcqBKFJ8wgo=,/B8RK4cWDktX24F4soNJeAQdV/w=
-105,-70,YyIElEv3aqPjYWThmcqBKFJ8wgo=,/B8RK4cWDktX24F4soNJeAQdV/w=
-104,-70,YyIElEv3aqPjYWThmcqBKFJ8wgo=,/B8RK4cWDktX24F4soNJeAQdV/w=
-112,-78,YyIElEv3aqPjYWThmcqBKFJ8wgo=,/B8RK4cWDktX24F4soNJeAQdV/w=
-111,-79,YyIElEv3aqPjYWThmcqBKFJ8wgo=,/B8RK4cWDktX24F4soNJeAQdV/w=
-107,-70,YyIElEv3aqPjYWThmcqBKFJ8wgo=,/B8RK4cWDktX24F4soNJeAQdV/w=
-110,-79,YyIElEv3aqPjYWThmcqBKFJ8wgo=,/B8RK4cWDktX24F4soNJeAQdV/w=
-112,-76,YyIElEv3aqPjYWThmcqBKFJ8wgo=,/B8RK4cWDktX24F4soNJeAQdV/w=
-108,-70,YyIElEv3aqPjYWThmcqBKFJ8wgo=,/B8RK4cWDktX24F4soNJeAQdV/w=
-111,-76,YyIElEv3aqPjYWThmcqBKFJ8wgo=,/B8RK4cWDktX24F4soNJeAQdV/w=
-111,-70,YyIElEv3aqPjYWThmcqBKFJ8wgo=,/B8RK4cWDktX24F4soNJeAQdV/w=
-109,-70,YyIElEv3aqPjYWThmcqBKFJ8wgo=,/B8RK4cWDktX24F4soNJeAQdV/w=
-97,-80,YyIElEv3aqPjYWThmcqBKFJ8wgo=,/B8RK4cWDktX24F4soNJeAQdV/w=
-112,-70,YyIElEv3aqPjYWThmcqBKFJ8wgo=,/B8RK4cWDktX24F4soNJeAQdV/w=
-97,-71,YyIElEv3aqPjYWThmcqBKFJ8wgo=,/B8RK4cWDktX24F4soNJeAQdV/w=
-110,-76,YyIElEv3aqPjYWThmcqBKFJ8wgo=,/B8RK4cWDktX24F4soNJeAQdV/w=
-99,-71,YyIElEv3aqPjYWThmcqBKFJ8wgo=,/B8RK4cWDktX24F4soNJeAQdV/w=
-109,-76,YyIElEv3aqPjYWThmcqBKFJ8wgo=,/B8RK4cWDktX24F4soNJeAQdV/w=
-103,-79,YyIElEv3aqPjYWThmcqBKFJ8wgo=,/B8RK4cWDktX24F4soNJeAQdV/w=
-110,-70,YyIElEv3aqPjYWThmcqBKFJ8wgo=,/B8RK4cWDktX24F4soNJeAQdV/w=
-107,-76,YyIElEv3aqPjYWThmcqBKFJ8wgo=,/B8RK4cWDktX24F4soNJeAQdV/w=
-108,-76,YyIElEv3aqPjYWThmcqBKFJ8wgo=,/B8RK4cWDktX24F4soNJeAQdV/w=
-103,-71,YyIElEv3aqPjYWThmcqBKFJ8wgo=,/B8RK4cWDktX24F4soNJeAQdV/w=
-100,-80,YyIElEv3aqPjYWThmcqBKFJ8wgo=,/B8RK4cWDktX24F4soNJeAQdV/w=
-106,-76,YyIElEv3aqPjYWThmcqBKFJ8wgo=,/B8RK4cWDktX24F4soNJeAQdV/w=
-104,-71,YyIElEv3aqPjYWThmcqBKFJ8wgo=,/B8RK4cWDktX24F4soNJeAQdV/w=
-105,-71,YyIElEv3aqPjYWThmcqBKFJ8wgo=,/B8RK4cWDktX24F4soNJeAQdV/w=
-105,-76,YyIElEv3aqPjYWThmcqBKFJ8wgo=,/B8RK4cWDktX24F4soNJeAQdV/w=
-101,-80,YyIElEv3aqPjYWThmcqBKFJ8wgo=,/B8RK4cWDktX24F4soNJeAQdV/w=
-104,-76,YyIElEv3aqPjYWThmcqBKFJ8wgo=,/B8RK4cWDktX24F4soNJeAQdV/w=
-108,-77,YyIElEv3aqPjYWThmcqBKFJ8wgo=,/B8RK4cWDktX24F4soNJeAQdV/w=
-106,-71,YyIElEv3aqPjYWThmcqBKFJ8wgo=,/B8RK4cWDktX24F4soNJeAQdV/w=
-103,-76,YyIElEv3aqPjYWThmcqBKFJ8wgo=,/B8RK4cWDktX24F4soNJeAQdV/w=
-107,-71,YyIElEv3aqPjYWThmcqBKFJ8wgo=,/B8RK4cWDktX24F4soNJeAQdV/w=
-102,-76,YyIElEv3aqPjYWThmcqBKFJ8wgo=,/B8RK4cWDktX24F4soNJeAQdV/w=
-108,-71,YyIElEv3aqPjYWThmcqBKFJ8wgo=,/B8RK4cWDktX24F4soNJeAQdV/w=
-109,-71,YyIElEv3aqPjYWThmcqBKFJ8wgo=,/B8RK4cWDktX24F4soNJeAQdV/w=
-101,-76,YyIElEv3aqPjYWThmcqBKFJ8wgo=,/B8RK4cWDktX24F4soNJeAQdV/w=
-110,-71,YyIElEv3aqPjYWThmcqBKFJ8wgo=,/B8RK4cWDktX24F4soNJeAQdV/w=
-111,-71,YyIElEv3aqPjYWThmcqBKFJ8wgo=,/B8RK4cWDktX24F4soNJeAQdV/w=
-97,-78,YyIElEv3aqPjYWThmcqBKFJ8wgo=,/B8RK4cWDktX24F4soNJeAQdV/w=
-112,-71,YyIElEv3aqPjYWThmcqBKFJ8wgo=,/B8RK4cWDktX24F4soNJeAQdV/w=
-98,-72,YyIElEv3aqPjYWThmcqBKFJ8wgo=,/B8RK4cWDktX24F4soNJeAQdV/w=
-97,-72,YyIElEv3aqPjYWThmcqBKFJ8wgo=,/B8RK4cWDktX24F4soNJeAQdV/w=
-99,-72,YyIElEv3aqPjYWThmcqBKFJ8wgo=,/B8RK4cWDktX24F4soNJeAQdV/w=
-100,-72,YyIElEv3aqPjYWThmcqBKFJ8wgo=,/B8RK4cWDktX24F4soNJeAQdV/w=
-100,-70,YyIElEv3aqPjYWThmcqBKFJ8wgo=,/B8RK4cWDktX24F4soNJeAQdV/w=
-103,-70,YyIElEv3aqPjYWThmcqBKFJ8wgo=,/B8RK4cWDktX24F4soNJeAQdV/w=
-103,-72,YyIElEv3aqPjYWThmcqBKFJ8wgo=,/B8RK4cWDktX24F4soNJeAQdV/w=
-104,-72,YyIElEv3aqPjYWThmcqBKFJ8wgo=,/B8RK4cWDktX24F4soNJeAQdV/w=
-109,-77,YyIElEv3aqPjYWThmcqBKFJ8wgo=,/B8RK4cWDktX24F4soNJeAQdV/w=
-107,-77,YyIElEv3aqPjYWThmcqBKFJ8wgo=,/B8RK4cWDktX24F4soNJeAQdV/w=
-105,-72,YyIElEv3aqPjYWThmcqBKFJ8wgo=,/B8RK4cWDktX24F4soNJeAQdV/w=
-106,-72,YyIElEv3aqPjYWThmcqBKFJ8wgo=,/B8RK4cWDktX24F4soNJeAQdV/w=
-107,-72,YyIElEv3aqPjYWThmcqBKFJ8wgo=,/B8RK4cWDktX24F4soNJeAQdV/w=
-101,-70,YyIElEv3aqPjYWThmcqBKFJ8wgo=,/B8RK4cWDktX24F4soNJeAQdV/w=
-108,-72,YyIElEv3aqPjYWThmcqBKFJ8wgo=,/B8RK4cWDktX24F4soNJeAQdV/w=
-109,-72,YyIElEv3aqPjYWThmcqBKFJ8wgo=,/B8RK4cWDktX24F4soNJeAQdV/w=
-110,-72,YyIElEv3aqPjYWThmcqBKFJ8wgo=,/B8RK4cWDktX24F4soNJeAQdV/w=
-112,-72,YyIElEv3aqPjYWThmcqBKFJ8wgo=,/B8RK4cWDktX24F4soNJeAQdV/w=
-111,-72,YyIElEv3aqPjYWThmcqBKFJ8wgo=,/B8RK4cWDktX24F4soNJeAQdV/w=
-97,-73,YyIElEv3aqPjYWThmcqBKFJ8wgo=,/B8RK4cWDktX24F4soNJeAQdV/w=
-106,-80,YyIElEv3aqPjYWThmcqBKFJ8wgo=,/B8RK4cWDktX24F4soNJeAQdV/w=
-98,-73,YyIElEv3aqPjYWThmcqBKFJ8wgo=,/B8RK4cWDktX24F4soNJeAQdV/w=
-99,-73,YyIElEv3aqPjYWThmcqBKFJ8wgo=,/B8RK4cWDktX24F4soNJeAQdV/w=
-100,-73,YyIElEv3aqPjYWThmcqBKFJ8wgo=,/B8RK4cWDktX24F4soNJeAQdV/w=
-99,-76,YyIElEv3aqPjYWThmcqBKFJ8wgo=,/B8RK4cWDktX24F4soNJeAQdV/w=
-100,-76,YyIElEv3aqPjYWThmcqBKFJ8wgo=,/B8RK4cWDktX24F4soNJeAQdV/w=
-112,-80,YyIElEv3aqPjYWThmcqBKFJ8wgo=,/B8RK4cWDktX24F4soNJeAQdV/w=
-98,-76,YyIElEv3aqPjYWThmcqBKFJ8wgo=,/B8RK4cWDktX24F4soNJeAQdV/w=
-97,-76,YyIElEv3aqPjYWThmcqBKFJ8wgo=,/B8RK4cWDktX24F4soNJeAQdV/w=
-112,-75,YyIElEv3aqPjYWThmcqBKFJ8wgo=,/B8RK4cWDktX24F4soNJeAQdV/w=
-101,-71,YyIElEv3aqPjYWThmcqBKFJ8wgo=,/B8RK4cWDktX24F4soNJeAQdV/w=
-103,-73,YyIElEv3aqPjYWThmcqBKFJ8wgo=,/B8RK4cWDktX24F4soNJeAQdV/w=
-103,-80,YyIElEv3aqPjYWThmcqBKFJ8wgo=,/B8RK4cWDktX24F4soNJeAQdV/w=
-102,-73,YyIElEv3aqPjYWThmcqBKFJ8wgo=,/B8RK4cWDktX24F4soNJeAQdV/w=
-110,-77,YyIElEv3aqPjYWThmcqBKFJ8wgo=,/B8RK4cWDktX24F4soNJeAQdV/w=
-104,-73,YyIElEv3aqPjYWThmcqBKFJ8wgo=,/B8RK4cWDktX24F4soNJeAQdV/w=
-105,-73,YyIElEv3aqPjYWThmcqBKFJ8wgo=,/B8RK4cWDktX24F4soNJeAQdV/w=
-100,-71,YyIElEv3aqPjYWThmcqBKFJ8wgo=,/B8RK4cWDktX24F4soNJeAQdV/w=
-106,-73,YyIElEv3aqPjYWThmcqBKFJ8wgo=,/B8RK4cWDktX24F4soNJeAQdV/w=
-107,-73,YyIElEv3aqPjYWThmcqBKFJ8wgo=,/B8RK4cWDktX24F4soNJeAQdV/w=
-108,-73,YyIElEv3aqPjYWThmcqBKFJ8wgo=,/B8RK4cWDktX24F4soNJeAQdV/w=
-109,-73,YyIElEv3aqPjYWThmcqBKFJ8wgo=,/B8RK4cWDktX24F4soNJeAQdV/w=
-110,-73,YyIElEv3aqPjYWThmcqBKFJ8wgo=,/B8RK4cWDktX24F4soNJeAQdV/w=
-111,-73,YyIElEv3aqPjYWThmcqBKFJ8wgo=,/B8RK4cWDktX24F4soNJeAQdV/w=
-97,-74,YyIElEv3aqPjYWThmcqBKFJ8wgo=,/B8RK4cWDktX24F4soNJeAQdV/w=
-112,-73,YyIElEv3aqPjYWThmcqBKFJ8wgo=,/B8RK4cWDktX24F4soNJeAQdV/w=
-98,-74,YyIElEv3aqPjYWThmcqBKFJ8wgo=,/B8RK4cWDktX24F4soNJeAQdV/w=
-99,-74,YyIElEv3aqPjYWThmcqBKFJ8wgo=,/B8RK4cWDktX24F4soNJeAQdV/w=
-100,-74,YyIElEv3aqPjYWThmcqBKFJ8wgo=,/B8RK4cWDktX24F4soNJeAQdV/w=
-101,-74,YyIElEv3aqPjYWThmcqBKFJ8wgo=,/B8RK4cWDktX24F4soNJeAQdV/w=
-102,-74,YyIElEv3aqPjYWThmcqBKFJ8wgo=,/B8RK4cWDktX24F4soNJeAQdV/w=
-101,-73,YyIElEv3aqPjYWThmcqBKFJ8wgo=,/B8RK4cWDktX24F4soNJeAQdV/w=
-104,-79,YyIElEv3aqPjYWThmcqBKFJ8wgo=,/B8RK4cWDktX24F4soNJeAQdV/w=
-111,-77,YyIElEv3aqPjYWThmcqBKFJ8wgo=,/B8RK4cWDktX24F4soNJeAQdV/w=
-103,-74,YyIElEv3aqPjYWThmcqBKFJ8wgo=,/B8RK4cWDktX24F4soNJeAQdV/w=
-104,-74,YyIElEv3aqPjYWThmcqBKFJ8wgo=,/B8RK4cWDktX24F4soNJeAQdV/w=
-105,-74,YyIElEv3aqPjYWThmcqBKFJ8wgo=,/B8RK4cWDktX24F4soNJeAQdV/w=
-102,-71,YyIElEv3aqPjYWThmcqBKFJ8wgo=,/B8RK4cWDktX24F4soNJeAQdV/w=
-107,-74,YyIElEv3aqPjYWThmcqBKFJ8wgo=,/B8RK4cWDktX24F4soNJeAQdV/w=
-108,-74,YyIElEv3aqPjYWThmcqBKFJ8wgo=,/B8RK4cWDktX24F4soNJeAQdV/w=
-106,-74,YyIElEv3aqPjYWThmcqBKFJ8wgo=,/B8RK4cWDktX24F4soNJeAQdV/w=
-109,-74,YyIElEv3aqPjYWThmcqBKFJ8wgo=,/B8RK4cWDktX24F4soNJeAQdV/w=
-110,-74,YyIElEv3aqPjYWThmcqBKFJ8wgo=,/B8RK4cWDktX24F4soNJeAQdV/w=
-111,-74,YyIElEv3aqPjYWThmcqBKFJ8wgo=,/B8RK4cWDktX24F4soNJeAQdV/w=
-107,-79,YyIElEv3aqPjYWThmcqBKFJ8wgo=,/B8RK4cWDktX24F4soNJeAQdV/w=
-112,-74,YyIElEv3aqPjYWThmcqBKFJ8wgo=,/B8RK4cWDktX24F4soNJeAQdV/w=
-97,-75,YyIElEv3aqPjYWThmcqBKFJ8wgo=,/B8RK4cWDktX24F4soNJeAQdV/w=
-98,-75,YyIElEv3aqPjYWThmcqBKFJ8wgo=,/B8RK4cWDktX24F4soNJeAQdV/w=
-99,-75,YyIElEv3aqPjYWThmcqBKFJ8wgo=,/B8RK4cWDktX24F4soNJeAQdV/w=
-100,-75,YyIElEv3aqPjYWThmcqBKFJ8wgo=,/B8RK4cWDktX24F4soNJeAQdV/w=
-101,-75,YyIElEv3aqPjYWThmcqBKFJ8wgo=,/B8RK4cWDktX24F4soNJeAQdV/w=
-112,-77,YyIElEv3aqPjYWThmcqBKFJ8wgo=,/B8RK4cWDktX24F4soNJeAQdV/w=
-108,-79,YyIElEv3aqPjYWThmcqBKFJ8wgo=,/B8RK4cWDktX24F4soNJeAQdV/w=
-102,-75,YyIElEv3aqPjYWThmcqBKFJ8wgo=,/B8RK4cWDktX24F4soNJeAQdV/w=
-103,-75,YyIElEv3aqPjYWThmcqBKFJ8wgo=,/B8RK4cWDktX24F4soNJeAQdV/w=
-104,-75,YyIElEv3aqPjYWThmcqBKFJ8wgo=,/B8RK4cWDktX24F4soNJeAQdV/w=
-101,-72,YyIElEv3aqPjYWThmcqBKFJ8wgo=,/B8RK4cWDktX24F4soNJeAQdV/w=
-105,-75,YyIElEv3aqPjYWThmcqBKFJ8wgo=,/B8RK4cWDktX24F4soNJeAQdV/w=
-106,-75,YyIElEv3aqPjYWThmcqBKFJ8wgo=,/B8RK4cWDktX24F4soNJeAQdV/w=
-102,-80,YyIElEv3aqPjYWThmcqBKFJ8wgo=,/B8RK4cWDktX24F4soNJeAQdV/w=
-107,-75,YyIElEv3aqPjYWThmcqBKFJ8wgo=,/B8RK4cWDktX24F4soNJeAQdV/w=
-105,-79,YyIElEv3aqPjYWThmcqBKFJ8wgo=,/B8RK4cWDktX24F4soNJeAQdV/w=
-108,-75,YyIElEv3aqPjYWThmcqBKFJ8wgo=,/B8RK4cWDktX24F4soNJeAQdV/w=
-109,-75,YyIElEv3aqPjYWThmcqBKFJ8wgo=,/B8RK4cWDktX24F4soNJeAQdV/w=
-111,-75,YyIElEv3aqPjYWThmcqBKFJ8wgo=,/B8RK4cWDktX24F4soNJeAQdV/w=
-110,-75,YyIElEv3aqPjYWThmcqBKFJ8wgo=,/B8RK4cWDktX24F4soNJeAQdV/w=
-98,-71,YyIElEv3aqPjYWThmcqBKFJ8wgo=,/B8RK4cWDktX24F4soNJeAQdV/w=
-109,-79,YyIElEv3aqPjYWThmcqBKFJ8wgo=,/B8RK4cWDktX24F4soNJeAQdV/w=
-102,-72,YyIElEv3aqPjYWThmcqBKFJ8wgo=,/B8RK4cWDktX24F4soNJeAQdV/w=
-104,-80,YyIElEv3aqPjYWThmcqBKFJ8wgo=,/B8RK4cWDktX24F4soNJeAQdV/w=
-106,-79,YyIElEv3aqPjYWThmcqBKFJ8wgo=,/B8RK4cWDktX24F4soNJeAQdV/w=
-105,-80,YyIElEv3aqPjYWThmcqBKFJ8wgo=,/B8RK4cWDktX24F4soNJeAQdV/w=
-109,-96,YyIElEv3aqPjYWThmcqBKFJ8wgo=,fd8T/I//QSCXy2hGQ9m7iBbZ4vs=
-100,-93,YyIElEv3aqPjYWThmcqBKFJ8wgo=,fd8T/I//QSCXy2hGQ9m7iBbZ4vs=
-99,-94,YyIElEv3aqPjYWThmcqBKFJ8wgo=,fd8T/I//QSCXy2hGQ9m7iBbZ4vs=
-100,-94,YyIElEv3aqPjYWThmcqBKFJ8wgo=,fd8T/I//QSCXy2hGQ9m7iBbZ4vs=
-108,-96,YyIElEv3aqPjYWThmcqBKFJ8wgo=,fd8T/I//QSCXy2hGQ9m7iBbZ4vs=
-98,-94,YyIElEv3aqPjYWThmcqBKFJ8wgo=,fd8T/I//QSCXy2hGQ9m7iBbZ4vs=
-99,-93,YyIElEv3aqPjYWThmcqBKFJ8wgo=,fd8T/I//QSCXy2hGQ9m7iBbZ4vs=
-101,-94,YyIElEv3aqPjYWThmcqBKFJ8wgo=,fd8T/I//QSCXy2hGQ9m7iBbZ4vs=
-102,-94,YyIElEv3aqPjYWThmcqBKFJ8wgo=,fd8T/I//QSCXy2hGQ9m7iBbZ4vs=
-98,-93,YyIElEv3aqPjYWThmcqBKFJ8wgo=,fd8T/I//QSCXy2hGQ9m7iBbZ4vs=
-97,-93,YyIElEv3aqPjYWThmcqBKFJ8wgo=,fd8T/I//QSCXy2hGQ9m7iBbZ4vs=
-103,-94,YyIElEv3aqPjYWThmcqBKFJ8wgo=,fd8T/I//QSCXy2hGQ9m7iBbZ4vs=
-107,-96,YyIElEv3aqPjYWThmcqBKFJ8wgo=,fd8T/I//QSCXy2hGQ9m7iBbZ4vs=
-104,-94,YyIElEv3aqPjYWThmcqBKFJ8wgo=,fd8T/I//QSCXy2hGQ9m7iBbZ4vs=
-112,-92,YyIElEv3aqPjYWThmcqBKFJ8wgo=,fd8T/I//QSCXy2hGQ9m7iBbZ4vs=
-110,-95,YyIElEv3aqPjYWThmcqBKFJ8wgo=,fd8T/I//QSCXy2hGQ9m7iBbZ4vs=
-105,-94,YyIElEv3aqPjYWThmcqBKFJ8wgo=,fd8T/I//QSCXy2hGQ9m7iBbZ4vs=
-111,-92,YyIElEv3aqPjYWThmcqBKFJ8wgo=,fd8T/I//QSCXy2hGQ9m7iBbZ4vs=
-106,-94,YyIElEv3aqPjYWThmcqBKFJ8wgo=,fd8T/I//QSCXy2hGQ9m7iBbZ4vs=
-110,-92,YyIElEv3aqPjYWThmcqBKFJ8wgo=,fd8T/I//QSCXy2hGQ9m7iBbZ4vs=
-107,-94,YyIElEv3aqPjYWThmcqBKFJ8wgo=,fd8T/I//QSCXy2hGQ9m7iBbZ4vs=
-109,-92,YyIElEv3aqPjYWThmcqBKFJ8wgo=,fd8T/I//QSCXy2hGQ9m7iBbZ4vs=
-108,-92,YyIElEv3aqPjYWThmcqBKFJ8wgo=,fd8T/I//QSCXy2hGQ9m7iBbZ4vs=
-107,-92,YyIElEv3aqPjYWThmcqBKFJ8wgo=,fd8T/I//QSCXy2hGQ9m7iBbZ4vs=
-106,-92,YyIElEv3aqPjYWThmcqBKFJ8wgo=,fd8T/I//QSCXy2hGQ9m7iBbZ4vs=
-97,-95,YyIElEv3aqPjYWThmcqBKFJ8wgo=,fd8T/I//QSCXy2hGQ9m7iBbZ4vs=
-108,-94,YyIElEv3aqPjYWThmcqBKFJ8wgo=,fd8T/I//QSCXy2hGQ9m7iBbZ4vs=
-105,-92,YyIElEv3aqPjYWThmcqBKFJ8wgo=,fd8T/I//QSCXy2hGQ9m7iBbZ4vs=
-104,-92,YyIElEv3aqPjYWThmcqBKFJ8wgo=,fd8T/I//QSCXy2hGQ9m7iBbZ4vs=
-109,-94,YyIElEv3aqPjYWThmcqBKFJ8wgo=,fd8T/I//QSCXy2hGQ9m7iBbZ4vs=
-110,-94,YyIElEv3aqPjYWThmcqBKFJ8wgo=,fd8T/I//QSCXy2hGQ9m7iBbZ4vs=
-111,-94,YyIElEv3aqPjYWThmcqBKFJ8wgo=,fd8T/I//QSCXy2hGQ9m7iBbZ4vs=
-102,-92,YyIElEv3aqPjYWThmcqBKFJ8wgo=,fd8T/I//QSCXy2hGQ9m7iBbZ4vs=
-103,-92,YyIElEv3aqPjYWThmcqBKFJ8wgo=,fd8T/I//QSCXy2hGQ9m7iBbZ4vs=
-97,-94,YyIElEv3aqPjYWThmcqBKFJ8wgo=,fd8T/I//QSCXy2hGQ9m7iBbZ4vs=
-101,-93,YyIElEv3aqPjYWThmcqBKFJ8wgo=,fd8T/I//QSCXy2hGQ9m7iBbZ4vs=
-101,-92,YyIElEv3aqPjYWThmcqBKFJ8wgo=,fd8T/I//QSCXy2hGQ9m7iBbZ4vs=
-112,-94,YyIElEv3aqPjYWThmcqBKFJ8wgo=,fd8T/I//QSCXy2hGQ9m7iBbZ4vs=
-106,-96,YyIElEv3aqPjYWThmcqBKFJ8wgo=,fd8T/I//QSCXy2hGQ9m7iBbZ4vs=
-99,-92,YyIElEv3aqPjYWThmcqBKFJ8wgo=,fd8T/I//QSCXy2hGQ9m7iBbZ4vs=
-100,-92,YyIElEv3aqPjYWThmcqBKFJ8wgo=,fd8T/I//QSCXy2hGQ9m7iBbZ4vs=
-97,-81,YyIElEv3aqPjYWThmcqBKFJ8wgo=,fd8T/I//QSCXy2hGQ9m7iBbZ4vs=
-98,-92,YyIElEv3aqPjYWThmcqBKFJ8wgo=,fd8T/I//QSCXy2hGQ9m7iBbZ4vs=
-97,-92,YyIElEv3aqPjYWThmcqBKFJ8wgo=,fd8T/I//QSCXy2hGQ9m7iBbZ4vs=
-112,-96,YyIElEv3aqPjYWThmcqBKFJ8wgo=,fd8T/I//QSCXy2hGQ9m7iBbZ4vs=
-112,-91,YyIElEv3aqPjYWThmcqBKFJ8wgo=,fd8T/I//QSCXy2hGQ9m7iBbZ4vs=
-109,-95,YyIElEv3aqPjYWThmcqBKFJ8wgo=,fd8T/I//QSCXy2hGQ9m7iBbZ4vs=
-111,-91,YyIElEv3aqPjYWThmcqBKFJ8wgo=,fd8T/I//QSCXy2hGQ9m7iBbZ4vs=
-110,-91,YyIElEv3aqPjYWThmcqBKFJ8wgo=,fd8T/I//QSCXy2hGQ9m7iBbZ4vs=
-110,-96,YyIElEv3aqPjYWThmcqBKFJ8wgo=,fd8T/I//QSCXy2hGQ9m7iBbZ4vs=
-109,-91,YyIElEv3aqPjYWThmcqBKFJ8wgo=,fd8T/I//QSCXy2hGQ9m7iBbZ4vs=
-102,-93,YyIElEv3aqPjYWThmcqBKFJ8wgo=,fd8T/I//QSCXy2hGQ9m7iBbZ4vs=
-108,-91,YyIElEv3aqPjYWThmcqBKFJ8wgo=,fd8T/I//QSCXy2hGQ9m7iBbZ4vs=
-107,-91,YyIElEv3aqPjYWThmcqBKFJ8wgo=,fd8T/I//QSCXy2hGQ9m7iBbZ4vs=
-106,-91,YyIElEv3aqPjYWThmcqBKFJ8wgo=,fd8T/I//QSCXy2hGQ9m7iBbZ4vs=
-105,-91,YyIElEv3aqPjYWThmcqBKFJ8wgo=,fd8T/I//QSCXy2hGQ9m7iBbZ4vs=
-104,-91,YyIElEv3aqPjYWThmcqBKFJ8wgo=,fd8T/I//QSCXy2hGQ9m7iBbZ4vs=
-103,-91,YyIElEv3aqPjYWThmcqBKFJ8wgo=,fd8T/I//QSCXy2hGQ9m7iBbZ4vs=
-102,-91,YyIElEv3aqPjYWThmcqBKFJ8wgo=,fd8T/I//QSCXy2hGQ9m7iBbZ4vs=
-112,-93,YyIElEv3aqPjYWThmcqBKFJ8wgo=,fd8T/I//QSCXy2hGQ9m7iBbZ4vs=
-108,-95,YyIElEv3aqPjYWThmcqBKFJ8wgo=,fd8T/I//QSCXy2hGQ9m7iBbZ4vs=
-105,-96,YyIElEv3aqPjYWThmcqBKFJ8wgo=,fd8T/I//QSCXy2hGQ9m7iBbZ4vs=
-101,-91,YyIElEv3aqPjYWThmcqBKFJ8wgo=,fd8T/I//QSCXy2hGQ9m7iBbZ4vs=
-100,-91,YyIElEv3aqPjYWThmcqBKFJ8wgo=,fd8T/I//QSCXy2hGQ9m7iBbZ4vs=
-98,-91,YyIElEv3aqPjYWThmcqBKFJ8wgo=,fd8T/I//QSCXy2hGQ9m7iBbZ4vs=
-99,-91,YyIElEv3aqPjYWThmcqBKFJ8wgo=,fd8T/I//QSCXy2hGQ9m7iBbZ4vs=
-97,-91,YyIElEv3aqPjYWThmcqBKFJ8wgo=,fd8T/I//QSCXy2hGQ9m7iBbZ4vs=
-107,-95,YyIElEv3aqPjYWThmcqBKFJ8wgo=,fd8T/I//QSCXy2hGQ9m7iBbZ4vs=
-112,-90,YyIElEv3aqPjYWThmcqBKFJ8wgo=,fd8T/I//QSCXy2hGQ9m7iBbZ4vs=
-111,-90,YyIElEv3aqPjYWThmcqBKFJ8wgo=,fd8T/I//QSCXy2hGQ9m7iBbZ4vs=
-110,-90,YyIElEv3aqPjYWThmcqBKFJ8wgo=,fd8T/I//QSCXy2hGQ9m7iBbZ4vs=
-109,-90,YyIElEv3aqPjYWThmcqBKFJ8wgo=,fd8T/I//QSCXy2hGQ9m7iBbZ4vs=
-108,-90,YyIElEv3aqPjYWThmcqBKFJ8wgo=,fd8T/I//QSCXy2hGQ9m7iBbZ4vs=
-107,-90,YyIElEv3aqPjYWThmcqBKFJ8wgo=,fd8T/I//QSCXy2hGQ9m7iBbZ4vs=
-106,-90,YyIElEv3aqPjYWThmcqBKFJ8wgo=,fd8T/I//QSCXy2hGQ9m7iBbZ4vs=
-105,-90,YyIElEv3aqPjYWThmcqBKFJ8wgo=,fd8T/I//QSCXy2hGQ9m7iBbZ4vs=
-104,-90,YyIElEv3aqPjYWThmcqBKFJ8wgo=,fd8T/I//QSCXy2hGQ9m7iBbZ4vs=
-103,-90,YyIElEv3aqPjYWThmcqBKFJ8wgo=,fd8T/I//QSCXy2hGQ9m7iBbZ4vs=
-111,-93,YyIElEv3aqPjYWThmcqBKFJ8wgo=,fd8T/I//QSCXy2hGQ9m7iBbZ4vs=
-102,-90,YyIElEv3aqPjYWThmcqBKFJ8wgo=,fd8T/I//QSCXy2hGQ9m7iBbZ4vs=
-104,-96,YyIElEv3aqPjYWThmcqBKFJ8wgo=,fd8T/I//QSCXy2hGQ9m7iBbZ4vs=
-101,-90,YyIElEv3aqPjYWThmcqBKFJ8wgo=,fd8T/I//QSCXy2hGQ9m7iBbZ4vs=
-100,-90,YyIElEv3aqPjYWThmcqBKFJ8wgo=,fd8T/I//QSCXy2hGQ9m7iBbZ4vs=
-99,-90,YyIElEv3aqPjYWThmcqBKFJ8wgo=,fd8T/I//QSCXy2hGQ9m7iBbZ4vs=
-98,-90,YyIElEv3aqPjYWThmcqBKFJ8wgo=,fd8T/I//QSCXy2hGQ9m7iBbZ4vs=
-106,-95,YyIElEv3aqPjYWThmcqBKFJ8wgo=,fd8T/I//QSCXy2hGQ9m7iBbZ4vs=
-112,-89,YyIElEv3aqPjYWThmcqBKFJ8wgo=,fd8T/I//QSCXy2hGQ9m7iBbZ4vs=
-97,-90,YyIElEv3aqPjYWThmcqBKFJ8wgo=,fd8T/I//QSCXy2hGQ9m7iBbZ4vs=
-111,-89,YyIElEv3aqPjYWThmcqBKFJ8wgo=,fd8T/I//QSCXy2hGQ9m7iBbZ4vs=
-110,-89,YyIElEv3aqPjYWThmcqBKFJ8wgo=,fd8T/I//QSCXy2hGQ9m7iBbZ4vs=
-109,-89,YyIElEv3aqPjYWThmcqBKFJ8wgo=,fd8T/I//QSCXy2hGQ9m7iBbZ4vs=
-108,-89,YyIElEv3aqPjYWThmcqBKFJ8wgo=,fd8T/I//QSCXy2hGQ9m7iBbZ4vs=
-107,-89,YyIElEv3aqPjYWThmcqBKFJ8wgo=,fd8T/I//QSCXy2hGQ9m7iBbZ4vs=
-106,-89,YyIElEv3aqPjYWThmcqBKFJ8wgo=,fd8T/I//QSCXy2hGQ9m7iBbZ4vs=
-105,-89,YyIElEv3aqPjYWThmcqBKFJ8wgo=,fd8T/I//QSCXy2hGQ9m7iBbZ4vs=
-104,-89,YyIElEv3aqPjYWThmcqBKFJ8wgo=,fd8T/I//QSCXy2hGQ9m7iBbZ4vs=
-110,-93,YyIElEv3aqPjYWThmcqBKFJ8wgo=,fd8T/I//QSCXy2hGQ9m7iBbZ4vs=
-103,-96,YyIElEv3aqPjYWThmcqBKFJ8wgo=,fd8T/I//QSCXy2hGQ9m7iBbZ4vs=
-103,-89,YyIElEv3aqPjYWThmcqBKFJ8wgo=,fd8T/I//QSCXy2hGQ9m7iBbZ4vs=
-102,-89,YyIElEv3aqPjYWThmcqBKFJ8wgo=,fd8T/I//QSCXy2hGQ9m7iBbZ4vs=
-101,-89,YyIElEv3aqPjYWThmcqBKFJ8wgo=,fd8T/I//QSCXy2hGQ9m7iBbZ4vs=
-100,-89,YyIElEv3aqPjYWThmcqBKFJ8wgo=,fd8T/I//QSCXy2hGQ9m7iBbZ4vs=
-99,-89,YyIElEv3aqPjYWThmcqBKFJ8wgo=,fd8T/I//QSCXy2hGQ9m7iBbZ4vs=
-98,-89,YyIElEv3aqPjYWThmcqBKFJ8wgo=,fd8T/I//QSCXy2hGQ9m7iBbZ4vs=
-97,-89,YyIElEv3aqPjYWThmcqBKFJ8wgo=,fd8T/I//QSCXy2hGQ9m7iBbZ4vs=
-105,-95,YyIElEv3aqPjYWThmcqBKFJ8wgo=,fd8T/I//QSCXy2hGQ9m7iBbZ4vs=
-104,-81,YyIElEv3aqPjYWThmcqBKFJ8wgo=,fd8T/I//QSCXy2hGQ9m7iBbZ4vs=
-112,-88,YyIElEv3aqPjYWThmcqBKFJ8wgo=,fd8T/I//QSCXy2hGQ9m7iBbZ4vs=
-106,-81,YyIElEv3aqPjYWThmcqBKFJ8wgo=,fd8T/I//QSCXy2hGQ9m7iBbZ4vs=
-108,-81,YyIElEv3aqPjYWThmcqBKFJ8wgo=,fd8T/I//QSCXy2hGQ9m7iBbZ4vs=
-111,-88,YyIElEv3aqPjYWThmcqBKFJ8wgo=,fd8T/I//QSCXy2hGQ9m7iBbZ4vs=
-110,-88,YyIElEv3aqPjYWThmcqBKFJ8wgo=,fd8T/I//QSCXy2hGQ9m7iBbZ4vs=
-109,-88,YyIElEv3aqPjYWThmcqBKFJ8wgo=,fd8T/I//QSCXy2hGQ9m7iBbZ4vs=
-108,-88,YyIElEv3aqPjYWThmcqBKFJ8wgo=,fd8T/I//QSCXy2hGQ9m7iBbZ4vs=
-107,-88,YyIElEv3aqPjYWThmcqBKFJ8wgo=,fd8T/I//QSCXy2hGQ9m7iBbZ4vs=
-106,-88,YyIElEv3aqPjYWThmcqBKFJ8wgo=,fd8T/I//QSCXy2hGQ9m7iBbZ4vs=
-105,-88,YyIElEv3aqPjYWThmcqBKFJ8wgo=,fd8T/I//QSCXy2hGQ9m7iBbZ4vs=
-109,-93,YyIElEv3aqPjYWThmcqBKFJ8wgo=,fd8T/I//QSCXy2hGQ9m7iBbZ4vs=
-102,-96,YyIElEv3aqPjYWThmcqBKFJ8wgo=,fd8T/I//QSCXy2hGQ9m7iBbZ4vs=
-104,-88,YyIElEv3aqPjYWThmcqBKFJ8wgo=,fd8T/I//QSCXy2hGQ9m7iBbZ4vs=
-103,-88,YyIElEv3aqPjYWThmcqBKFJ8wgo=,fd8T/I//QSCXy2hGQ9m7iBbZ4vs=
-102,-88,YyIElEv3aqPjYWThmcqBKFJ8wgo=,fd8T/I//QSCXy2hGQ9m7iBbZ4vs=
-101,-88,YyIElEv3aqPjYWThmcqBKFJ8wgo=,fd8T/I//QSCXy2hGQ9m7iBbZ4vs=
-100,-88,YyIElEv3aqPjYWThmcqBKFJ8wgo=,fd8T/I//QSCXy2hGQ9m7iBbZ4vs=
-99,-88,YyIElEv3aqPjYWThmcqBKFJ8wgo=,fd8T/I//QSCXy2hGQ9m7iBbZ4vs=
-98,-88,YyIElEv3aqPjYWThmcqBKFJ8wgo=,fd8T/I//QSCXy2hGQ9m7iBbZ4vs=
-97,-88,YyIElEv3aqPjYWThmcqBKFJ8wgo=,fd8T/I//QSCXy2hGQ9m7iBbZ4vs=
-112,-87,YyIElEv3aqPjYWThmcqBKFJ8wgo=,fd8T/I//QSCXy2hGQ9m7iBbZ4vs=
-104,-95,YyIElEv3aqPjYWThmcqBKFJ8wgo=,fd8T/I//QSCXy2hGQ9m7iBbZ4vs=
-110,-87,YyIElEv3aqPjYWThmcqBKFJ8wgo=,fd8T/I//QSCXy2hGQ9m7iBbZ4vs=
-111,-87,YyIElEv3aqPjYWThmcqBKFJ8wgo=,fd8T/I//QSCXy2hGQ9m7iBbZ4vs=
-109,-87,YyIElEv3aqPjYWThmcqBKFJ8wgo=,fd8T/I//QSCXy2hGQ9m7iBbZ4vs=
-98,-81,YyIElEv3aqPjYWThmcqBKFJ8wgo=,fd8T/I//QSCXy2hGQ9m7iBbZ4vs=
-108,-87,YyIElEv3aqPjYWThmcqBKFJ8wgo=,fd8T/I//QSCXy2hGQ9m7iBbZ4vs=
-107,-87,YyIElEv3aqPjYWThmcqBKFJ8wgo=,fd8T/I//QSCXy2hGQ9m7iBbZ4vs=
-111,-81,YyIElEv3aqPjYWThmcqBKFJ8wgo=,fd8T/I//QSCXy2hGQ9m7iBbZ4vs=
-106,-87,YyIElEv3aqPjYWThmcqBKFJ8wgo=,fd8T/I//QSCXy2hGQ9m7iBbZ4vs=
-98,-95,YyIElEv3aqPjYWThmcqBKFJ8wgo=,fd8T/I//QSCXy2hGQ9m7iBbZ4vs=
-108,-93,YyIElEv3aqPjYWThmcqBKFJ8wgo=,fd8T/I//QSCXy2hGQ9m7iBbZ4vs=
-112,-81,YyIElEv3aqPjYWThmcqBKFJ8wgo=,fd8T/I//QSCXy2hGQ9m7iBbZ4vs=
-101,-96,YyIElEv3aqPjYWThmcqBKFJ8wgo=,fd8T/I//QSCXy2hGQ9m7iBbZ4vs=
-105,-87,YyIElEv3aqPjYWThmcqBKFJ8wgo=,fd8T/I//QSCXy2hGQ9m7iBbZ4vs=
-104,-87,YyIElEv3aqPjYWThmcqBKFJ8wgo=,fd8T/I//QSCXy2hGQ9m7iBbZ4vs=
-99,-81,YyIElEv3aqPjYWThmcqBKFJ8wgo=,fd8T/I//QSCXy2hGQ9m7iBbZ4vs=
-103,-87,YyIElEv3aqPjYWThmcqBKFJ8wgo=,fd8T/I//QSCXy2hGQ9m7iBbZ4vs=
-102,-81,YyIElEv3aqPjYWThmcqBKFJ8wgo=,fd8T/I//QSCXy2hGQ9m7iBbZ4vs=
-102,-87,YyIElEv3aqPjYWThmcqBKFJ8wgo=,fd8T/I//QSCXy2hGQ9m7iBbZ4vs=
-101,-87,YyIElEv3aqPjYWThmcqBKFJ8wgo=,fd8T/I//QSCXy2hGQ9m7iBbZ4vs=
-100,-87,YyIElEv3aqPjYWThmcqBKFJ8wgo=,fd8T/I//QSCXy2hGQ9m7iBbZ4vs=
-99,-87,YyIElEv3aqPjYWThmcqBKFJ8wgo=,fd8T/I//QSCXy2hGQ9m7iBbZ4vs=
-98,-87,YyIElEv3aqPjYWThmcqBKFJ8wgo=,fd8T/I//QSCXy2hGQ9m7iBbZ4vs=
-97,-87,YyIElEv3aqPjYWThmcqBKFJ8wgo=,fd8T/I//QSCXy2hGQ9m7iBbZ4vs=
-103,-95,YyIElEv3aqPjYWThmcqBKFJ8wgo=,fd8T/I//QSCXy2hGQ9m7iBbZ4vs=
-103,-81,YyIElEv3aqPjYWThmcqBKFJ8wgo=,fd8T/I//QSCXy2hGQ9m7iBbZ4vs=
-112,-86,YyIElEv3aqPjYWThmcqBKFJ8wgo=,fd8T/I//QSCXy2hGQ9m7iBbZ4vs=
-111,-86,YyIElEv3aqPjYWThmcqBKFJ8wgo=,fd8T/I//QSCXy2hGQ9m7iBbZ4vs=
-109,-81,YyIElEv3aqPjYWThmcqBKFJ8wgo=,fd8T/I//QSCXy2hGQ9m7iBbZ4vs=
-101,-82,YyIElEv3aqPjYWThmcqBKFJ8wgo=,fd8T/I//QSCXy2hGQ9m7iBbZ4vs=
-110,-86,YyIElEv3aqPjYWThmcqBKFJ8wgo=,fd8T/I//QSCXy2hGQ9m7iBbZ4vs=
-109,-86,YyIElEv3aqPjYWThmcqBKFJ8wgo=,fd8T/I//QSCXy2hGQ9m7iBbZ4vs=
-102,-82,YyIElEv3aqPjYWThmcqBKFJ8wgo=,fd8T/I//QSCXy2hGQ9m7iBbZ4vs=
-108,-86,YyIElEv3aqPjYWThmcqBKFJ8wgo=,fd8T/I//QSCXy2hGQ9m7iBbZ4vs=
-107,-93,YyIElEv3aqPjYWThmcqBKFJ8wgo=,fd8T/I//QSCXy2hGQ9m7iBbZ4vs=
-107,-86,YyIElEv3aqPjYWThmcqBKFJ8wgo=,fd8T/I//QSCXy2hGQ9m7iBbZ4vs=
-100,-96,YyIElEv3aqPjYWThmcqBKFJ8wgo=,fd8T/I//QSCXy2hGQ9m7iBbZ4vs=
-106,-86,YyIElEv3aqPjYWThmcqBKFJ8wgo=,fd8T/I//QSCXy2hGQ9m7iBbZ4vs=
-105,-86,YyIElEv3aqPjYWThmcqBKFJ8wgo=,fd8T/I//QSCXy2hGQ9m7iBbZ4vs=
-104,-86,YyIElEv3aqPjYWThmcqBKFJ8wgo=,fd8T/I//QSCXy2hGQ9m7iBbZ4vs=
-100,-81,YyIElEv3aqPjYWThmcqBKFJ8wgo=,fd8T/I//QSCXy2hGQ9m7iBbZ4vs=
-104,-82,YyIElEv3aqPjYWThmcqBKFJ8wgo=,fd8T/I//QSCXy2hGQ9m7iBbZ4vs=
-103,-86,YyIElEv3aqPjYWThmcqBKFJ8wgo=,fd8T/I//QSCXy2hGQ9m7iBbZ4vs=
-105,-82,YyIElEv3aqPjYWThmcqBKFJ8wgo=,fd8T/I//QSCXy2hGQ9m7iBbZ4vs=
-102,-86,YyIElEv3aqPjYWThmcqBKFJ8wgo=,fd8T/I//QSCXy2hGQ9m7iBbZ4vs=
-106,-82,YyIElEv3aqPjYWThmcqBKFJ8wgo=,fd8T/I//QSCXy2hGQ9m7iBbZ4vs=
-101,-86,YyIElEv3aqPjYWThmcqBKFJ8wgo=,fd8T/I//QSCXy2hGQ9m7iBbZ4vs=
-107,-81,YyIElEv3aqPjYWThmcqBKFJ8wgo=,fd8T/I//QSCXy2hGQ9m7iBbZ4vs=
-100,-86,YyIElEv3aqPjYWThmcqBKFJ8wgo=,fd8T/I//QSCXy2hGQ9m7iBbZ4vs=
-107,-82,YyIElEv3aqPjYWThmcqBKFJ8wgo=,fd8T/I//QSCXy2hGQ9m7iBbZ4vs=
-99,-86,YyIElEv3aqPjYWThmcqBKFJ8wgo=,fd8T/I//QSCXy2hGQ9m7iBbZ4vs=
-108,-82,YyIElEv3aqPjYWThmcqBKFJ8wgo=,fd8T/I//QSCXy2hGQ9m7iBbZ4vs=
-98,-86,YyIElEv3aqPjYWThmcqBKFJ8wgo=,fd8T/I//QSCXy2hGQ9m7iBbZ4vs=
-109,-82,YyIElEv3aqPjYWThmcqBKFJ8wgo=,fd8T/I//QSCXy2hGQ9m7iBbZ4vs=
-111,-95,YyIElEv3aqPjYWThmcqBKFJ8wgo=,fd8T/I//QSCXy2hGQ9m7iBbZ4vs=
-110,-82,YyIElEv3aqPjYWThmcqBKFJ8wgo=,fd8T/I//QSCXy2hGQ9m7iBbZ4vs=
-97,-86,YyIElEv3aqPjYWThmcqBKFJ8wgo=,fd8T/I//QSCXy2hGQ9m7iBbZ4vs=
-103,-93,YyIElEv3aqPjYWThmcqBKFJ8wgo=,fd8T/I//QSCXy2hGQ9m7iBbZ4vs=
-102,-95,YyIElEv3aqPjYWThmcqBKFJ8wgo=,fd8T/I//QSCXy2hGQ9m7iBbZ4vs=
-111,-82,YyIElEv3aqPjYWThmcqBKFJ8wgo=,fd8T/I//QSCXy2hGQ9m7iBbZ4vs=
-112,-95,YyIElEv3aqPjYWThmcqBKFJ8wgo=,fd8T/I//QSCXy2hGQ9m7iBbZ4vs=
-105,-81,YyIElEv3aqPjYWThmcqBKFJ8wgo=,fd8T/I//QSCXy2hGQ9m7iBbZ4vs=
-112,-85,YyIElEv3aqPjYWThmcqBKFJ8wgo=,fd8T/I//QSCXy2hGQ9m7iBbZ4vs=
-111,-96,YyIElEv3aqPjYWThmcqBKFJ8wgo=,fd8T/I//QSCXy2hGQ9m7iBbZ4vs=
-112,-82,YyIElEv3aqPjYWThmcqBKFJ8wgo=,fd8T/I//QSCXy2hGQ9m7iBbZ4vs=
-111,-85,YyIElEv3aqPjYWThmcqBKFJ8wgo=,fd8T/I//QSCXy2hGQ9m7iBbZ4vs=
-98,-83,YyIElEv3aqPjYWThmcqBKFJ8wgo=,fd8T/I//QSCXy2hGQ9m7iBbZ4vs=
-97,-83,YyIElEv3aqPjYWThmcqBKFJ8wgo=,fd8T/I//QSCXy2hGQ9m7iBbZ4vs=
-99,-83,YyIElEv3aqPjYWThmcqBKFJ8wgo=,fd8T/I//QSCXy2hGQ9m7iBbZ4vs=
-110,-85,YyIElEv3aqPjYWThmcqBKFJ8wgo=,fd8T/I//QSCXy2hGQ9m7iBbZ4vs=
-100,-83,YyIElEv3aqPjYWThmcqBKFJ8wgo=,fd8T/I//QSCXy2hGQ9m7iBbZ4vs=
-101,-83,YyIElEv3aqPjYWThmcqBKFJ8wgo=,fd8T/I//QSCXy2hGQ9m7iBbZ4vs=
-109,-85,YyIElEv3aqPjYWThmcqBKFJ8wgo=,fd8T/I//QSCXy2hGQ9m7iBbZ4vs=
-102,-83,YyIElEv3aqPjYWThmcqBKFJ8wgo=,fd8T/I//QSCXy2hGQ9m7iBbZ4vs=
-103,-83,YyIElEv3aqPjYWThmcqBKFJ8wgo=,fd8T/I//QSCXy2hGQ9m7iBbZ4vs=
-108,-85,YyIElEv3aqPjYWThmcqBKFJ8wgo=,fd8T/I//QSCXy2hGQ9m7iBbZ4vs=
-104,-83,YyIElEv3aqPjYWThmcqBKFJ8wgo=,fd8T/I//QSCXy2hGQ9m7iBbZ4vs=
-105,-83,YyIElEv3aqPjYWThmcqBKFJ8wgo=,fd8T/I//QSCXy2hGQ9m7iBbZ4vs=
-107,-83,YyIElEv3aqPjYWThmcqBKFJ8wgo=,fd8T/I//QSCXy2hGQ9m7iBbZ4vs=
-106,-83,YyIElEv3aqPjYWThmcqBKFJ8wgo=,fd8T/I//QSCXy2hGQ9m7iBbZ4vs=
-108,-83,YyIElEv3aqPjYWThmcqBKFJ8wgo=,fd8T/I//QSCXy2hGQ9m7iBbZ4vs=
-106,-93,YyIElEv3aqPjYWThmcqBKFJ8wgo=,fd8T/I//QSCXy2hGQ9m7iBbZ4vs=
-99,-96,YyIElEv3aqPjYWThmcqBKFJ8wgo=,fd8T/I//QSCXy2hGQ9m7iBbZ4vs=
-97,-96,YyIElEv3aqPjYWThmcqBKFJ8wgo=,fd8T/I//QSCXy2hGQ9m7iBbZ4vs=
-109,-83,YyIElEv3aqPjYWThmcqBKFJ8wgo=,fd8T/I//QSCXy2hGQ9m7iBbZ4vs=
-99,-95,YyIElEv3aqPjYWThmcqBKFJ8wgo=,fd8T/I//QSCXy2hGQ9m7iBbZ4vs=
-107,-85,YyIElEv3aqPjYWThmcqBKFJ8wgo=,fd8T/I//QSCXy2hGQ9m7iBbZ4vs=
-104,-93,YyIElEv3aqPjYWThmcqBKFJ8wgo=,fd8T/I//QSCXy2hGQ9m7iBbZ4vs=
-106,-85,YyIElEv3aqPjYWThmcqBKFJ8wgo=,fd8T/I//QSCXy2hGQ9m7iBbZ4vs=
-110,-83,YyIElEv3aqPjYWThmcqBKFJ8wgo=,fd8T/I//QSCXy2hGQ9m7iBbZ4vs=
-111,-83,YyIElEv3aqPjYWThmcqBKFJ8wgo=,fd8T/I//QSCXy2hGQ9m7iBbZ4vs=
-105,-85,YyIElEv3aqPjYWThmcqBKFJ8wgo=,fd8T/I//QSCXy2hGQ9m7iBbZ4vs=
-112,-83,YyIElEv3aqPjYWThmcqBKFJ8wgo=,fd8T/I//QSCXy2hGQ9m7iBbZ4vs=
-100,-95,YyIElEv3aqPjYWThmcqBKFJ8wgo=,fd8T/I//QSCXy2hGQ9m7iBbZ4vs=
-104,-85,YyIElEv3aqPjYWThmcqBKFJ8wgo=,fd8T/I//QSCXy2hGQ9m7iBbZ4vs=
-97,-84,YyIElEv3aqPjYWThmcqBKFJ8wgo=,fd8T/I//QSCXy2hGQ9m7iBbZ4vs=
-98,-84,YyIElEv3aqPjYWThmcqBKFJ8wgo=,fd8T/I//QSCXy2hGQ9m7iBbZ4vs=
-99,-84,YyIElEv3aqPjYWThmcqBKFJ8wgo=,fd8T/I//QSCXy2hGQ9m7iBbZ4vs=
-101,-84,YyIElEv3aqPjYWThmcqBKFJ8wgo=,fd8T/I//QSCXy2hGQ9m7iBbZ4vs=
-103,-85,YyIElEv3aqPjYWThmcqBKFJ8wgo=,fd8T/I//QSCXy2hGQ9m7iBbZ4vs=
-100,-84,YyIElEv3aqPjYWThmcqBKFJ8wgo=,fd8T/I//QSCXy2hGQ9m7iBbZ4vs=
-98,-82,YyIElEv3aqPjYWThmcqBKFJ8wgo=,fd8T/I//QSCXy2hGQ9m7iBbZ4vs=
-102,-85,YyIElEv3aqPjYWThmcqBKFJ8wgo=,fd8T/I//QSCXy2hGQ9m7iBbZ4vs=
-110,-81,YyIElEv3aqPjYWThmcqBKFJ8wgo=,fd8T/I//QSCXy2hGQ9m7iBbZ4vs=
-102,-84,YyIElEv3aqPjYWThmcqBKFJ8wgo=,fd8T/I//QSCXy2hGQ9m7iBbZ4vs=
-103,-84,YyIElEv3aqPjYWThmcqBKFJ8wgo=,fd8T/I//QSCXy2hGQ9m7iBbZ4vs=
-104,-84,YyIElEv3aqPjYWThmcqBKFJ8wgo=,fd8T/I//QSCXy2hGQ9m7iBbZ4vs=
-101,-85,YyIElEv3aqPjYWThmcqBKFJ8wgo=,fd8T/I//QSCXy2hGQ9m7iBbZ4vs=
-105,-84,YyIElEv3aqPjYWThmcqBKFJ8wgo=,fd8T/I//QSCXy2hGQ9m7iBbZ4vs=
-106,-84,YyIElEv3aqPjYWThmcqBKFJ8wgo=,fd8T/I//QSCXy2hGQ9m7iBbZ4vs=
-107,-84,YyIElEv3aqPjYWThmcqBKFJ8wgo=,fd8T/I//QSCXy2hGQ9m7iBbZ4vs=
-98,-96,YyIElEv3aqPjYWThmcqBKFJ8wgo=,fd8T/I//QSCXy2hGQ9m7iBbZ4vs=
-108,-84,YyIElEv3aqPjYWThmcqBKFJ8wgo=,fd8T/I//QSCXy2hGQ9m7iBbZ4vs=
-105,-93,YyIElEv3aqPjYWThmcqBKFJ8wgo=,fd8T/I//QSCXy2hGQ9m7iBbZ4vs=
-100,-85,YyIElEv3aqPjYWThmcqBKFJ8wgo=,fd8T/I//QSCXy2hGQ9m7iBbZ4vs=
-109,-84,YyIElEv3aqPjYWThmcqBKFJ8wgo=,fd8T/I//QSCXy2hGQ9m7iBbZ4vs=
-110,-84,YyIElEv3aqPjYWThmcqBKFJ8wgo=,fd8T/I//QSCXy2hGQ9m7iBbZ4vs=
-112,-84,YyIElEv3aqPjYWThmcqBKFJ8wgo=,fd8T/I//QSCXy2hGQ9m7iBbZ4vs=
-111,-84,YyIElEv3aqPjYWThmcqBKFJ8wgo=,fd8T/I//QSCXy2hGQ9m7iBbZ4vs=
-99,-85,YyIElEv3aqPjYWThmcqBKFJ8wgo=,fd8T/I//QSCXy2hGQ9m7iBbZ4vs=
-101,-95,YyIElEv3aqPjYWThmcqBKFJ8wgo=,fd8T/I//QSCXy2hGQ9m7iBbZ4vs=
-97,-85,YyIElEv3aqPjYWThmcqBKFJ8wgo=,fd8T/I//QSCXy2hGQ9m7iBbZ4vs=
-98,-85,YyIElEv3aqPjYWThmcqBKFJ8wgo=,fd8T/I//QSCXy2hGQ9m7iBbZ4vs=
-100,-82,YyIElEv3aqPjYWThmcqBKFJ8wgo=,fd8T/I//QSCXy2hGQ9m7iBbZ4vs=
-99,-82,YyIElEv3aqPjYWThmcqBKFJ8wgo=,fd8T/I//QSCXy2hGQ9m7iBbZ4vs=
-101,-81,YyIElEv3aqPjYWThmcqBKFJ8wgo=,fd8T/I//QSCXy2hGQ9m7iBbZ4vs=
-103,-82,YyIElEv3aqPjYWThmcqBKFJ8wgo=,fd8T/I//QSCXy2hGQ9m7iBbZ4vs=
-97,-82,YyIElEv3aqPjYWThmcqBKFJ8wgo=,fd8T/I//QSCXy2hGQ9m7iBbZ4vs=
-113,-81,f7HMy0Gdhz1Syjkr7KQHH/dxQe0=,VhPhAn1KwNmJiSGBUuRCW4D4bGE=
-115,-81,f7HMy0Gdhz1Syjkr7KQHH/dxQe0=,VhPhAn1KwNmJiSGBUuRCW4D4bGE=
-116,-81,f7HMy0Gdhz1Syjkr7KQHH/dxQe0=,VhPhAn1KwNmJiSGBUuRCW4D4bGE=
-114,-81,f7HMy0Gdhz1Syjkr7KQHH/dxQe0=,VhPhAn1KwNmJiSGBUuRCW4D4bGE=
-118,-81,f7HMy0Gdhz1Syjkr7KQHH/dxQe0=,VhPhAn1KwNmJiSGBUuRCW4D4bGE=
-117,-81,f7HMy0Gdhz1Syjkr7KQHH/dxQe0=,VhPhAn1KwNmJiSGBUuRCW4D4bGE=
-119,-81,f7HMy0Gdhz1Syjkr7KQHH/dxQe0=,VhPhAn1KwNmJiSGBUuRCW4D4bGE=
-125,-96,f7HMy0Gdhz1Syjkr7KQHH/dxQe0=,VhPhAn1KwNmJiSGBUuRCW4D4bGE=
-121,-81,f7HMy0Gdhz1Syjkr7KQHH/dxQe0=,VhPhAn1KwNmJiSGBUuRCW4D4bGE=
-123,-81,f7HMy0Gdhz1Syjkr7KQHH/dxQe0=,VhPhAn1KwNmJiSGBUuRCW4D4bGE=
-115,-94,f7HMy0Gdhz1Syjkr7KQHH/dxQe0=,VhPhAn1KwNmJiSGBUuRCW4D4bGE=
-120,-81,f7HMy0Gdhz1Syjkr7KQHH/dxQe0=,VhPhAn1KwNmJiSGBUuRCW4D4bGE=
-127,-95,f7HMy0Gdhz1Syjkr7KQHH/dxQe0=,VhPhAn1KwNmJiSGBUuRCW4D4bGE=
-113,-95,f7HMy0Gdhz1Syjkr7KQHH/dxQe0=,VhPhAn1KwNmJiSGBUuRCW4D4bGE=
-128,-81,f7HMy0Gdhz1Syjkr7KQHH/dxQe0=,VhPhAn1KwNmJiSGBUuRCW4D4bGE=
-113,-82,f7HMy0Gdhz1Syjkr7KQHH/dxQe0=,VhPhAn1KwNmJiSGBUuRCW4D4bGE=
-115,-95,f7HMy0Gdhz1Syjkr7KQHH/dxQe0=,VhPhAn1KwNmJiSGBUuRCW4D4bGE=
-114,-95,f7HMy0Gdhz1Syjkr7KQHH/dxQe0=,VhPhAn1KwNmJiSGBUuRCW4D4bGE=
-118,-95,f7HMy0Gdhz1Syjkr7KQHH/dxQe0=,VhPhAn1KwNmJiSGBUuRCW4D4bGE=
-116,-95,f7HMy0Gdhz1Syjkr7KQHH/dxQe0=,VhPhAn1KwNmJiSGBUuRCW4D4bGE=
-117,-95,f7HMy0Gdhz1Syjkr7KQHH/dxQe0=,VhPhAn1KwNmJiSGBUuRCW4D4bGE=
-119,-95,f7HMy0Gdhz1Syjkr7KQHH/dxQe0=,VhPhAn1KwNmJiSGBUuRCW4D4bGE=
-114,-94,f7HMy0Gdhz1Syjkr7KQHH/dxQe0=,VhPhAn1KwNmJiSGBUuRCW4D4bGE=
-121,-95,f7HMy0Gdhz1Syjkr7KQHH/dxQe0=,VhPhAn1KwNmJiSGBUuRCW4D4bGE=
-120,-95,f7HMy0Gdhz1Syjkr7KQHH/dxQe0=,VhPhAn1KwNmJiSGBUuRCW4D4bGE=
-122,-95,f7HMy0Gdhz1Syjkr7KQHH/dxQe0=,VhPhAn1KwNmJiSGBUuRCW4D4bGE=
-113,-94,f7HMy0Gdhz1Syjkr7KQHH/dxQe0=,VhPhAn1KwNmJiSGBUuRCW4D4bGE=
-123,-95,f7HMy0Gdhz1Syjkr7KQHH/dxQe0=,VhPhAn1KwNmJiSGBUuRCW4D4bGE=
-124,-95,f7HMy0Gdhz1Syjkr7KQHH/dxQe0=,VhPhAn1KwNmJiSGBUuRCW4D4bGE=
-125,-95,f7HMy0Gdhz1Syjkr7KQHH/dxQe0=,VhPhAn1KwNmJiSGBUuRCW4D4bGE=
-128,-93,f7HMy0Gdhz1Syjkr7KQHH/dxQe0=,VhPhAn1KwNmJiSGBUuRCW4D4bGE=
-126,-96,f7HMy0Gdhz1Syjkr7KQHH/dxQe0=,VhPhAn1KwNmJiSGBUuRCW4D4bGE=
-126,-95,f7HMy0Gdhz1Syjkr7KQHH/dxQe0=,VhPhAn1KwNmJiSGBUuRCW4D4bGE=
-114,-82,f7HMy0Gdhz1Syjkr7KQHH/dxQe0=,VhPhAn1KwNmJiSGBUuRCW4D4bGE=
-127,-93,f7HMy0Gdhz1Syjkr7KQHH/dxQe0=,VhPhAn1KwNmJiSGBUuRCW4D4bGE=
-116,-94,f7HMy0Gdhz1Syjkr7KQHH/dxQe0=,VhPhAn1KwNmJiSGBUuRCW4D4bGE=
-115,-82,f7HMy0Gdhz1Syjkr7KQHH/dxQe0=,VhPhAn1KwNmJiSGBUuRCW4D4bGE=
-126,-93,f7HMy0Gdhz1Syjkr7KQHH/dxQe0=,VhPhAn1KwNmJiSGBUuRCW4D4bGE=
-116,-82,f7HMy0Gdhz1Syjkr7KQHH/dxQe0=,VhPhAn1KwNmJiSGBUuRCW4D4bGE=
-117,-82,f7HMy0Gdhz1Syjkr7KQHH/dxQe0=,VhPhAn1KwNmJiSGBUuRCW4D4bGE=
-125,-93,f7HMy0Gdhz1Syjkr7KQHH/dxQe0=,VhPhAn1KwNmJiSGBUuRCW4D4bGE=
-119,-82,f7HMy0Gdhz1Syjkr7KQHH/dxQe0=,VhPhAn1KwNmJiSGBUuRCW4D4bGE=
-120,-82,f7HMy0Gdhz1Syjkr7KQHH/dxQe0=,VhPhAn1KwNmJiSGBUuRCW4D4bGE=
-128,-94,f7HMy0Gdhz1Syjkr7KQHH/dxQe0=,VhPhAn1KwNmJiSGBUuRCW4D4bGE=
-124,-96,f7HMy0Gdhz1Syjkr7KQHH/dxQe0=,VhPhAn1KwNmJiSGBUuRCW4D4bGE=
-124,-93,f7HMy0Gdhz1Syjkr7KQHH/dxQe0=,VhPhAn1KwNmJiSGBUuRCW4D4bGE=
-123,-93,f7HMy0Gdhz1Syjkr7KQHH/dxQe0=,VhPhAn1KwNmJiSGBUuRCW4D4bGE=
-122,-93,f7HMy0Gdhz1Syjkr7KQHH/dxQe0=,VhPhAn1KwNmJiSGBUuRCW4D4bGE=
-120,-93,f7HMy0Gdhz1Syjkr7KQHH/dxQe0=,VhPhAn1KwNmJiSGBUuRCW4D4bGE=
-121,-93,f7HMy0Gdhz1Syjkr7KQHH/dxQe0=,VhPhAn1KwNmJiSGBUuRCW4D4bGE=
-119,-93,f7HMy0Gdhz1Syjkr7KQHH/dxQe0=,VhPhAn1KwNmJiSGBUuRCW4D4bGE=
-117,-93,f7HMy0Gdhz1Syjkr7KQHH/dxQe0=,VhPhAn1KwNmJiSGBUuRCW4D4bGE=
-118,-93,f7HMy0Gdhz1Syjkr7KQHH/dxQe0=,VhPhAn1KwNmJiSGBUuRCW4D4bGE=
-116,-93,f7HMy0Gdhz1Syjkr7KQHH/dxQe0=,VhPhAn1KwNmJiSGBUuRCW4D4bGE=
-115,-93,f7HMy0Gdhz1Syjkr7KQHH/dxQe0=,VhPhAn1KwNmJiSGBUuRCW4D4bGE=
-114,-93,f7HMy0Gdhz1Syjkr7KQHH/dxQe0=,VhPhAn1KwNmJiSGBUuRCW4D4bGE=
-113,-93,f7HMy0Gdhz1Syjkr7KQHH/dxQe0=,VhPhAn1KwNmJiSGBUuRCW4D4bGE=
-128,-92,f7HMy0Gdhz1Syjkr7KQHH/dxQe0=,VhPhAn1KwNmJiSGBUuRCW4D4bGE=
-127,-94,f7HMy0Gdhz1Syjkr7KQHH/dxQe0=,VhPhAn1KwNmJiSGBUuRCW4D4bGE=
-128,-96,f7HMy0Gdhz1Syjkr7KQHH/dxQe0=,VhPhAn1KwNmJiSGBUuRCW4D4bGE=
-126,-92,f7HMy0Gdhz1Syjkr7KQHH/dxQe0=,VhPhAn1KwNmJiSGBUuRCW4D4bGE=
-127,-92,f7HMy0Gdhz1Syjkr7KQHH/dxQe0=,VhPhAn1KwNmJiSGBUuRCW4D4bGE=
-125,-92,f7HMy0Gdhz1Syjkr7KQHH/dxQe0=,VhPhAn1KwNmJiSGBUuRCW4D4bGE=
-126,-94,f7HMy0Gdhz1Syjkr7KQHH/dxQe0=,VhPhAn1KwNmJiSGBUuRCW4D4bGE=
-123,-96,f7HMy0Gdhz1Syjkr7KQHH/dxQe0=,VhPhAn1KwNmJiSGBUuRCW4D4bGE=
-124,-92,f7HMy0Gdhz1Syjkr7KQHH/dxQe0=,VhPhAn1KwNmJiSGBUuRCW4D4bGE=
-123,-92,f7HMy0Gdhz1Syjkr7KQHH/dxQe0=,VhPhAn1KwNmJiSGBUuRCW4D4bGE=
-122,-92,f7HMy0Gdhz1Syjkr7KQHH/dxQe0=,VhPhAn1KwNmJiSGBUuRCW4D4bGE=
-121,-92,f7HMy0Gdhz1Syjkr7KQHH/dxQe0=,VhPhAn1KwNmJiSGBUuRCW4D4bGE=
-120,-92,f7HMy0Gdhz1Syjkr7KQHH/dxQe0=,VhPhAn1KwNmJiSGBUuRCW4D4bGE=
-119,-92,f7HMy0Gdhz1Syjkr7KQHH/dxQe0=,VhPhAn1KwNmJiSGBUuRCW4D4bGE=
-118,-92,f7HMy0Gdhz1Syjkr7KQHH/dxQe0=,VhPhAn1KwNmJiSGBUuRCW4D4bGE=
-116,-92,f7HMy0Gdhz1Syjkr7KQHH/dxQe0=,VhPhAn1KwNmJiSGBUuRCW4D4bGE=
-115,-92,f7HMy0Gdhz1Syjkr7KQHH/dxQe0=,VhPhAn1KwNmJiSGBUuRCW4D4bGE=
-117,-92,f7HMy0Gdhz1Syjkr7KQHH/dxQe0=,VhPhAn1KwNmJiSGBUuRCW4D4bGE=
-114,-92,f7HMy0Gdhz1Syjkr7KQHH/dxQe0=,VhPhAn1KwNmJiSGBUuRCW4D4bGE=
-113,-92,f7HMy0Gdhz1Syjkr7KQHH/dxQe0=,VhPhAn1KwNmJiSGBUuRCW4D4bGE=
-122,-96,f7HMy0Gdhz1Syjkr7KQHH/dxQe0=,VhPhAn1KwNmJiSGBUuRCW4D4bGE=
-128,-91,f7HMy0Gdhz1Syjkr7KQHH/dxQe0=,VhPhAn1KwNmJiSGBUuRCW4D4bGE=
-126,-91,f7HMy0Gdhz1Syjkr7KQHH/dxQe0=,VhPhAn1KwNmJiSGBUuRCW4D4bGE=
-127,-91,f7HMy0Gdhz1Syjkr7KQHH/dxQe0=,VhPhAn1KwNmJiSGBUuRCW4D4bGE=
-125,-91,f7HMy0Gdhz1Syjkr7KQHH/dxQe0=,VhPhAn1KwNmJiSGBUuRCW4D4bGE=
-125,-94,f7HMy0Gdhz1Syjkr7KQHH/dxQe0=,VhPhAn1KwNmJiSGBUuRCW4D4bGE=
-124,-91,f7HMy0Gdhz1Syjkr7KQHH/dxQe0=,VhPhAn1KwNmJiSGBUuRCW4D4bGE=
-123,-91,f7HMy0Gdhz1Syjkr7KQHH/dxQe0=,VhPhAn1KwNmJiSGBUuRCW4D4bGE=
-121,-96,f7HMy0Gdhz1Syjkr7KQHH/dxQe0=,VhPhAn1KwNmJiSGBUuRCW4D4bGE=
-122,-91,f7HMy0Gdhz1Syjkr7KQHH/dxQe0=,VhPhAn1KwNmJiSGBUuRCW4D4bGE=
-121,-91,f7HMy0Gdhz1Syjkr7KQHH/dxQe0=,VhPhAn1KwNmJiSGBUuRCW4D4bGE=
-120,-91,f7HMy0Gdhz1Syjkr7KQHH/dxQe0=,VhPhAn1KwNmJiSGBUuRCW4D4bGE=
-118,-91,f7HMy0Gdhz1Syjkr7KQHH/dxQe0=,VhPhAn1KwNmJiSGBUuRCW4D4bGE=
-119,-91,f7HMy0Gdhz1Syjkr7KQHH/dxQe0=,VhPhAn1KwNmJiSGBUuRCW4D4bGE=
-117,-91,f7HMy0Gdhz1Syjkr7KQHH/dxQe0=,VhPhAn1KwNmJiSGBUuRCW4D4bGE=
-116,-91,f7HMy0Gdhz1Syjkr7KQHH/dxQe0=,VhPhAn1KwNmJiSGBUuRCW4D4bGE=
-115,-91,f7HMy0Gdhz1Syjkr7KQHH/dxQe0=,VhPhAn1KwNmJiSGBUuRCW4D4bGE=
-114,-91,f7HMy0Gdhz1Syjkr7KQHH/dxQe0=,VhPhAn1KwNmJiSGBUuRCW4D4bGE=
-113,-91,f7HMy0Gdhz1Syjkr7KQHH/dxQe0=,VhPhAn1KwNmJiSGBUuRCW4D4bGE=
-118,-82,f7HMy0Gdhz1Syjkr7KQHH/dxQe0=,VhPhAn1KwNmJiSGBUuRCW4D4bGE=
-121,-82,f7HMy0Gdhz1Syjkr7KQHH/dxQe0=,VhPhAn1KwNmJiSGBUuRCW4D4bGE=
-128,-90,f7HMy0Gdhz1Syjkr7KQHH/dxQe0=,VhPhAn1KwNmJiSGBUuRCW4D4bGE=
-123,-82,f7HMy0Gdhz1Syjkr7KQHH/dxQe0=,VhPhAn1KwNmJiSGBUuRCW4D4bGE=
-127,-90,f7HMy0Gdhz1Syjkr7KQHH/dxQe0=,VhPhAn1KwNmJiSGBUuRCW4D4bGE=
-126,-90,f7HMy0Gdhz1Syjkr7KQHH/dxQe0=,VhPhAn1KwNmJiSGBUuRCW4D4bGE=
-125,-90,f7HMy0Gdhz1Syjkr7KQHH/dxQe0=,VhPhAn1KwNmJiSGBUuRCW4D4bGE=
-124,-90,f7HMy0Gdhz1Syjkr7KQHH/dxQe0=,VhPhAn1KwNmJiSGBUuRCW4D4bGE=
-123,-90,f7HMy0Gdhz1Syjkr7KQHH/dxQe0=,VhPhAn1KwNmJiSGBUuRCW4D4bGE=
-120,-96,f7HMy0Gdhz1Syjkr7KQHH/dxQe0=,VhPhAn1KwNmJiSGBUuRCW4D4bGE=
-124,-94,f7HMy0Gdhz1Syjkr7KQHH/dxQe0=,VhPhAn1KwNmJiSGBUuRCW4D4bGE=
-122,-90,f7HMy0Gdhz1Syjkr7KQHH/dxQe0=,VhPhAn1KwNmJiSGBUuRCW4D4bGE=
-122,-82,f7HMy0Gdhz1Syjkr7KQHH/dxQe0=,VhPhAn1KwNmJiSGBUuRCW4D4bGE=
-126,-82,f7HMy0Gdhz1Syjkr7KQHH/dxQe0=,VhPhAn1KwNmJiSGBUuRCW4D4bGE=
-127,-82,f7HMy0Gdhz1Syjkr7KQHH/dxQe0=,VhPhAn1KwNmJiSGBUuRCW4D4bGE=
-121,-90,f7HMy0Gdhz1Syjkr7KQHH/dxQe0=,VhPhAn1KwNmJiSGBUuRCW4D4bGE=
-120,-90,f7HMy0Gdhz1Syjkr7KQHH/dxQe0=,VhPhAn1KwNmJiSGBUuRCW4D4bGE=
-128,-82,f7HMy0Gdhz1Syjkr7KQHH/dxQe0=,VhPhAn1KwNmJiSGBUuRCW4D4bGE=
-118,-90,f7HMy0Gdhz1Syjkr7KQHH/dxQe0=,VhPhAn1KwNmJiSGBUuRCW4D4bGE=
-119,-90,f7HMy0Gdhz1Syjkr7KQHH/dxQe0=,VhPhAn1KwNmJiSGBUuRCW4D4bGE=
-114,-83,f7HMy0Gdhz1Syjkr7KQHH/dxQe0=,VhPhAn1KwNmJiSGBUuRCW4D4bGE=
-113,-83,f7HMy0Gdhz1Syjkr7KQHH/dxQe0=,VhPhAn1KwNmJiSGBUuRCW4D4bGE=
-117,-90,f7HMy0Gdhz1Syjkr7KQHH/dxQe0=,VhPhAn1KwNmJiSGBUuRCW4D4bGE=
-128,-95,f7HMy0Gdhz1Syjkr7KQHH/dxQe0=,VhPhAn1KwNmJiSGBUuRCW4D4bGE=
-113,-96,f7HMy0Gdhz1Syjkr7KQHH/dxQe0=,VhPhAn1KwNmJiSGBUuRCW4D4bGE=
-115,-83,f7HMy0Gdhz1Syjkr7KQHH/dxQe0=,VhPhAn1KwNmJiSGBUuRCW4D4bGE=
-116,-90,f7HMy0Gdhz1Syjkr7KQHH/dxQe0=,VhPhAn1KwNmJiSGBUuRCW4D4bGE=
-115,-90,f7HMy0Gdhz1Syjkr7KQHH/dxQe0=,VhPhAn1KwNmJiSGBUuRCW4D4bGE=
-117,-94,f7HMy0Gdhz1Syjkr7KQHH/dxQe0=,VhPhAn1KwNmJiSGBUuRCW4D4bGE=
-114,-90,f7HMy0Gdhz1Syjkr7KQHH/dxQe0=,VhPhAn1KwNmJiSGBUuRCW4D4bGE=
-116,-83,f7HMy0Gdhz1Syjkr7KQHH/dxQe0=,VhPhAn1KwNmJiSGBUuRCW4D4bGE=
-126,-81,f7HMy0Gdhz1Syjkr7KQHH/dxQe0=,VhPhAn1KwNmJiSGBUuRCW4D4bGE=
-113,-90,f7HMy0Gdhz1Syjkr7KQHH/dxQe0=,VhPhAn1KwNmJiSGBUuRCW4D4bGE=
-117,-83,f7HMy0Gdhz1Syjkr7KQHH/dxQe0=,VhPhAn1KwNmJiSGBUuRCW4D4bGE=
-118,-83,f7HMy0Gdhz1Syjkr7KQHH/dxQe0=,VhPhAn1KwNmJiSGBUuRCW4D4bGE=
-128,-89,f7HMy0Gdhz1Syjkr7KQHH/dxQe0=,VhPhAn1KwNmJiSGBUuRCW4D4bGE=
-119,-83,f7HMy0Gdhz1Syjkr7KQHH/dxQe0=,VhPhAn1KwNmJiSGBUuRCW4D4bGE=
-120,-83,f7HMy0Gdhz1Syjkr7KQHH/dxQe0=,VhPhAn1KwNmJiSGBUuRCW4D4bGE=
-127,-89,f7HMy0Gdhz1Syjkr7KQHH/dxQe0=,VhPhAn1KwNmJiSGBUuRCW4D4bGE=
-121,-83,f7HMy0Gdhz1Syjkr7KQHH/dxQe0=,VhPhAn1KwNmJiSGBUuRCW4D4bGE=
-126,-89,f7HMy0Gdhz1Syjkr7KQHH/dxQe0=,VhPhAn1KwNmJiSGBUuRCW4D4bGE=
-122,-83,f7HMy0Gdhz1Syjkr7KQHH/dxQe0=,VhPhAn1KwNmJiSGBUuRCW4D4bGE=
-123,-83,f7HMy0Gdhz1Syjkr7KQHH/dxQe0=,VhPhAn1KwNmJiSGBUuRCW4D4bGE=
-125,-89,f7HMy0Gdhz1Syjkr7KQHH/dxQe0=,VhPhAn1KwNmJiSGBUuRCW4D4bGE=
-124,-89,f7HMy0Gdhz1Syjkr7KQHH/dxQe0=,VhPhAn1KwNmJiSGBUuRCW4D4bGE=
-123,-89,f7HMy0Gdhz1Syjkr7KQHH/dxQe0=,VhPhAn1KwNmJiSGBUuRCW4D4bGE=
-122,-89,f7HMy0Gdhz1Syjkr7KQHH/dxQe0=,VhPhAn1KwNmJiSGBUuRCW4D4bGE=
-123,-94,f7HMy0Gdhz1Syjkr7KQHH/dxQe0=,VhPhAn1KwNmJiSGBUuRCW4D4bGE=
-119,-96,f7HMy0Gdhz1Syjkr7KQHH/dxQe0=,VhPhAn1KwNmJiSGBUuRCW4D4bGE=
-121,-89,f7HMy0Gdhz1Syjkr7KQHH/dxQe0=,VhPhAn1KwNmJiSGBUuRCW4D4bGE=
-120,-89,f7HMy0Gdhz1Syjkr7KQHH/dxQe0=,VhPhAn1KwNmJiSGBUuRCW4D4bGE=
-119,-89,f7HMy0Gdhz1Syjkr7KQHH/dxQe0=,VhPhAn1KwNmJiSGBUuRCW4D4bGE=
-118,-89,f7HMy0Gdhz1Syjkr7KQHH/dxQe0=,VhPhAn1KwNmJiSGBUuRCW4D4bGE=
-117,-89,f7HMy0Gdhz1Syjkr7KQHH/dxQe0=,VhPhAn1KwNmJiSGBUuRCW4D4bGE=
-116,-89,f7HMy0Gdhz1Syjkr7KQHH/dxQe0=,VhPhAn1KwNmJiSGBUuRCW4D4bGE=
-115,-89,f7HMy0Gdhz1Syjkr7KQHH/dxQe0=,VhPhAn1KwNmJiSGBUuRCW4D4bGE=
-127,-81,f7HMy0Gdhz1Syjkr7KQHH/dxQe0=,VhPhAn1KwNmJiSGBUuRCW4D4bGE=
-114,-89,f7HMy0Gdhz1Syjkr7KQHH/dxQe0=,VhPhAn1KwNmJiSGBUuRCW4D4bGE=
-113,-89,f7HMy0Gdhz1Syjkr7KQHH/dxQe0=,VhPhAn1KwNmJiSGBUuRCW4D4bGE=
-126,-83,f7HMy0Gdhz1Syjkr7KQHH/dxQe0=,VhPhAn1KwNmJiSGBUuRCW4D4bGE=
-127,-83,f7HMy0Gdhz1Syjkr7KQHH/dxQe0=,VhPhAn1KwNmJiSGBUuRCW4D4bGE=
-128,-88,f7HMy0Gdhz1Syjkr7KQHH/dxQe0=,VhPhAn1KwNmJiSGBUuRCW4D4bGE=
-128,-83,f7HMy0Gdhz1Syjkr7KQHH/dxQe0=,VhPhAn1KwNmJiSGBUuRCW4D4bGE=
-127,-88,f7HMy0Gdhz1Syjkr7KQHH/dxQe0=,VhPhAn1KwNmJiSGBUuRCW4D4bGE=
-126,-88,f7HMy0Gdhz1Syjkr7KQHH/dxQe0=,VhPhAn1KwNmJiSGBUuRCW4D4bGE=
-127,-96,f7HMy0Gdhz1Syjkr7KQHH/dxQe0=,VhPhAn1KwNmJiSGBUuRCW4D4bGE=
-125,-88,f7HMy0Gdhz1Syjkr7KQHH/dxQe0=,VhPhAn1KwNmJiSGBUuRCW4D4bGE=
-113,-84,f7HMy0Gdhz1Syjkr7KQHH/dxQe0=,VhPhAn1KwNmJiSGBUuRCW4D4bGE=
-114,-84,f7HMy0Gdhz1Syjkr7KQHH/dxQe0=,VhPhAn1KwNmJiSGBUuRCW4D4bGE=
-124,-88,f7HMy0Gdhz1Syjkr7KQHH/dxQe0=,VhPhAn1KwNmJiSGBUuRCW4D4bGE=
-115,-84,f7HMy0Gdhz1Syjkr7KQHH/dxQe0=,VhPhAn1KwNmJiSGBUuRCW4D4bGE=
-123,-88,f7HMy0Gdhz1Syjkr7KQHH/dxQe0=,VhPhAn1KwNmJiSGBUuRCW4D4bGE=
-122,-88,f7HMy0Gdhz1Syjkr7KQHH/dxQe0=,VhPhAn1KwNmJiSGBUuRCW4D4bGE=
-116,-84,f7HMy0Gdhz1Syjkr7KQHH/dxQe0=,VhPhAn1KwNmJiSGBUuRCW4D4bGE=
-121,-88,f7HMy0Gdhz1Syjkr7KQHH/dxQe0=,VhPhAn1KwNmJiSGBUuRCW4D4bGE=
-114,-96,f7HMy0Gdhz1Syjkr7KQHH/dxQe0=,VhPhAn1KwNmJiSGBUuRCW4D4bGE=
-122,-94,f7HMy0Gdhz1Syjkr7KQHH/dxQe0=,VhPhAn1KwNmJiSGBUuRCW4D4bGE=
-118,-94,f7HMy0Gdhz1Syjkr7KQHH/dxQe0=,VhPhAn1KwNmJiSGBUuRCW4D4bGE=
-118,-96,f7HMy0Gdhz1Syjkr7KQHH/dxQe0=,VhPhAn1KwNmJiSGBUuRCW4D4bGE=
-117,-84,f7HMy0Gdhz1Syjkr7KQHH/dxQe0=,VhPhAn1KwNmJiSGBUuRCW4D4bGE=
-120,-88,f7HMy0Gdhz1Syjkr7KQHH/dxQe0=,VhPhAn1KwNmJiSGBUuRCW4D4bGE=
-118,-84,f7HMy0Gdhz1Syjkr7KQHH/dxQe0=,VhPhAn1KwNmJiSGBUuRCW4D4bGE=
-119,-88,f7HMy0Gdhz1Syjkr7KQHH/dxQe0=,VhPhAn1KwNmJiSGBUuRCW4D4bGE=
-119,-84,f7HMy0Gdhz1Syjkr7KQHH/dxQe0=,VhPhAn1KwNmJiSGBUuRCW4D4bGE=
-118,-88,f7HMy0Gdhz1Syjkr7KQHH/dxQe0=,VhPhAn1KwNmJiSGBUuRCW4D4bGE=
-120,-84,f7HMy0Gdhz1Syjkr7KQHH/dxQe0=,VhPhAn1KwNmJiSGBUuRCW4D4bGE=
-117,-88,f7HMy0Gdhz1Syjkr7KQHH/dxQe0=,VhPhAn1KwNmJiSGBUuRCW4D4bGE=
-116,-88,f7HMy0Gdhz1Syjkr7KQHH/dxQe0=,VhPhAn1KwNmJiSGBUuRCW4D4bGE=
-121,-84,f7HMy0Gdhz1Syjkr7KQHH/dxQe0=,VhPhAn1KwNmJiSGBUuRCW4D4bGE=
-115,-88,f7HMy0Gdhz1Syjkr7KQHH/dxQe0=,VhPhAn1KwNmJiSGBUuRCW4D4bGE=
-122,-84,f7HMy0Gdhz1Syjkr7KQHH/dxQe0=,VhPhAn1KwNmJiSGBUuRCW4D4bGE=
-114,-88,f7HMy0Gdhz1Syjkr7KQHH/dxQe0=,VhPhAn1KwNmJiSGBUuRCW4D4bGE=
-123,-84,f7HMy0Gdhz1Syjkr7KQHH/dxQe0=,VhPhAn1KwNmJiSGBUuRCW4D4bGE=
-113,-88,f7HMy0Gdhz1Syjkr7KQHH/dxQe0=,VhPhAn1KwNmJiSGBUuRCW4D4bGE=
-124,-84,f7HMy0Gdhz1Syjkr7KQHH/dxQe0=,VhPhAn1KwNmJiSGBUuRCW4D4bGE=
-128,-87,f7HMy0Gdhz1Syjkr7KQHH/dxQe0=,VhPhAn1KwNmJiSGBUuRCW4D4bGE=
-125,-84,f7HMy0Gdhz1Syjkr7KQHH/dxQe0=,VhPhAn1KwNmJiSGBUuRCW4D4bGE=
-127,-87,f7HMy0Gdhz1Syjkr7KQHH/dxQe0=,VhPhAn1KwNmJiSGBUuRCW4D4bGE=
-126,-84,f7HMy0Gdhz1Syjkr7KQHH/dxQe0=,VhPhAn1KwNmJiSGBUuRCW4D4bGE=
-126,-87,f7HMy0Gdhz1Syjkr7KQHH/dxQe0=,VhPhAn1KwNmJiSGBUuRCW4D4bGE=
-127,-84,f7HMy0Gdhz1Syjkr7KQHH/dxQe0=,VhPhAn1KwNmJiSGBUuRCW4D4bGE=
-125,-87,f7HMy0Gdhz1Syjkr7KQHH/dxQe0=,VhPhAn1KwNmJiSGBUuRCW4D4bGE=
-124,-87,f7HMy0Gdhz1Syjkr7KQHH/dxQe0=,VhPhAn1KwNmJiSGBUuRCW4D4bGE=
-128,-84,f7HMy0Gdhz1Syjkr7KQHH/dxQe0=,VhPhAn1KwNmJiSGBUuRCW4D4bGE=
-113,-85,f7HMy0Gdhz1Syjkr7KQHH/dxQe0=,VhPhAn1KwNmJiSGBUuRCW4D4bGE=
-123,-87,f7HMy0Gdhz1Syjkr7KQHH/dxQe0=,VhPhAn1KwNmJiSGBUuRCW4D4bGE=
-122,-87,f7HMy0Gdhz1Syjkr7KQHH/dxQe0=,VhPhAn1KwNmJiSGBUuRCW4D4bGE=
-114,-85,f7HMy0Gdhz1Syjkr7KQHH/dxQe0=,VhPhAn1KwNmJiSGBUuRCW4D4bGE=
-121,-87,f7HMy0Gdhz1Syjkr7KQHH/dxQe0=,VhPhAn1KwNmJiSGBUuRCW4D4bGE=
-124,-83,f7HMy0Gdhz1Syjkr7KQHH/dxQe0=,VhPhAn1KwNmJiSGBUuRCW4D4bGE=
-115,-85,f7HMy0Gdhz1Syjkr7KQHH/dxQe0=,VhPhAn1KwNmJiSGBUuRCW4D4bGE=
-120,-87,f7HMy0Gdhz1Syjkr7KQHH/dxQe0=,VhPhAn1KwNmJiSGBUuRCW4D4bGE=
-116,-85,f7HMy0Gdhz1Syjkr7KQHH/dxQe0=,VhPhAn1KwNmJiSGBUuRCW4D4bGE=
-117,-85,f7HMy0Gdhz1Syjkr7KQHH/dxQe0=,VhPhAn1KwNmJiSGBUuRCW4D4bGE=
-125,-83,f7HMy0Gdhz1Syjkr7KQHH/dxQe0=,VhPhAn1KwNmJiSGBUuRCW4D4bGE=
-121,-94,f7HMy0Gdhz1Syjkr7KQHH/dxQe0=,VhPhAn1KwNmJiSGBUuRCW4D4bGE=
-115,-96,f7HMy0Gdhz1Syjkr7KQHH/dxQe0=,VhPhAn1KwNmJiSGBUuRCW4D4bGE=
-117,-96,f7HMy0Gdhz1Syjkr7KQHH/dxQe0=,VhPhAn1KwNmJiSGBUuRCW4D4bGE=
-119,-85,f7HMy0Gdhz1Syjkr7KQHH/dxQe0=,VhPhAn1KwNmJiSGBUuRCW4D4bGE=
-118,-85,f7HMy0Gdhz1Syjkr7KQHH/dxQe0=,VhPhAn1KwNmJiSGBUuRCW4D4bGE=
-119,-94,f7HMy0Gdhz1Syjkr7KQHH/dxQe0=,VhPhAn1KwNmJiSGBUuRCW4D4bGE=
-119,-87,f7HMy0Gdhz1Syjkr7KQHH/dxQe0=,VhPhAn1KwNmJiSGBUuRCW4D4bGE=
-120,-85,f7HMy0Gdhz1Syjkr7KQHH/dxQe0=,VhPhAn1KwNmJiSGBUuRCW4D4bGE=
-122,-85,f7HMy0Gdhz1Syjkr7KQHH/dxQe0=,VhPhAn1KwNmJiSGBUuRCW4D4bGE=
-121,-85,f7HMy0Gdhz1Syjkr7KQHH/dxQe0=,VhPhAn1KwNmJiSGBUuRCW4D4bGE=
-118,-87,f7HMy0Gdhz1Syjkr7KQHH/dxQe0=,VhPhAn1KwNmJiSGBUuRCW4D4bGE=
-123,-85,f7HMy0Gdhz1Syjkr7KQHH/dxQe0=,VhPhAn1KwNmJiSGBUuRCW4D4bGE=
-124,-85,f7HMy0Gdhz1Syjkr7KQHH/dxQe0=,VhPhAn1KwNmJiSGBUuRCW4D4bGE=
-117,-87,f7HMy0Gdhz1Syjkr7KQHH/dxQe0=,VhPhAn1KwNmJiSGBUuRCW4D4bGE=
-125,-85,f7HMy0Gdhz1Syjkr7KQHH/dxQe0=,VhPhAn1KwNmJiSGBUuRCW4D4bGE=
-126,-85,f7HMy0Gdhz1Syjkr7KQHH/dxQe0=,VhPhAn1KwNmJiSGBUuRCW4D4bGE=
-127,-85,f7HMy0Gdhz1Syjkr7KQHH/dxQe0=,VhPhAn1KwNmJiSGBUuRCW4D4bGE=
-116,-87,f7HMy0Gdhz1Syjkr7KQHH/dxQe0=,VhPhAn1KwNmJiSGBUuRCW4D4bGE=
-128,-85,f7HMy0Gdhz1Syjkr7KQHH/dxQe0=,VhPhAn1KwNmJiSGBUuRCW4D4bGE=
-113,-86,f7HMy0Gdhz1Syjkr7KQHH/dxQe0=,VhPhAn1KwNmJiSGBUuRCW4D4bGE=
-115,-87,f7HMy0Gdhz1Syjkr7KQHH/dxQe0=,VhPhAn1KwNmJiSGBUuRCW4D4bGE=
-114,-86,f7HMy0Gdhz1Syjkr7KQHH/dxQe0=,VhPhAn1KwNmJiSGBUuRCW4D4bGE=
-115,-86,f7HMy0Gdhz1Syjkr7KQHH/dxQe0=,VhPhAn1KwNmJiSGBUuRCW4D4bGE=
-116,-86,f7HMy0Gdhz1Syjkr7KQHH/dxQe0=,VhPhAn1KwNmJiSGBUuRCW4D4bGE=
-117,-86,f7HMy0Gdhz1Syjkr7KQHH/dxQe0=,VhPhAn1KwNmJiSGBUuRCW4D4bGE=
-114,-87,f7HMy0Gdhz1Syjkr7KQHH/dxQe0=,VhPhAn1KwNmJiSGBUuRCW4D4bGE=
-118,-86,f7HMy0Gdhz1Syjkr7KQHH/dxQe0=,VhPhAn1KwNmJiSGBUuRCW4D4bGE=
-116,-96,f7HMy0Gdhz1Syjkr7KQHH/dxQe0=,VhPhAn1KwNmJiSGBUuRCW4D4bGE=
-120,-94,f7HMy0Gdhz1Syjkr7KQHH/dxQe0=,VhPhAn1KwNmJiSGBUuRCW4D4bGE=
-122,-81,f7HMy0Gdhz1Syjkr7KQHH/dxQe0=,VhPhAn1KwNmJiSGBUuRCW4D4bGE=
-113,-87,f7HMy0Gdhz1Syjkr7KQHH/dxQe0=,VhPhAn1KwNmJiSGBUuRCW4D4bGE=
-119,-86,f7HMy0Gdhz1Syjkr7KQHH/dxQe0=,VhPhAn1KwNmJiSGBUuRCW4D4bGE=
-120,-86,f7HMy0Gdhz1Syjkr7KQHH/dxQe0=,VhPhAn1KwNmJiSGBUuRCW4D4bGE=
-121,-86,f7HMy0Gdhz1Syjkr7KQHH/dxQe0=,VhPhAn1KwNmJiSGBUuRCW4D4bGE=
-128,-86,f7HMy0Gdhz1Syjkr7KQHH/dxQe0=,VhPhAn1KwNmJiSGBUuRCW4D4bGE=
-122,-86,f7HMy0Gdhz1Syjkr7KQHH/dxQe0=,VhPhAn1KwNmJiSGBUuRCW4D4bGE=
-125,-86,f7HMy0Gdhz1Syjkr7KQHH/dxQe0=,VhPhAn1KwNmJiSGBUuRCW4D4bGE=
-126,-86,f7HMy0Gdhz1Syjkr7KQHH/dxQe0=,VhPhAn1KwNmJiSGBUuRCW4D4bGE=
-123,-86,f7HMy0Gdhz1Syjkr7KQHH/dxQe0=,VhPhAn1KwNmJiSGBUuRCW4D4bGE=
-127,-86,f7HMy0Gdhz1Syjkr7KQHH/dxQe0=,VhPhAn1KwNmJiSGBUuRCW4D4bGE=
-124,-86,f7HMy0Gdhz1Syjkr7KQHH/dxQe0=,VhPhAn1KwNmJiSGBUuRCW4D4bGE=
-125,-81,f7HMy0Gdhz1Syjkr7KQHH/dxQe0=,VhPhAn1KwNmJiSGBUuRCW4D4bGE=
-125,-82,f7HMy0Gdhz1Syjkr7KQHH/dxQe0=,VhPhAn1KwNmJiSGBUuRCW4D4bGE=
-124,-82,f7HMy0Gdhz1Syjkr7KQHH/dxQe0=,VhPhAn1KwNmJiSGBUuRCW4D4bGE=
-124,-81,f7HMy0Gdhz1Syjkr7KQHH/dxQe0=,VhPhAn1KwNmJiSGBUuRCW4D4bGE=
-117,-78,f7HMy0Gdhz1Syjkr7KQHH/dxQe0=,tT5Nwl52KU+b6d9fk4am0JrjxmE=
-118,-78,f7HMy0Gdhz1Syjkr7KQHH/dxQe0=,tT5Nwl52KU+b6d9fk4am0JrjxmE=
-119,-78,f7HMy0Gdhz1Syjkr7KQHH/dxQe0=,tT5Nwl52KU+b6d9fk4am0JrjxmE=
-122,-78,f7HMy0Gdhz1Syjkr7KQHH/dxQe0=,tT5Nwl52KU+b6d9fk4am0JrjxmE=
-120,-78,f7HMy0Gdhz1Syjkr7KQHH/dxQe0=,tT5Nwl52KU+b6d9fk4am0JrjxmE=
-116,-77,f7HMy0Gdhz1Syjkr7KQHH/dxQe0=,tT5Nwl52KU+b6d9fk4am0JrjxmE=
-113,-65,f7HMy0Gdhz1Syjkr7KQHH/dxQe0=,tT5Nwl52KU+b6d9fk4am0JrjxmE=
-127,-78,f7HMy0Gdhz1Syjkr7KQHH/dxQe0=,tT5Nwl52KU+b6d9fk4am0JrjxmE=
-126,-78,f7HMy0Gdhz1Syjkr7KQHH/dxQe0=,tT5Nwl52KU+b6d9fk4am0JrjxmE=
-114,-65,f7HMy0Gdhz1Syjkr7KQHH/dxQe0=,tT5Nwl52KU+b6d9fk4am0JrjxmE=
-117,-77,f7HMy0Gdhz1Syjkr7KQHH/dxQe0=,tT5Nwl52KU+b6d9fk4am0JrjxmE=
-118,-77,f7HMy0Gdhz1Syjkr7KQHH/dxQe0=,tT5Nwl52KU+b6d9fk4am0JrjxmE=
-128,-78,f7HMy0Gdhz1Syjkr7KQHH/dxQe0=,tT5Nwl52KU+b6d9fk4am0JrjxmE=
-125,-78,f7HMy0Gdhz1Syjkr7KQHH/dxQe0=,tT5Nwl52KU+b6d9fk4am0JrjxmE=
-116,-65,f7HMy0Gdhz1Syjkr7KQHH/dxQe0=,tT5Nwl52KU+b6d9fk4am0JrjxmE=
-117,-65,f7HMy0Gdhz1Syjkr7KQHH/dxQe0=,tT5Nwl52KU+b6d9fk4am0JrjxmE=
-115,-65,f7HMy0Gdhz1Syjkr7KQHH/dxQe0=,tT5Nwl52KU+b6d9fk4am0JrjxmE=
-119,-65,f7HMy0Gdhz1Syjkr7KQHH/dxQe0=,tT5Nwl52KU+b6d9fk4am0JrjxmE=
-118,-65,f7HMy0Gdhz1Syjkr7KQHH/dxQe0=,tT5Nwl52KU+b6d9fk4am0JrjxmE=
-120,-65,f7HMy0Gdhz1Syjkr7KQHH/dxQe0=,tT5Nwl52KU+b6d9fk4am0JrjxmE=
-121,-65,f7HMy0Gdhz1Syjkr7KQHH/dxQe0=,tT5Nwl52KU+b6d9fk4am0JrjxmE=
-122,-65,f7HMy0Gdhz1Syjkr7KQHH/dxQe0=,tT5Nwl52KU+b6d9fk4am0JrjxmE=
-123,-65,f7HMy0Gdhz1Syjkr7KQHH/dxQe0=,tT5Nwl52KU+b6d9fk4am0JrjxmE=
-124,-65,f7HMy0Gdhz1Syjkr7KQHH/dxQe0=,tT5Nwl52KU+b6d9fk4am0JrjxmE=
-125,-65,f7HMy0Gdhz1Syjkr7KQHH/dxQe0=,tT5Nwl52KU+b6d9fk4am0JrjxmE=
-127,-65,f7HMy0Gdhz1Syjkr7KQHH/dxQe0=,tT5Nwl52KU+b6d9fk4am0JrjxmE=
-126,-65,f7HMy0Gdhz1Syjkr7KQHH/dxQe0=,tT5Nwl52KU+b6d9fk4am0JrjxmE=
-126,-80,f7HMy0Gdhz1Syjkr7KQHH/dxQe0=,tT5Nwl52KU+b6d9fk4am0JrjxmE=
-128,-65,f7HMy0Gdhz1Syjkr7KQHH/dxQe0=,tT5Nwl52KU+b6d9fk4am0JrjxmE=
-114,-66,f7HMy0Gdhz1Syjkr7KQHH/dxQe0=,tT5Nwl52KU+b6d9fk4am0JrjxmE=
-115,-66,f7HMy0Gdhz1Syjkr7KQHH/dxQe0=,tT5Nwl52KU+b6d9fk4am0JrjxmE=
-113,-66,f7HMy0Gdhz1Syjkr7KQHH/dxQe0=,tT5Nwl52KU+b6d9fk4am0JrjxmE=
-116,-66,f7HMy0Gdhz1Syjkr7KQHH/dxQe0=,tT5Nwl52KU+b6d9fk4am0JrjxmE=
-117,-66,f7HMy0Gdhz1Syjkr7KQHH/dxQe0=,tT5Nwl52KU+b6d9fk4am0JrjxmE=
-118,-66,f7HMy0Gdhz1Syjkr7KQHH/dxQe0=,tT5Nwl52KU+b6d9fk4am0JrjxmE=
-120,-66,f7HMy0Gdhz1Syjkr7KQHH/dxQe0=,tT5Nwl52KU+b6d9fk4am0JrjxmE=
-119,-66,f7HMy0Gdhz1Syjkr7KQHH/dxQe0=,tT5Nwl52KU+b6d9fk4am0JrjxmE=
-123,-66,f7HMy0Gdhz1Syjkr7KQHH/dxQe0=,tT5Nwl52KU+b6d9fk4am0JrjxmE=
-121,-66,f7HMy0Gdhz1Syjkr7KQHH/dxQe0=,tT5Nwl52KU+b6d9fk4am0JrjxmE=
-122,-66,f7HMy0Gdhz1Syjkr7KQHH/dxQe0=,tT5Nwl52KU+b6d9fk4am0JrjxmE=
-124,-66,f7HMy0Gdhz1Syjkr7KQHH/dxQe0=,tT5Nwl52KU+b6d9fk4am0JrjxmE=
-125,-80,f7HMy0Gdhz1Syjkr7KQHH/dxQe0=,tT5Nwl52KU+b6d9fk4am0JrjxmE=
-125,-66,f7HMy0Gdhz1Syjkr7KQHH/dxQe0=,tT5Nwl52KU+b6d9fk4am0JrjxmE=
-126,-66,f7HMy0Gdhz1Syjkr7KQHH/dxQe0=,tT5Nwl52KU+b6d9fk4am0JrjxmE=
-119,-77,f7HMy0Gdhz1Syjkr7KQHH/dxQe0=,tT5Nwl52KU+b6d9fk4am0JrjxmE=
-115,-78,f7HMy0Gdhz1Syjkr7KQHH/dxQe0=,tT5Nwl52KU+b6d9fk4am0JrjxmE=
-127,-66,f7HMy0Gdhz1Syjkr7KQHH/dxQe0=,tT5Nwl52KU+b6d9fk4am0JrjxmE=
-128,-79,f7HMy0Gdhz1Syjkr7KQHH/dxQe0=,tT5Nwl52KU+b6d9fk4am0JrjxmE=
-128,-66,f7HMy0Gdhz1Syjkr7KQHH/dxQe0=,tT5Nwl52KU+b6d9fk4am0JrjxmE=
-113,-67,f7HMy0Gdhz1Syjkr7KQHH/dxQe0=,tT5Nwl52KU+b6d9fk4am0JrjxmE=
-114,-67,f7HMy0Gdhz1Syjkr7KQHH/dxQe0=,tT5Nwl52KU+b6d9fk4am0JrjxmE=
-115,-67,f7HMy0Gdhz1Syjkr7KQHH/dxQe0=,tT5Nwl52KU+b6d9fk4am0JrjxmE=
-114,-79,f7HMy0Gdhz1Syjkr7KQHH/dxQe0=,tT5Nwl52KU+b6d9fk4am0JrjxmE=
-116,-67,f7HMy0Gdhz1Syjkr7KQHH/dxQe0=,tT5Nwl52KU+b6d9fk4am0JrjxmE=
-117,-67,f7HMy0Gdhz1Syjkr7KQHH/dxQe0=,tT5Nwl52KU+b6d9fk4am0JrjxmE=
-118,-67,f7HMy0Gdhz1Syjkr7KQHH/dxQe0=,tT5Nwl52KU+b6d9fk4am0JrjxmE=
-119,-67,f7HMy0Gdhz1Syjkr7KQHH/dxQe0=,tT5Nwl52KU+b6d9fk4am0JrjxmE=
-120,-67,f7HMy0Gdhz1Syjkr7KQHH/dxQe0=,tT5Nwl52KU+b6d9fk4am0JrjxmE=
-121,-67,f7HMy0Gdhz1Syjkr7KQHH/dxQe0=,tT5Nwl52KU+b6d9fk4am0JrjxmE=
-122,-67,f7HMy0Gdhz1Syjkr7KQHH/dxQe0=,tT5Nwl52KU+b6d9fk4am0JrjxmE=
-124,-67,f7HMy0Gdhz1Syjkr7KQHH/dxQe0=,tT5Nwl52KU+b6d9fk4am0JrjxmE=
-113,-80,f7HMy0Gdhz1Syjkr7KQHH/dxQe0=,tT5Nwl52KU+b6d9fk4am0JrjxmE=
-125,-67,f7HMy0Gdhz1Syjkr7KQHH/dxQe0=,tT5Nwl52KU+b6d9fk4am0JrjxmE=
-120,-77,f7HMy0Gdhz1Syjkr7KQHH/dxQe0=,tT5Nwl52KU+b6d9fk4am0JrjxmE=
-127,-67,f7HMy0Gdhz1Syjkr7KQHH/dxQe0=,tT5Nwl52KU+b6d9fk4am0JrjxmE=
-126,-67,f7HMy0Gdhz1Syjkr7KQHH/dxQe0=,tT5Nwl52KU+b6d9fk4am0JrjxmE=
-123,-67,f7HMy0Gdhz1Syjkr7KQHH/dxQe0=,tT5Nwl52KU+b6d9fk4am0JrjxmE=
-116,-78,f7HMy0Gdhz1Syjkr7KQHH/dxQe0=,tT5Nwl52KU+b6d9fk4am0JrjxmE=
-128,-67,f7HMy0Gdhz1Syjkr7KQHH/dxQe0=,tT5Nwl52KU+b6d9fk4am0JrjxmE=
-114,-68,f7HMy0Gdhz1Syjkr7KQHH/dxQe0=,tT5Nwl52KU+b6d9fk4am0JrjxmE=
-113,-68,f7HMy0Gdhz1Syjkr7KQHH/dxQe0=,tT5Nwl52KU+b6d9fk4am0JrjxmE=
-115,-68,f7HMy0Gdhz1Syjkr7KQHH/dxQe0=,tT5Nwl52KU+b6d9fk4am0JrjxmE=
-116,-68,f7HMy0Gdhz1Syjkr7KQHH/dxQe0=,tT5Nwl52KU+b6d9fk4am0JrjxmE=
-117,-68,f7HMy0Gdhz1Syjkr7KQHH/dxQe0=,tT5Nwl52KU+b6d9fk4am0JrjxmE=
-118,-68,f7HMy0Gdhz1Syjkr7KQHH/dxQe0=,tT5Nwl52KU+b6d9fk4am0JrjxmE=
-119,-68,f7HMy0Gdhz1Syjkr7KQHH/dxQe0=,tT5Nwl52KU+b6d9fk4am0JrjxmE=
-120,-68,f7HMy0Gdhz1Syjkr7KQHH/dxQe0=,tT5Nwl52KU+b6d9fk4am0JrjxmE=
-121,-68,f7HMy0Gdhz1Syjkr7KQHH/dxQe0=,tT5Nwl52KU+b6d9fk4am0JrjxmE=
-123,-68,f7HMy0Gdhz1Syjkr7KQHH/dxQe0=,tT5Nwl52KU+b6d9fk4am0JrjxmE=
-122,-68,f7HMy0Gdhz1Syjkr7KQHH/dxQe0=,tT5Nwl52KU+b6d9fk4am0JrjxmE=
-114,-78,f7HMy0Gdhz1Syjkr7KQHH/dxQe0=,tT5Nwl52KU+b6d9fk4am0JrjxmE=
-124,-68,f7HMy0Gdhz1Syjkr7KQHH/dxQe0=,tT5Nwl52KU+b6d9fk4am0JrjxmE=
-114,-80,f7HMy0Gdhz1Syjkr7KQHH/dxQe0=,tT5Nwl52KU+b6d9fk4am0JrjxmE=
-124,-80,f7HMy0Gdhz1Syjkr7KQHH/dxQe0=,tT5Nwl52KU+b6d9fk4am0JrjxmE=
-115,-77,f7HMy0Gdhz1Syjkr7KQHH/dxQe0=,tT5Nwl52KU+b6d9fk4am0JrjxmE=
-114,-77,f7HMy0Gdhz1Syjkr7KQHH/dxQe0=,tT5Nwl52KU+b6d9fk4am0JrjxmE=
-121,-77,f7HMy0Gdhz1Syjkr7KQHH/dxQe0=,tT5Nwl52KU+b6d9fk4am0JrjxmE=
-125,-68,f7HMy0Gdhz1Syjkr7KQHH/dxQe0=,tT5Nwl52KU+b6d9fk4am0JrjxmE=
-113,-77,f7HMy0Gdhz1Syjkr7KQHH/dxQe0=,tT5Nwl52KU+b6d9fk4am0JrjxmE=
-126,-68,f7HMy0Gdhz1Syjkr7KQHH/dxQe0=,tT5Nwl52KU+b6d9fk4am0JrjxmE=
-127,-68,f7HMy0Gdhz1Syjkr7KQHH/dxQe0=,tT5Nwl52KU+b6d9fk4am0JrjxmE=
-128,-68,f7HMy0Gdhz1Syjkr7KQHH/dxQe0=,tT5Nwl52KU+b6d9fk4am0JrjxmE=
-117,-79,f7HMy0Gdhz1Syjkr7KQHH/dxQe0=,tT5Nwl52KU+b6d9fk4am0JrjxmE=
-113,-69,f7HMy0Gdhz1Syjkr7KQHH/dxQe0=,tT5Nwl52KU+b6d9fk4am0JrjxmE=
-123,-78,f7HMy0Gdhz1Syjkr7KQHH/dxQe0=,tT5Nwl52KU+b6d9fk4am0JrjxmE=
-114,-69,f7HMy0Gdhz1Syjkr7KQHH/dxQe0=,tT5Nwl52KU+b6d9fk4am0JrjxmE=
-113,-79,f7HMy0Gdhz1Syjkr7KQHH/dxQe0=,tT5Nwl52KU+b6d9fk4am0JrjxmE=
-115,-69,f7HMy0Gdhz1Syjkr7KQHH/dxQe0=,tT5Nwl52KU+b6d9fk4am0JrjxmE=
-116,-69,f7HMy0Gdhz1Syjkr7KQHH/dxQe0=,tT5Nwl52KU+b6d9fk4am0JrjxmE=
-117,-69,f7HMy0Gdhz1Syjkr7KQHH/dxQe0=,tT5Nwl52KU+b6d9fk4am0JrjxmE=
-118,-69,f7HMy0Gdhz1Syjkr7KQHH/dxQe0=,tT5Nwl52KU+b6d9fk4am0JrjxmE=
-119,-69,f7HMy0Gdhz1Syjkr7KQHH/dxQe0=,tT5Nwl52KU+b6d9fk4am0JrjxmE=
-120,-69,f7HMy0Gdhz1Syjkr7KQHH/dxQe0=,tT5Nwl52KU+b6d9fk4am0JrjxmE=
-121,-69,f7HMy0Gdhz1Syjkr7KQHH/dxQe0=,tT5Nwl52KU+b6d9fk4am0JrjxmE=
-122,-69,f7HMy0Gdhz1Syjkr7KQHH/dxQe0=,tT5Nwl52KU+b6d9fk4am0JrjxmE=
-123,-69,f7HMy0Gdhz1Syjkr7KQHH/dxQe0=,tT5Nwl52KU+b6d9fk4am0JrjxmE=
-122,-77,f7HMy0Gdhz1Syjkr7KQHH/dxQe0=,tT5Nwl52KU+b6d9fk4am0JrjxmE=
-124,-69,f7HMy0Gdhz1Syjkr7KQHH/dxQe0=,tT5Nwl52KU+b6d9fk4am0JrjxmE=
-125,-69,f7HMy0Gdhz1Syjkr7KQHH/dxQe0=,tT5Nwl52KU+b6d9fk4am0JrjxmE=
-126,-69,f7HMy0Gdhz1Syjkr7KQHH/dxQe0=,tT5Nwl52KU+b6d9fk4am0JrjxmE=
-128,-69,f7HMy0Gdhz1Syjkr7KQHH/dxQe0=,tT5Nwl52KU+b6d9fk4am0JrjxmE=
-127,-69,f7HMy0Gdhz1Syjkr7KQHH/dxQe0=,tT5Nwl52KU+b6d9fk4am0JrjxmE=
-118,-79,f7HMy0Gdhz1Syjkr7KQHH/dxQe0=,tT5Nwl52KU+b6d9fk4am0JrjxmE=
-113,-70,f7HMy0Gdhz1Syjkr7KQHH/dxQe0=,tT5Nwl52KU+b6d9fk4am0JrjxmE=
-114,-70,f7HMy0Gdhz1Syjkr7KQHH/dxQe0=,tT5Nwl52KU+b6d9fk4am0JrjxmE=
-115,-70,f7HMy0Gdhz1Syjkr7KQHH/dxQe0=,tT5Nwl52KU+b6d9fk4am0JrjxmE=
-117,-70,f7HMy0Gdhz1Syjkr7KQHH/dxQe0=,tT5Nwl52KU+b6d9fk4am0JrjxmE=
-116,-70,f7HMy0Gdhz1Syjkr7KQHH/dxQe0=,tT5Nwl52KU+b6d9fk4am0JrjxmE=
-118,-70,f7HMy0Gdhz1Syjkr7KQHH/dxQe0=,tT5Nwl52KU+b6d9fk4am0JrjxmE=
-119,-70,f7HMy0Gdhz1Syjkr7KQHH/dxQe0=,tT5Nwl52KU+b6d9fk4am0JrjxmE=
-120,-70,f7HMy0Gdhz1Syjkr7KQHH/dxQe0=,tT5Nwl52KU+b6d9fk4am0JrjxmE=
-121,-70,f7HMy0Gdhz1Syjkr7KQHH/dxQe0=,tT5Nwl52KU+b6d9fk4am0JrjxmE=
-122,-70,f7HMy0Gdhz1Syjkr7KQHH/dxQe0=,tT5Nwl52KU+b6d9fk4am0JrjxmE=
-116,-80,f7HMy0Gdhz1Syjkr7KQHH/dxQe0=,tT5Nwl52KU+b6d9fk4am0JrjxmE=
-123,-70,f7HMy0Gdhz1Syjkr7KQHH/dxQe0=,tT5Nwl52KU+b6d9fk4am0JrjxmE=
-124,-70,f7HMy0Gdhz1Syjkr7KQHH/dxQe0=,tT5Nwl52KU+b6d9fk4am0JrjxmE=
-115,-79,f7HMy0Gdhz1Syjkr7KQHH/dxQe0=,tT5Nwl52KU+b6d9fk4am0JrjxmE=
-125,-70,f7HMy0Gdhz1Syjkr7KQHH/dxQe0=,tT5Nwl52KU+b6d9fk4am0JrjxmE=
-126,-70,f7HMy0Gdhz1Syjkr7KQHH/dxQe0=,tT5Nwl52KU+b6d9fk4am0JrjxmE=
-127,-70,f7HMy0Gdhz1Syjkr7KQHH/dxQe0=,tT5Nwl52KU+b6d9fk4am0JrjxmE=
-119,-79,f7HMy0Gdhz1Syjkr7KQHH/dxQe0=,tT5Nwl52KU+b6d9fk4am0JrjxmE=
-128,-70,f7HMy0Gdhz1Syjkr7KQHH/dxQe0=,tT5Nwl52KU+b6d9fk4am0JrjxmE=
-113,-71,f7HMy0Gdhz1Syjkr7KQHH/dxQe0=,tT5Nwl52KU+b6d9fk4am0JrjxmE=
-114,-71,f7HMy0Gdhz1Syjkr7KQHH/dxQe0=,tT5Nwl52KU+b6d9fk4am0JrjxmE=
-127,-79,f7HMy0Gdhz1Syjkr7KQHH/dxQe0=,tT5Nwl52KU+b6d9fk4am0JrjxmE=
-116,-71,f7HMy0Gdhz1Syjkr7KQHH/dxQe0=,tT5Nwl52KU+b6d9fk4am0JrjxmE=
-115,-71,f7HMy0Gdhz1Syjkr7KQHH/dxQe0=,tT5Nwl52KU+b6d9fk4am0JrjxmE=
-117,-71,f7HMy0Gdhz1Syjkr7KQHH/dxQe0=,tT5Nwl52KU+b6d9fk4am0JrjxmE=
-120,-71,f7HMy0Gdhz1Syjkr7KQHH/dxQe0=,tT5Nwl52KU+b6d9fk4am0JrjxmE=
-119,-71,f7HMy0Gdhz1Syjkr7KQHH/dxQe0=,tT5Nwl52KU+b6d9fk4am0JrjxmE=
-116,-79,f7HMy0Gdhz1Syjkr7KQHH/dxQe0=,tT5Nwl52KU+b6d9fk4am0JrjxmE=
-118,-71,f7HMy0Gdhz1Syjkr7KQHH/dxQe0=,tT5Nwl52KU+b6d9fk4am0JrjxmE=
-121,-71,f7HMy0Gdhz1Syjkr7KQHH/dxQe0=,tT5Nwl52KU+b6d9fk4am0JrjxmE=
-117,-80,f7HMy0Gdhz1Syjkr7KQHH/dxQe0=,tT5Nwl52KU+b6d9fk4am0JrjxmE=
-124,-77,f7HMy0Gdhz1Syjkr7KQHH/dxQe0=,tT5Nwl52KU+b6d9fk4am0JrjxmE=
-122,-71,f7HMy0Gdhz1Syjkr7KQHH/dxQe0=,tT5Nwl52KU+b6d9fk4am0JrjxmE=
-123,-71,f7HMy0Gdhz1Syjkr7KQHH/dxQe0=,tT5Nwl52KU+b6d9fk4am0JrjxmE=
-125,-71,f7HMy0Gdhz1Syjkr7KQHH/dxQe0=,tT5Nwl52KU+b6d9fk4am0JrjxmE=
-126,-71,f7HMy0Gdhz1Syjkr7KQHH/dxQe0=,tT5Nwl52KU+b6d9fk4am0JrjxmE=
-124,-71,f7HMy0Gdhz1Syjkr7KQHH/dxQe0=,tT5Nwl52KU+b6d9fk4am0JrjxmE=
-127,-71,f7HMy0Gdhz1Syjkr7KQHH/dxQe0=,tT5Nwl52KU+b6d9fk4am0JrjxmE=
-128,-71,f7HMy0Gdhz1Syjkr7KQHH/dxQe0=,tT5Nwl52KU+b6d9fk4am0JrjxmE=
-115,-72,f7HMy0Gdhz1Syjkr7KQHH/dxQe0=,tT5Nwl52KU+b6d9fk4am0JrjxmE=
-113,-72,f7HMy0Gdhz1Syjkr7KQHH/dxQe0=,tT5Nwl52KU+b6d9fk4am0JrjxmE=
-114,-72,f7HMy0Gdhz1Syjkr7KQHH/dxQe0=,tT5Nwl52KU+b6d9fk4am0JrjxmE=
-116,-72,f7HMy0Gdhz1Syjkr7KQHH/dxQe0=,tT5Nwl52KU+b6d9fk4am0JrjxmE=
-118,-72,f7HMy0Gdhz1Syjkr7KQHH/dxQe0=,tT5Nwl52KU+b6d9fk4am0JrjxmE=
-117,-72,f7HMy0Gdhz1Syjkr7KQHH/dxQe0=,tT5Nwl52KU+b6d9fk4am0JrjxmE=
-119,-72,f7HMy0Gdhz1Syjkr7KQHH/dxQe0=,tT5Nwl52KU+b6d9fk4am0JrjxmE=
-120,-72,f7HMy0Gdhz1Syjkr7KQHH/dxQe0=,tT5Nwl52KU+b6d9fk4am0JrjxmE=
-121,-72,f7HMy0Gdhz1Syjkr7KQHH/dxQe0=,tT5Nwl52KU+b6d9fk4am0JrjxmE=
-125,-77,f7HMy0Gdhz1Syjkr7KQHH/dxQe0=,tT5Nwl52KU+b6d9fk4am0JrjxmE=
-122,-72,f7HMy0Gdhz1Syjkr7KQHH/dxQe0=,tT5Nwl52KU+b6d9fk4am0JrjxmE=
-123,-72,f7HMy0Gdhz1Syjkr7KQHH/dxQe0=,tT5Nwl52KU+b6d9fk4am0JrjxmE=
-124,-72,f7HMy0Gdhz1Syjkr7KQHH/dxQe0=,tT5Nwl52KU+b6d9fk4am0JrjxmE=
-125,-72,f7HMy0Gdhz1Syjkr7KQHH/dxQe0=,tT5Nwl52KU+b6d9fk4am0JrjxmE=
-126,-72,f7HMy0Gdhz1Syjkr7KQHH/dxQe0=,tT5Nwl52KU+b6d9fk4am0JrjxmE=
-127,-72,f7HMy0Gdhz1Syjkr7KQHH/dxQe0=,tT5Nwl52KU+b6d9fk4am0JrjxmE=
-128,-72,f7HMy0Gdhz1Syjkr7KQHH/dxQe0=,tT5Nwl52KU+b6d9fk4am0JrjxmE=
-121,-79,f7HMy0Gdhz1Syjkr7KQHH/dxQe0=,tT5Nwl52KU+b6d9fk4am0JrjxmE=
-113,-73,f7HMy0Gdhz1Syjkr7KQHH/dxQe0=,tT5Nwl52KU+b6d9fk4am0JrjxmE=
-114,-73,f7HMy0Gdhz1Syjkr7KQHH/dxQe0=,tT5Nwl52KU+b6d9fk4am0JrjxmE=
-115,-73,f7HMy0Gdhz1Syjkr7KQHH/dxQe0=,tT5Nwl52KU+b6d9fk4am0JrjxmE=
-117,-73,f7HMy0Gdhz1Syjkr7KQHH/dxQe0=,tT5Nwl52KU+b6d9fk4am0JrjxmE=
-116,-73,f7HMy0Gdhz1Syjkr7KQHH/dxQe0=,tT5Nwl52KU+b6d9fk4am0JrjxmE=
-118,-73,f7HMy0Gdhz1Syjkr7KQHH/dxQe0=,tT5Nwl52KU+b6d9fk4am0JrjxmE=
-126,-77,f7HMy0Gdhz1Syjkr7KQHH/dxQe0=,tT5Nwl52KU+b6d9fk4am0JrjxmE=
-120,-73,f7HMy0Gdhz1Syjkr7KQHH/dxQe0=,tT5Nwl52KU+b6d9fk4am0JrjxmE=
-119,-73,f7HMy0Gdhz1Syjkr7KQHH/dxQe0=,tT5Nwl52KU+b6d9fk4am0JrjxmE=
-121,-73,f7HMy0Gdhz1Syjkr7KQHH/dxQe0=,tT5Nwl52KU+b6d9fk4am0JrjxmE=
-122,-73,f7HMy0Gdhz1Syjkr7KQHH/dxQe0=,tT5Nwl52KU+b6d9fk4am0JrjxmE=
-123,-73,f7HMy0Gdhz1Syjkr7KQHH/dxQe0=,tT5Nwl52KU+b6d9fk4am0JrjxmE=
-124,-73,f7HMy0Gdhz1Syjkr7KQHH/dxQe0=,tT5Nwl52KU+b6d9fk4am0JrjxmE=
-127,-80,f7HMy0Gdhz1Syjkr7KQHH/dxQe0=,tT5Nwl52KU+b6d9fk4am0JrjxmE=
-126,-73,f7HMy0Gdhz1Syjkr7KQHH/dxQe0=,tT5Nwl52KU+b6d9fk4am0JrjxmE=
-125,-73,f7HMy0Gdhz1Syjkr7KQHH/dxQe0=,tT5Nwl52KU+b6d9fk4am0JrjxmE=
-127,-73,f7HMy0Gdhz1Syjkr7KQHH/dxQe0=,tT5Nwl52KU+b6d9fk4am0JrjxmE=
-128,-73,f7HMy0Gdhz1Syjkr7KQHH/dxQe0=,tT5Nwl52KU+b6d9fk4am0JrjxmE=
-113,-74,f7HMy0Gdhz1Syjkr7KQHH/dxQe0=,tT5Nwl52KU+b6d9fk4am0JrjxmE=
-114,-74,f7HMy0Gdhz1Syjkr7KQHH/dxQe0=,tT5Nwl52KU+b6d9fk4am0JrjxmE=
-115,-74,f7HMy0Gdhz1Syjkr7KQHH/dxQe0=,tT5Nwl52KU+b6d9fk4am0JrjxmE=
-116,-74,f7HMy0Gdhz1Syjkr7KQHH/dxQe0=,tT5Nwl52KU+b6d9fk4am0JrjxmE=
-118,-74,f7HMy0Gdhz1Syjkr7KQHH/dxQe0=,tT5Nwl52KU+b6d9fk4am0JrjxmE=
-117,-74,f7HMy0Gdhz1Syjkr7KQHH/dxQe0=,tT5Nwl52KU+b6d9fk4am0JrjxmE=
-115,-80,f7HMy0Gdhz1Syjkr7KQHH/dxQe0=,tT5Nwl52KU+b6d9fk4am0JrjxmE=
-119,-74,f7HMy0Gdhz1Syjkr7KQHH/dxQe0=,tT5Nwl52KU+b6d9fk4am0JrjxmE=
-127,-77,f7HMy0Gdhz1Syjkr7KQHH/dxQe0=,tT5Nwl52KU+b6d9fk4am0JrjxmE=
-120,-74,f7HMy0Gdhz1Syjkr7KQHH/dxQe0=,tT5Nwl52KU+b6d9fk4am0JrjxmE=
-121,-74,f7HMy0Gdhz1Syjkr7KQHH/dxQe0=,tT5Nwl52KU+b6d9fk4am0JrjxmE=
-122,-74,f7HMy0Gdhz1Syjkr7KQHH/dxQe0=,tT5Nwl52KU+b6d9fk4am0JrjxmE=
-123,-74,f7HMy0Gdhz1Syjkr7KQHH/dxQe0=,tT5Nwl52KU+b6d9fk4am0JrjxmE=
-124,-74,f7HMy0Gdhz1Syjkr7KQHH/dxQe0=,tT5Nwl52KU+b6d9fk4am0JrjxmE=
-125,-74,f7HMy0Gdhz1Syjkr7KQHH/dxQe0=,tT5Nwl52KU+b6d9fk4am0JrjxmE=
-126,-74,f7HMy0Gdhz1Syjkr7KQHH/dxQe0=,tT5Nwl52KU+b6d9fk4am0JrjxmE=
-127,-74,f7HMy0Gdhz1Syjkr7KQHH/dxQe0=,tT5Nwl52KU+b6d9fk4am0JrjxmE=
-128,-74,f7HMy0Gdhz1Syjkr7KQHH/dxQe0=,tT5Nwl52KU+b6d9fk4am0JrjxmE=
-120,-79,f7HMy0Gdhz1Syjkr7KQHH/dxQe0=,tT5Nwl52KU+b6d9fk4am0JrjxmE=
-113,-75,f7HMy0Gdhz1Syjkr7KQHH/dxQe0=,tT5Nwl52KU+b6d9fk4am0JrjxmE=
-118,-80,f7HMy0Gdhz1Syjkr7KQHH/dxQe0=,tT5Nwl52KU+b6d9fk4am0JrjxmE=
-114,-75,f7HMy0Gdhz1Syjkr7KQHH/dxQe0=,tT5Nwl52KU+b6d9fk4am0JrjxmE=
-115,-75,f7HMy0Gdhz1Syjkr7KQHH/dxQe0=,tT5Nwl52KU+b6d9fk4am0JrjxmE=
-116,-75,f7HMy0Gdhz1Syjkr7KQHH/dxQe0=,tT5Nwl52KU+b6d9fk4am0JrjxmE=
-117,-75,f7HMy0Gdhz1Syjkr7KQHH/dxQe0=,tT5Nwl52KU+b6d9fk4am0JrjxmE=
-119,-80,f7HMy0Gdhz1Syjkr7KQHH/dxQe0=,tT5Nwl52KU+b6d9fk4am0JrjxmE=
-128,-77,f7HMy0Gdhz1Syjkr7KQHH/dxQe0=,tT5Nwl52KU+b6d9fk4am0JrjxmE=
-119,-75,f7HMy0Gdhz1Syjkr7KQHH/dxQe0=,tT5Nwl52KU+b6d9fk4am0JrjxmE=
-120,-75,f7HMy0Gdhz1Syjkr7KQHH/dxQe0=,tT5Nwl52KU+b6d9fk4am0JrjxmE=
-118,-75,f7HMy0Gdhz1Syjkr7KQHH/dxQe0=,tT5Nwl52KU+b6d9fk4am0JrjxmE=
-121,-75,f7HMy0Gdhz1Syjkr7KQHH/dxQe0=,tT5Nwl52KU+b6d9fk4am0JrjxmE=
-122,-75,f7HMy0Gdhz1Syjkr7KQHH/dxQe0=,tT5Nwl52KU+b6d9fk4am0JrjxmE=
-123,-75,f7HMy0Gdhz1Syjkr7KQHH/dxQe0=,tT5Nwl52KU+b6d9fk4am0JrjxmE=
-124,-75,f7HMy0Gdhz1Syjkr7KQHH/dxQe0=,tT5Nwl52KU+b6d9fk4am0JrjxmE=
-125,-75,f7HMy0Gdhz1Syjkr7KQHH/dxQe0=,tT5Nwl52KU+b6d9fk4am0JrjxmE=
-126,-75,f7HMy0Gdhz1Syjkr7KQHH/dxQe0=,tT5Nwl52KU+b6d9fk4am0JrjxmE=
-128,-75,f7HMy0Gdhz1Syjkr7KQHH/dxQe0=,tT5Nwl52KU+b6d9fk4am0JrjxmE=
-125,-79,f7HMy0Gdhz1Syjkr7KQHH/dxQe0=,tT5Nwl52KU+b6d9fk4am0JrjxmE=
-113,-76,f7HMy0Gdhz1Syjkr7KQHH/dxQe0=,tT5Nwl52KU+b6d9fk4am0JrjxmE=
-127,-75,f7HMy0Gdhz1Syjkr7KQHH/dxQe0=,tT5Nwl52KU+b6d9fk4am0JrjxmE=
-120,-80,f7HMy0Gdhz1Syjkr7KQHH/dxQe0=,tT5Nwl52KU+b6d9fk4am0JrjxmE=
-115,-76,f7HMy0Gdhz1Syjkr7KQHH/dxQe0=,tT5Nwl52KU+b6d9fk4am0JrjxmE=
-116,-76,f7HMy0Gdhz1Syjkr7KQHH/dxQe0=,tT5Nwl52KU+b6d9fk4am0JrjxmE=
-124,-79,f7HMy0Gdhz1Syjkr7KQHH/dxQe0=,tT5Nwl52KU+b6d9fk4am0JrjxmE=
-117,-76,f7HMy0Gdhz1Syjkr7KQHH/dxQe0=,tT5Nwl52KU+b6d9fk4am0JrjxmE=
-128,-80,f7HMy0Gdhz1Syjkr7KQHH/dxQe0=,tT5Nwl52KU+b6d9fk4am0JrjxmE=
-114,-76,f7HMy0Gdhz1Syjkr7KQHH/dxQe0=,tT5Nwl52KU+b6d9fk4am0JrjxmE=
-118,-76,f7HMy0Gdhz1Syjkr7KQHH/dxQe0=,tT5Nwl52KU+b6d9fk4am0JrjxmE=
-119,-76,f7HMy0Gdhz1Syjkr7KQHH/dxQe0=,tT5Nwl52KU+b6d9fk4am0JrjxmE=
-120,-76,f7HMy0Gdhz1Syjkr7KQHH/dxQe0=,tT5Nwl52KU+b6d9fk4am0JrjxmE=
-121,-76,f7HMy0Gdhz1Syjkr7KQHH/dxQe0=,tT5Nwl52KU+b6d9fk4am0JrjxmE=
-122,-76,f7HMy0Gdhz1Syjkr7KQHH/dxQe0=,tT5Nwl52KU+b6d9fk4am0JrjxmE=
-123,-76,f7HMy0Gdhz1Syjkr7KQHH/dxQe0=,tT5Nwl52KU+b6d9fk4am0JrjxmE=
-124,-76,f7HMy0Gdhz1Syjkr7KQHH/dxQe0=,tT5Nwl52KU+b6d9fk4am0JrjxmE=
-125,-76,f7HMy0Gdhz1Syjkr7KQHH/dxQe0=,tT5Nwl52KU+b6d9fk4am0JrjxmE=
-126,-76,f7HMy0Gdhz1Syjkr7KQHH/dxQe0=,tT5Nwl52KU+b6d9fk4am0JrjxmE=
-127,-76,f7HMy0Gdhz1Syjkr7KQHH/dxQe0=,tT5Nwl52KU+b6d9fk4am0JrjxmE=
-122,-79,f7HMy0Gdhz1Syjkr7KQHH/dxQe0=,tT5Nwl52KU+b6d9fk4am0JrjxmE=
-128,-76,f7HMy0Gdhz1Syjkr7KQHH/dxQe0=,tT5Nwl52KU+b6d9fk4am0JrjxmE=
-123,-77,f7HMy0Gdhz1Syjkr7KQHH/dxQe0=,tT5Nwl52KU+b6d9fk4am0JrjxmE=
-113,-78,f7HMy0Gdhz1Syjkr7KQHH/dxQe0=,tT5Nwl52KU+b6d9fk4am0JrjxmE=
-123,-79,f7HMy0Gdhz1Syjkr7KQHH/dxQe0=,tT5Nwl52KU+b6d9fk4am0JrjxmE=
-121,-78,f7HMy0Gdhz1Syjkr7KQHH/dxQe0=,tT5Nwl52KU+b6d9fk4am0JrjxmE=
-126,-79,f7HMy0Gdhz1Syjkr7KQHH/dxQe0=,tT5Nwl52KU+b6d9fk4am0JrjxmE=
-122,-80,f7HMy0Gdhz1Syjkr7KQHH/dxQe0=,tT5Nwl52KU+b6d9fk4am0JrjxmE=
-124,-78,f7HMy0Gdhz1Syjkr7KQHH/dxQe0=,tT5Nwl52KU+b6d9fk4am0JrjxmE=
-123,-80,f7HMy0Gdhz1Syjkr7KQHH/dxQe0=,tT5Nwl52KU+b6d9fk4am0JrjxmE=
-121,-80,f7HMy0Gdhz1Syjkr7KQHH/dxQe0=,tT5Nwl52KU+b6d9fk4am0JrjxmE=
