-189,448,mfl0aiz4iuQc6dDp22X3PN1bOTU=,ac2zkTjkp59+zYZZBlIGvKzD81I=
-180,450,mfl0aiz4iuQc6dDp22X3PN1bOTU=,ac2zkTjkp59+zYZZBlIGvKzD81I=
-181,450,mfl0aiz4iuQc6dDp22X3PN1bOTU=,ac2zkTjkp59+zYZZBlIGvKzD81I=
-182,450,mfl0aiz4iuQc6dDp22X3PN1bOTU=,ac2zkTjkp59+zYZZBlIGvKzD81I=
-183,450,mfl0aiz4iuQc6dDp22X3PN1bOTU=,ac2zkTjkp59+zYZZBlIGvKzD81I=
-184,450,mfl0aiz4iuQc6dDp22X3PN1bOTU=,ac2zkTjkp59+zYZZBlIGvKzD81I=
-185,450,mfl0aiz4iuQc6dDp22X3PN1bOTU=,ac2zkTjkp59+zYZZBlIGvKzD81I=
-186,450,mfl0aiz4iuQc6dDp22X3PN1bOTU=,ac2zkTjkp59+zYZZBlIGvKzD81I=
-187,450,mfl0aiz4iuQc6dDp22X3PN1bOTU=,ac2zkTjkp59+zYZZBlIGvKzD81I=
-177,463,mfl0aiz4iuQc6dDp22X3PN1bOTU=,ac2zkTjkp59+zYZZBlIGvKzD81I=
-188,450,mfl0aiz4iuQc6dDp22X3PN1bOTU=,ac2zkTjkp59+zYZZBlIGvKzD81I=
-189,450,mfl0aiz4iuQc6dDp22X3PN1bOTU=,ac2zkTjkp59+zYZZBlIGvKzD81I=
-177,449,mfl0aiz4iuQc6dDp22X3PN1bOTU=,ac2zkTjkp59+zYZZBlIGvKzD81I=
-190,450,mfl0aiz4iuQc6dDp22X3PN1bOTU=,ac2zkTjkp59+zYZZBlIGvKzD81I=
-191,450,mfl0aiz4iuQc6dDp22X3PN1bOTU=,ac2zkTjkp59+zYZZBlIGvKzD81I=
-192,450,mfl0aiz4iuQc6dDp22X3PN1bOTU=,ac2zkTjkp59+zYZZBlIGvKzD81I=
-190,448,mfl0aiz4iuQc6dDp22X3PN1bOTU=,ac2zkTjkp59+zYZZBlIGvKzD81I=
-181,463,mfl0aiz4iuQc6dDp22X3PN1bOTU=,ac2zkTjkp59+zYZZBlIGvKzD81I=
-182,451,mfl0aiz4iuQc6dDp22X3PN1bOTU=,ac2zkTjkp59+zYZZBlIGvKzD81I=
-181,451,mfl0aiz4iuQc6dDp22X3PN1bOTU=,ac2zkTjkp59+zYZZBlIGvKzD81I=
-180,451,mfl0aiz4iuQc6dDp22X3PN1bOTU=,ac2zkTjkp59+zYZZBlIGvKzD81I=
-178,463,mfl0aiz4iuQc6dDp22X3PN1bOTU=,ac2zkTjkp59+zYZZBlIGvKzD81I=
-189,463,mfl0aiz4iuQc6dDp22X3PN1bOTU=,ac2zkTjkp59+zYZZBlIGvKzD81I=
-191,463,mfl0aiz4iuQc6dDp22X3PN1bOTU=,ac2zkTjkp59+zYZZBlIGvKzD81I=
-190,463,mfl0aiz4iuQc6dDp22X3PN1bOTU=,ac2zkTjkp59+zYZZBlIGvKzD81I=
-192,463,mfl0aiz4iuQc6dDp22X3PN1bOTU=,ac2zkTjkp59+zYZZBlIGvKzD81I=
-178,449,mfl0aiz4iuQc6dDp22X3PN1bOTU=,ac2zkTjkp59+zYZZBlIGvKzD81I=
-177,462,mfl0aiz4iuQc6dDp22X3PN1bOTU=,ac2zkTjkp59+zYZZBlIGvKzD81I=
-180,463,mfl0aiz4iuQc6dDp22X3PN1bOTU=,ac2zkTjkp59+zYZZBlIGvKzD81I=
-182,463,mfl0aiz4iuQc6dDp22X3PN1bOTU=,ac2zkTjkp59+zYZZBlIGvKzD81I=
-188,463,mfl0aiz4iuQc6dDp22X3PN1bOTU=,ac2zkTjkp59+zYZZBlIGvKzD81I=
-179,463,mfl0aiz4iuQc6dDp22X3PN1bOTU=,ac2zkTjkp59+zYZZBlIGvKzD81I=
-187,463,mfl0aiz4iuQc6dDp22X3PN1bOTU=,ac2zkTjkp59+zYZZBlIGvKzD81I=
-183,463,mfl0aiz4iuQc6dDp22X3PN1bOTU=,ac2zkTjkp59+zYZZBlIGvKzD81I=
-179,462,mfl0aiz4iuQc6dDp22X3PN1bOTU=,ac2zkTjkp59+zYZZBlIGvKzD81I=
-178,462,mfl0aiz4iuQc6dDp22X3PN1bOTU=,ac2zkTjkp59+zYZZBlIGvKzD81I=
-178,450,mfl0aiz4iuQc6dDp22X3PN1bOTU=,ac2zkTjkp59+zYZZBlIGvKzD81I=
-188,448,mfl0aiz4iuQc6dDp22X3PN1bOTU=,ac2zkTjkp59+zYZZBlIGvKzD81I=
-178,451,mfl0aiz4iuQc6dDp22X3PN1bOTU=,ac2zkTjkp59+zYZZBlIGvKzD81I=
-187,448,mfl0aiz4iuQc6dDp22X3PN1bOTU=,ac2zkTjkp59+zYZZBlIGvKzD81I=
-186,463,mfl0aiz4iuQc6dDp22X3PN1bOTU=,ac2zkTjkp59+zYZZBlIGvKzD81I=
-182,462,mfl0aiz4iuQc6dDp22X3PN1bOTU=,ac2zkTjkp59+zYZZBlIGvKzD81I=
-179,451,mfl0aiz4iuQc6dDp22X3PN1bOTU=,ac2zkTjkp59+zYZZBlIGvKzD81I=
-185,463,mfl0aiz4iuQc6dDp22X3PN1bOTU=,ac2zkTjkp59+zYZZBlIGvKzD81I=
-184,463,mfl0aiz4iuQc6dDp22X3PN1bOTU=,ac2zkTjkp59+zYZZBlIGvKzD81I=
-190,462,mfl0aiz4iuQc6dDp22X3PN1bOTU=,ac2zkTjkp59+zYZZBlIGvKzD81I=
-183,451,mfl0aiz4iuQc6dDp22X3PN1bOTU=,ac2zkTjkp59+zYZZBlIGvKzD81I=
-191,449,mfl0aiz4iuQc6dDp22X3PN1bOTU=,ac2zkTjkp59+zYZZBlIGvKzD81I=
-191,462,mfl0aiz4iuQc6dDp22X3PN1bOTU=,ac2zkTjkp59+zYZZBlIGvKzD81I=
-192,449,mfl0aiz4iuQc6dDp22X3PN1bOTU=,ac2zkTjkp59+zYZZBlIGvKzD81I=
-192,462,mfl0aiz4iuQc6dDp22X3PN1bOTU=,ac2zkTjkp59+zYZZBlIGvKzD81I=
-177,461,mfl0aiz4iuQc6dDp22X3PN1bOTU=,ac2zkTjkp59+zYZZBlIGvKzD81I=
-191,448,mfl0aiz4iuQc6dDp22X3PN1bOTU=,ac2zkTjkp59+zYZZBlIGvKzD81I=
-180,462,mfl0aiz4iuQc6dDp22X3PN1bOTU=,ac2zkTjkp59+zYZZBlIGvKzD81I=
-181,462,mfl0aiz4iuQc6dDp22X3PN1bOTU=,ac2zkTjkp59+zYZZBlIGvKzD81I=
-179,450,mfl0aiz4iuQc6dDp22X3PN1bOTU=,ac2zkTjkp59+zYZZBlIGvKzD81I=
-183,462,mfl0aiz4iuQc6dDp22X3PN1bOTU=,ac2zkTjkp59+zYZZBlIGvKzD81I=
-177,451,mfl0aiz4iuQc6dDp22X3PN1bOTU=,ac2zkTjkp59+zYZZBlIGvKzD81I=
-184,462,mfl0aiz4iuQc6dDp22X3PN1bOTU=,ac2zkTjkp59+zYZZBlIGvKzD81I=
-190,449,mfl0aiz4iuQc6dDp22X3PN1bOTU=,ac2zkTjkp59+zYZZBlIGvKzD81I=
-191,452,mfl0aiz4iuQc6dDp22X3PN1bOTU=,ac2zkTjkp59+zYZZBlIGvKzD81I=
-192,452,mfl0aiz4iuQc6dDp22X3PN1bOTU=,ac2zkTjkp59+zYZZBlIGvKzD81I=
-190,452,mfl0aiz4iuQc6dDp22X3PN1bOTU=,ac2zkTjkp59+zYZZBlIGvKzD81I=
-189,452,mfl0aiz4iuQc6dDp22X3PN1bOTU=,ac2zkTjkp59+zYZZBlIGvKzD81I=
-188,452,mfl0aiz4iuQc6dDp22X3PN1bOTU=,ac2zkTjkp59+zYZZBlIGvKzD81I=
-187,452,mfl0aiz4iuQc6dDp22X3PN1bOTU=,ac2zkTjkp59+zYZZBlIGvKzD81I=
-186,452,mfl0aiz4iuQc6dDp22X3PN1bOTU=,ac2zkTjkp59+zYZZBlIGvKzD81I=
-185,452,mfl0aiz4iuQc6dDp22X3PN1bOTU=,ac2zkTjkp59+zYZZBlIGvKzD81I=
-184,452,mfl0aiz4iuQc6dDp22X3PN1bOTU=,ac2zkTjkp59+zYZZBlIGvKzD81I=
-183,452,mfl0aiz4iuQc6dDp22X3PN1bOTU=,ac2zkTjkp59+zYZZBlIGvKzD81I=
-182,452,mfl0aiz4iuQc6dDp22X3PN1bOTU=,ac2zkTjkp59+zYZZBlIGvKzD81I=
-181,452,mfl0aiz4iuQc6dDp22X3PN1bOTU=,ac2zkTjkp59+zYZZBlIGvKzD81I=
-177,450,mfl0aiz4iuQc6dDp22X3PN1bOTU=,ac2zkTjkp59+zYZZBlIGvKzD81I=
-186,448,mfl0aiz4iuQc6dDp22X3PN1bOTU=,ac2zkTjkp59+zYZZBlIGvKzD81I=
-188,462,mfl0aiz4iuQc6dDp22X3PN1bOTU=,ac2zkTjkp59+zYZZBlIGvKzD81I=
-185,462,mfl0aiz4iuQc6dDp22X3PN1bOTU=,ac2zkTjkp59+zYZZBlIGvKzD81I=
-179,461,mfl0aiz4iuQc6dDp22X3PN1bOTU=,ac2zkTjkp59+zYZZBlIGvKzD81I=
-186,462,mfl0aiz4iuQc6dDp22X3PN1bOTU=,ac2zkTjkp59+zYZZBlIGvKzD81I=
-182,461,mfl0aiz4iuQc6dDp22X3PN1bOTU=,ac2zkTjkp59+zYZZBlIGvKzD81I=
-181,461,mfl0aiz4iuQc6dDp22X3PN1bOTU=,ac2zkTjkp59+zYZZBlIGvKzD81I=
-187,462,mfl0aiz4iuQc6dDp22X3PN1bOTU=,ac2zkTjkp59+zYZZBlIGvKzD81I=
-189,461,mfl0aiz4iuQc6dDp22X3PN1bOTU=,ac2zkTjkp59+zYZZBlIGvKzD81I=
-184,451,mfl0aiz4iuQc6dDp22X3PN1bOTU=,ac2zkTjkp59+zYZZBlIGvKzD81I=
-179,449,mfl0aiz4iuQc6dDp22X3PN1bOTU=,ac2zkTjkp59+zYZZBlIGvKzD81I=
-191,461,mfl0aiz4iuQc6dDp22X3PN1bOTU=,ac2zkTjkp59+zYZZBlIGvKzD81I=
-180,449,mfl0aiz4iuQc6dDp22X3PN1bOTU=,ac2zkTjkp59+zYZZBlIGvKzD81I=
-192,461,mfl0aiz4iuQc6dDp22X3PN1bOTU=,ac2zkTjkp59+zYZZBlIGvKzD81I=
-180,461,mfl0aiz4iuQc6dDp22X3PN1bOTU=,ac2zkTjkp59+zYZZBlIGvKzD81I=
-177,460,mfl0aiz4iuQc6dDp22X3PN1bOTU=,ac2zkTjkp59+zYZZBlIGvKzD81I=
-178,461,mfl0aiz4iuQc6dDp22X3PN1bOTU=,ac2zkTjkp59+zYZZBlIGvKzD81I=
-177,448,mfl0aiz4iuQc6dDp22X3PN1bOTU=,ac2zkTjkp59+zYZZBlIGvKzD81I=
-183,461,mfl0aiz4iuQc6dDp22X3PN1bOTU=,ac2zkTjkp59+zYZZBlIGvKzD81I=
-188,461,mfl0aiz4iuQc6dDp22X3PN1bOTU=,ac2zkTjkp59+zYZZBlIGvKzD81I=
-182,460,mfl0aiz4iuQc6dDp22X3PN1bOTU=,ac2zkTjkp59+zYZZBlIGvKzD81I=
-185,461,mfl0aiz4iuQc6dDp22X3PN1bOTU=,ac2zkTjkp59+zYZZBlIGvKzD81I=
-190,461,mfl0aiz4iuQc6dDp22X3PN1bOTU=,ac2zkTjkp59+zYZZBlIGvKzD81I=
-184,461,mfl0aiz4iuQc6dDp22X3PN1bOTU=,ac2zkTjkp59+zYZZBlIGvKzD81I=
-180,452,mfl0aiz4iuQc6dDp22X3PN1bOTU=,ac2zkTjkp59+zYZZBlIGvKzD81I=
-186,461,mfl0aiz4iuQc6dDp22X3PN1bOTU=,ac2zkTjkp59+zYZZBlIGvKzD81I=
-179,460,mfl0aiz4iuQc6dDp22X3PN1bOTU=,ac2zkTjkp59+zYZZBlIGvKzD81I=
-178,460,mfl0aiz4iuQc6dDp22X3PN1bOTU=,ac2zkTjkp59+zYZZBlIGvKzD81I=
-192,448,mfl0aiz4iuQc6dDp22X3PN1bOTU=,ac2zkTjkp59+zYZZBlIGvKzD81I=
-184,460,mfl0aiz4iuQc6dDp22X3PN1bOTU=,ac2zkTjkp59+zYZZBlIGvKzD81I=
-187,461,mfl0aiz4iuQc6dDp22X3PN1bOTU=,ac2zkTjkp59+zYZZBlIGvKzD81I=
-185,451,mfl0aiz4iuQc6dDp22X3PN1bOTU=,ac2zkTjkp59+zYZZBlIGvKzD81I=
-179,452,mfl0aiz4iuQc6dDp22X3PN1bOTU=,ac2zkTjkp59+zYZZBlIGvKzD81I=
-181,460,mfl0aiz4iuQc6dDp22X3PN1bOTU=,ac2zkTjkp59+zYZZBlIGvKzD81I=
-191,460,mfl0aiz4iuQc6dDp22X3PN1bOTU=,ac2zkTjkp59+zYZZBlIGvKzD81I=
-181,449,mfl0aiz4iuQc6dDp22X3PN1bOTU=,ac2zkTjkp59+zYZZBlIGvKzD81I=
-192,460,mfl0aiz4iuQc6dDp22X3PN1bOTU=,ac2zkTjkp59+zYZZBlIGvKzD81I=
-189,460,mfl0aiz4iuQc6dDp22X3PN1bOTU=,ac2zkTjkp59+zYZZBlIGvKzD81I=
-180,460,mfl0aiz4iuQc6dDp22X3PN1bOTU=,ac2zkTjkp59+zYZZBlIGvKzD81I=
-182,459,mfl0aiz4iuQc6dDp22X3PN1bOTU=,ac2zkTjkp59+zYZZBlIGvKzD81I=
-183,460,mfl0aiz4iuQc6dDp22X3PN1bOTU=,ac2zkTjkp59+zYZZBlIGvKzD81I=
-186,460,mfl0aiz4iuQc6dDp22X3PN1bOTU=,ac2zkTjkp59+zYZZBlIGvKzD81I=
-183,459,mfl0aiz4iuQc6dDp22X3PN1bOTU=,ac2zkTjkp59+zYZZBlIGvKzD81I=
-178,448,mfl0aiz4iuQc6dDp22X3PN1bOTU=,ac2zkTjkp59+zYZZBlIGvKzD81I=
-185,460,mfl0aiz4iuQc6dDp22X3PN1bOTU=,ac2zkTjkp59+zYZZBlIGvKzD81I=
-179,459,mfl0aiz4iuQc6dDp22X3PN1bOTU=,ac2zkTjkp59+zYZZBlIGvKzD81I=
-179,448,mfl0aiz4iuQc6dDp22X3PN1bOTU=,ac2zkTjkp59+zYZZBlIGvKzD81I=
-186,451,mfl0aiz4iuQc6dDp22X3PN1bOTU=,ac2zkTjkp59+zYZZBlIGvKzD81I=
-188,460,mfl0aiz4iuQc6dDp22X3PN1bOTU=,ac2zkTjkp59+zYZZBlIGvKzD81I=
-184,459,mfl0aiz4iuQc6dDp22X3PN1bOTU=,ac2zkTjkp59+zYZZBlIGvKzD81I=
-182,449,mfl0aiz4iuQc6dDp22X3PN1bOTU=,ac2zkTjkp59+zYZZBlIGvKzD81I=
-191,459,mfl0aiz4iuQc6dDp22X3PN1bOTU=,ac2zkTjkp59+zYZZBlIGvKzD81I=
-192,459,mfl0aiz4iuQc6dDp22X3PN1bOTU=,ac2zkTjkp59+zYZZBlIGvKzD81I=
-178,452,mfl0aiz4iuQc6dDp22X3PN1bOTU=,ac2zkTjkp59+zYZZBlIGvKzD81I=
-177,459,mfl0aiz4iuQc6dDp22X3PN1bOTU=,ac2zkTjkp59+zYZZBlIGvKzD81I=
-180,459,mfl0aiz4iuQc6dDp22X3PN1bOTU=,ac2zkTjkp59+zYZZBlIGvKzD81I=
-179,458,mfl0aiz4iuQc6dDp22X3PN1bOTU=,ac2zkTjkp59+zYZZBlIGvKzD81I=
-190,459,mfl0aiz4iuQc6dDp22X3PN1bOTU=,ac2zkTjkp59+zYZZBlIGvKzD81I=
-181,458,mfl0aiz4iuQc6dDp22X3PN1bOTU=,ac2zkTjkp59+zYZZBlIGvKzD81I=
-189,459,mfl0aiz4iuQc6dDp22X3PN1bOTU=,ac2zkTjkp59+zYZZBlIGvKzD81I=
-182,458,mfl0aiz4iuQc6dDp22X3PN1bOTU=,ac2zkTjkp59+zYZZBlIGvKzD81I=
-183,458,mfl0aiz4iuQc6dDp22X3PN1bOTU=,ac2zkTjkp59+zYZZBlIGvKzD81I=
-181,459,mfl0aiz4iuQc6dDp22X3PN1bOTU=,ac2zkTjkp59+zYZZBlIGvKzD81I=
-185,458,mfl0aiz4iuQc6dDp22X3PN1bOTU=,ac2zkTjkp59+zYZZBlIGvKzD81I=
-180,448,mfl0aiz4iuQc6dDp22X3PN1bOTU=,ac2zkTjkp59+zYZZBlIGvKzD81I=
-187,451,mfl0aiz4iuQc6dDp22X3PN1bOTU=,ac2zkTjkp59+zYZZBlIGvKzD81I=
-190,460,mfl0aiz4iuQc6dDp22X3PN1bOTU=,ac2zkTjkp59+zYZZBlIGvKzD81I=
-177,452,mfl0aiz4iuQc6dDp22X3PN1bOTU=,ac2zkTjkp59+zYZZBlIGvKzD81I=
-192,453,mfl0aiz4iuQc6dDp22X3PN1bOTU=,ac2zkTjkp59+zYZZBlIGvKzD81I=
-188,458,mfl0aiz4iuQc6dDp22X3PN1bOTU=,ac2zkTjkp59+zYZZBlIGvKzD81I=
-189,458,mfl0aiz4iuQc6dDp22X3PN1bOTU=,ac2zkTjkp59+zYZZBlIGvKzD81I=
-189,449,mfl0aiz4iuQc6dDp22X3PN1bOTU=,ac2zkTjkp59+zYZZBlIGvKzD81I=
-191,453,mfl0aiz4iuQc6dDp22X3PN1bOTU=,ac2zkTjkp59+zYZZBlIGvKzD81I=
-190,458,mfl0aiz4iuQc6dDp22X3PN1bOTU=,ac2zkTjkp59+zYZZBlIGvKzD81I=
-190,453,mfl0aiz4iuQc6dDp22X3PN1bOTU=,ac2zkTjkp59+zYZZBlIGvKzD81I=
-191,458,mfl0aiz4iuQc6dDp22X3PN1bOTU=,ac2zkTjkp59+zYZZBlIGvKzD81I=
-183,449,mfl0aiz4iuQc6dDp22X3PN1bOTU=,ac2zkTjkp59+zYZZBlIGvKzD81I=
-189,453,mfl0aiz4iuQc6dDp22X3PN1bOTU=,ac2zkTjkp59+zYZZBlIGvKzD81I=
-188,453,mfl0aiz4iuQc6dDp22X3PN1bOTU=,ac2zkTjkp59+zYZZBlIGvKzD81I=
-192,458,mfl0aiz4iuQc6dDp22X3PN1bOTU=,ac2zkTjkp59+zYZZBlIGvKzD81I=
-187,453,mfl0aiz4iuQc6dDp22X3PN1bOTU=,ac2zkTjkp59+zYZZBlIGvKzD81I=
-177,457,mfl0aiz4iuQc6dDp22X3PN1bOTU=,ac2zkTjkp59+zYZZBlIGvKzD81I=
-185,453,mfl0aiz4iuQc6dDp22X3PN1bOTU=,ac2zkTjkp59+zYZZBlIGvKzD81I=
-186,453,mfl0aiz4iuQc6dDp22X3PN1bOTU=,ac2zkTjkp59+zYZZBlIGvKzD81I=
-184,453,mfl0aiz4iuQc6dDp22X3PN1bOTU=,ac2zkTjkp59+zYZZBlIGvKzD81I=
-183,453,mfl0aiz4iuQc6dDp22X3PN1bOTU=,ac2zkTjkp59+zYZZBlIGvKzD81I=
-182,453,mfl0aiz4iuQc6dDp22X3PN1bOTU=,ac2zkTjkp59+zYZZBlIGvKzD81I=
-188,449,mfl0aiz4iuQc6dDp22X3PN1bOTU=,ac2zkTjkp59+zYZZBlIGvKzD81I=
-192,451,mfl0aiz4iuQc6dDp22X3PN1bOTU=,ac2zkTjkp59+zYZZBlIGvKzD81I=
-185,448,mfl0aiz4iuQc6dDp22X3PN1bOTU=,ac2zkTjkp59+zYZZBlIGvKzD81I=
-181,453,mfl0aiz4iuQc6dDp22X3PN1bOTU=,ac2zkTjkp59+zYZZBlIGvKzD81I=
-184,458,mfl0aiz4iuQc6dDp22X3PN1bOTU=,ac2zkTjkp59+zYZZBlIGvKzD81I=
-187,458,mfl0aiz4iuQc6dDp22X3PN1bOTU=,ac2zkTjkp59+zYZZBlIGvKzD81I=
-177,458,mfl0aiz4iuQc6dDp22X3PN1bOTU=,ac2zkTjkp59+zYZZBlIGvKzD81I=
-180,458,mfl0aiz4iuQc6dDp22X3PN1bOTU=,ac2zkTjkp59+zYZZBlIGvKzD81I=
-182,457,mfl0aiz4iuQc6dDp22X3PN1bOTU=,ac2zkTjkp59+zYZZBlIGvKzD81I=
-183,457,mfl0aiz4iuQc6dDp22X3PN1bOTU=,ac2zkTjkp59+zYZZBlIGvKzD81I=
-186,458,mfl0aiz4iuQc6dDp22X3PN1bOTU=,ac2zkTjkp59+zYZZBlIGvKzD81I=
-185,457,mfl0aiz4iuQc6dDp22X3PN1bOTU=,ac2zkTjkp59+zYZZBlIGvKzD81I=
-181,448,mfl0aiz4iuQc6dDp22X3PN1bOTU=,ac2zkTjkp59+zYZZBlIGvKzD81I=
-188,451,mfl0aiz4iuQc6dDp22X3PN1bOTU=,ac2zkTjkp59+zYZZBlIGvKzD81I=
-186,457,mfl0aiz4iuQc6dDp22X3PN1bOTU=,ac2zkTjkp59+zYZZBlIGvKzD81I=
-187,457,mfl0aiz4iuQc6dDp22X3PN1bOTU=,ac2zkTjkp59+zYZZBlIGvKzD81I=
-188,457,mfl0aiz4iuQc6dDp22X3PN1bOTU=,ac2zkTjkp59+zYZZBlIGvKzD81I=
-178,459,mfl0aiz4iuQc6dDp22X3PN1bOTU=,ac2zkTjkp59+zYZZBlIGvKzD81I=
-189,457,mfl0aiz4iuQc6dDp22X3PN1bOTU=,ac2zkTjkp59+zYZZBlIGvKzD81I=
-191,457,mfl0aiz4iuQc6dDp22X3PN1bOTU=,ac2zkTjkp59+zYZZBlIGvKzD81I=
-190,457,mfl0aiz4iuQc6dDp22X3PN1bOTU=,ac2zkTjkp59+zYZZBlIGvKzD81I=
-184,449,mfl0aiz4iuQc6dDp22X3PN1bOTU=,ac2zkTjkp59+zYZZBlIGvKzD81I=
-192,457,mfl0aiz4iuQc6dDp22X3PN1bOTU=,ac2zkTjkp59+zYZZBlIGvKzD81I=
-177,456,mfl0aiz4iuQc6dDp22X3PN1bOTU=,ac2zkTjkp59+zYZZBlIGvKzD81I=
-179,456,mfl0aiz4iuQc6dDp22X3PN1bOTU=,ac2zkTjkp59+zYZZBlIGvKzD81I=
-180,456,mfl0aiz4iuQc6dDp22X3PN1bOTU=,ac2zkTjkp59+zYZZBlIGvKzD81I=
-181,456,mfl0aiz4iuQc6dDp22X3PN1bOTU=,ac2zkTjkp59+zYZZBlIGvKzD81I=
-179,457,mfl0aiz4iuQc6dDp22X3PN1bOTU=,ac2zkTjkp59+zYZZBlIGvKzD81I=
-183,456,mfl0aiz4iuQc6dDp22X3PN1bOTU=,ac2zkTjkp59+zYZZBlIGvKzD81I=
-184,456,mfl0aiz4iuQc6dDp22X3PN1bOTU=,ac2zkTjkp59+zYZZBlIGvKzD81I=
-182,448,mfl0aiz4iuQc6dDp22X3PN1bOTU=,ac2zkTjkp59+zYZZBlIGvKzD81I=
-189,451,mfl0aiz4iuQc6dDp22X3PN1bOTU=,ac2zkTjkp59+zYZZBlIGvKzD81I=
-185,456,mfl0aiz4iuQc6dDp22X3PN1bOTU=,ac2zkTjkp59+zYZZBlIGvKzD81I=
-186,456,mfl0aiz4iuQc6dDp22X3PN1bOTU=,ac2zkTjkp59+zYZZBlIGvKzD81I=
-187,456,mfl0aiz4iuQc6dDp22X3PN1bOTU=,ac2zkTjkp59+zYZZBlIGvKzD81I=
-188,456,mfl0aiz4iuQc6dDp22X3PN1bOTU=,ac2zkTjkp59+zYZZBlIGvKzD81I=
-189,456,mfl0aiz4iuQc6dDp22X3PN1bOTU=,ac2zkTjkp59+zYZZBlIGvKzD81I=
-190,456,mfl0aiz4iuQc6dDp22X3PN1bOTU=,ac2zkTjkp59+zYZZBlIGvKzD81I=
-191,456,mfl0aiz4iuQc6dDp22X3PN1bOTU=,ac2zkTjkp59+zYZZBlIGvKzD81I=
-185,449,mfl0aiz4iuQc6dDp22X3PN1bOTU=,ac2zkTjkp59+zYZZBlIGvKzD81I=
-192,456,mfl0aiz4iuQc6dDp22X3PN1bOTU=,ac2zkTjkp59+zYZZBlIGvKzD81I=
-177,455,mfl0aiz4iuQc6dDp22X3PN1bOTU=,ac2zkTjkp59+zYZZBlIGvKzD81I=
-178,455,mfl0aiz4iuQc6dDp22X3PN1bOTU=,ac2zkTjkp59+zYZZBlIGvKzD81I=
-181,457,mfl0aiz4iuQc6dDp22X3PN1bOTU=,ac2zkTjkp59+zYZZBlIGvKzD81I=
-186,459,mfl0aiz4iuQc6dDp22X3PN1bOTU=,ac2zkTjkp59+zYZZBlIGvKzD81I=
-178,458,mfl0aiz4iuQc6dDp22X3PN1bOTU=,ac2zkTjkp59+zYZZBlIGvKzD81I=
-183,455,mfl0aiz4iuQc6dDp22X3PN1bOTU=,ac2zkTjkp59+zYZZBlIGvKzD81I=
-183,448,mfl0aiz4iuQc6dDp22X3PN1bOTU=,ac2zkTjkp59+zYZZBlIGvKzD81I=
-190,451,mfl0aiz4iuQc6dDp22X3PN1bOTU=,ac2zkTjkp59+zYZZBlIGvKzD81I=
-184,455,mfl0aiz4iuQc6dDp22X3PN1bOTU=,ac2zkTjkp59+zYZZBlIGvKzD81I=
-185,455,mfl0aiz4iuQc6dDp22X3PN1bOTU=,ac2zkTjkp59+zYZZBlIGvKzD81I=
-186,455,mfl0aiz4iuQc6dDp22X3PN1bOTU=,ac2zkTjkp59+zYZZBlIGvKzD81I=
-187,455,mfl0aiz4iuQc6dDp22X3PN1bOTU=,ac2zkTjkp59+zYZZBlIGvKzD81I=
-188,455,mfl0aiz4iuQc6dDp22X3PN1bOTU=,ac2zkTjkp59+zYZZBlIGvKzD81I=
-189,455,mfl0aiz4iuQc6dDp22X3PN1bOTU=,ac2zkTjkp59+zYZZBlIGvKzD81I=
-190,455,mfl0aiz4iuQc6dDp22X3PN1bOTU=,ac2zkTjkp59+zYZZBlIGvKzD81I=
-178,457,mfl0aiz4iuQc6dDp22X3PN1bOTU=,ac2zkTjkp59+zYZZBlIGvKzD81I=
-191,455,mfl0aiz4iuQc6dDp22X3PN1bOTU=,ac2zkTjkp59+zYZZBlIGvKzD81I=
-186,449,mfl0aiz4iuQc6dDp22X3PN1bOTU=,ac2zkTjkp59+zYZZBlIGvKzD81I=
-192,455,mfl0aiz4iuQc6dDp22X3PN1bOTU=,ac2zkTjkp59+zYZZBlIGvKzD81I=
-187,459,mfl0aiz4iuQc6dDp22X3PN1bOTU=,ac2zkTjkp59+zYZZBlIGvKzD81I=
-178,456,mfl0aiz4iuQc6dDp22X3PN1bOTU=,ac2zkTjkp59+zYZZBlIGvKzD81I=
-182,456,mfl0aiz4iuQc6dDp22X3PN1bOTU=,ac2zkTjkp59+zYZZBlIGvKzD81I=
-181,455,mfl0aiz4iuQc6dDp22X3PN1bOTU=,ac2zkTjkp59+zYZZBlIGvKzD81I=
-181,454,mfl0aiz4iuQc6dDp22X3PN1bOTU=,ac2zkTjkp59+zYZZBlIGvKzD81I=
-182,454,mfl0aiz4iuQc6dDp22X3PN1bOTU=,ac2zkTjkp59+zYZZBlIGvKzD81I=
-184,448,mfl0aiz4iuQc6dDp22X3PN1bOTU=,ac2zkTjkp59+zYZZBlIGvKzD81I=
-191,451,mfl0aiz4iuQc6dDp22X3PN1bOTU=,ac2zkTjkp59+zYZZBlIGvKzD81I=
-183,454,mfl0aiz4iuQc6dDp22X3PN1bOTU=,ac2zkTjkp59+zYZZBlIGvKzD81I=
-184,454,mfl0aiz4iuQc6dDp22X3PN1bOTU=,ac2zkTjkp59+zYZZBlIGvKzD81I=
-185,454,mfl0aiz4iuQc6dDp22X3PN1bOTU=,ac2zkTjkp59+zYZZBlIGvKzD81I=
-186,454,mfl0aiz4iuQc6dDp22X3PN1bOTU=,ac2zkTjkp59+zYZZBlIGvKzD81I=
-187,454,mfl0aiz4iuQc6dDp22X3PN1bOTU=,ac2zkTjkp59+zYZZBlIGvKzD81I=
-188,454,mfl0aiz4iuQc6dDp22X3PN1bOTU=,ac2zkTjkp59+zYZZBlIGvKzD81I=
-189,454,mfl0aiz4iuQc6dDp22X3PN1bOTU=,ac2zkTjkp59+zYZZBlIGvKzD81I=
-190,454,mfl0aiz4iuQc6dDp22X3PN1bOTU=,ac2zkTjkp59+zYZZBlIGvKzD81I=
-187,449,mfl0aiz4iuQc6dDp22X3PN1bOTU=,ac2zkTjkp59+zYZZBlIGvKzD81I=
-191,454,mfl0aiz4iuQc6dDp22X3PN1bOTU=,ac2zkTjkp59+zYZZBlIGvKzD81I=
-192,454,mfl0aiz4iuQc6dDp22X3PN1bOTU=,ac2zkTjkp59+zYZZBlIGvKzD81I=
-180,457,mfl0aiz4iuQc6dDp22X3PN1bOTU=,ac2zkTjkp59+zYZZBlIGvKzD81I=
-177,453,mfl0aiz4iuQc6dDp22X3PN1bOTU=,ac2zkTjkp59+zYZZBlIGvKzD81I=
-178,453,mfl0aiz4iuQc6dDp22X3PN1bOTU=,ac2zkTjkp59+zYZZBlIGvKzD81I=
-184,457,mfl0aiz4iuQc6dDp22X3PN1bOTU=,ac2zkTjkp59+zYZZBlIGvKzD81I=
-182,455,mfl0aiz4iuQc6dDp22X3PN1bOTU=,ac2zkTjkp59+zYZZBlIGvKzD81I=
-180,455,mfl0aiz4iuQc6dDp22X3PN1bOTU=,ac2zkTjkp59+zYZZBlIGvKzD81I=
-180,454,mfl0aiz4iuQc6dDp22X3PN1bOTU=,ac2zkTjkp59+zYZZBlIGvKzD81I=
-179,455,mfl0aiz4iuQc6dDp22X3PN1bOTU=,ac2zkTjkp59+zYZZBlIGvKzD81I=
-187,460,mfl0aiz4iuQc6dDp22X3PN1bOTU=,ac2zkTjkp59+zYZZBlIGvKzD81I=
-188,459,mfl0aiz4iuQc6dDp22X3PN1bOTU=,ac2zkTjkp59+zYZZBlIGvKzD81I=
-189,462,mfl0aiz4iuQc6dDp22X3PN1bOTU=,ac2zkTjkp59+zYZZBlIGvKzD81I=
-177,454,mfl0aiz4iuQc6dDp22X3PN1bOTU=,ac2zkTjkp59+zYZZBlIGvKzD81I=
-178,454,mfl0aiz4iuQc6dDp22X3PN1bOTU=,ac2zkTjkp59+zYZZBlIGvKzD81I=
-179,454,mfl0aiz4iuQc6dDp22X3PN1bOTU=,ac2zkTjkp59+zYZZBlIGvKzD81I=
-185,459,mfl0aiz4iuQc6dDp22X3PN1bOTU=,ac2zkTjkp59+zYZZBlIGvKzD81I=
-180,453,mfl0aiz4iuQc6dDp22X3PN1bOTU=,ac2zkTjkp59+zYZZBlIGvKzD81I=
-179,453,mfl0aiz4iuQc6dDp22X3PN1bOTU=,ac2zkTjkp59+zYZZBlIGvKzD81I=
-177,479,IIJnbASZA+uBUft//tZh8bG3zDI=,CyUHyxUa3SSmVUnxhmKyqffVjX8=
-178,479,IIJnbASZA+uBUft//tZh8bG3zDI=,CyUHyxUa3SSmVUnxhmKyqffVjX8=
-180,479,IIJnbASZA+uBUft//tZh8bG3zDI=,CyUHyxUa3SSmVUnxhmKyqffVjX8=
-181,479,IIJnbASZA+uBUft//tZh8bG3zDI=,CyUHyxUa3SSmVUnxhmKyqffVjX8=
-182,479,IIJnbASZA+uBUft//tZh8bG3zDI=,CyUHyxUa3SSmVUnxhmKyqffVjX8=
-183,479,IIJnbASZA+uBUft//tZh8bG3zDI=,CyUHyxUa3SSmVUnxhmKyqffVjX8=
-179,479,IIJnbASZA+uBUft//tZh8bG3zDI=,CyUHyxUa3SSmVUnxhmKyqffVjX8=
-185,479,IIJnbASZA+uBUft//tZh8bG3zDI=,CyUHyxUa3SSmVUnxhmKyqffVjX8=
-184,479,IIJnbASZA+uBUft//tZh8bG3zDI=,CyUHyxUa3SSmVUnxhmKyqffVjX8=
-186,479,IIJnbASZA+uBUft//tZh8bG3zDI=,CyUHyxUa3SSmVUnxhmKyqffVjX8=
-178,466,IIJnbASZA+uBUft//tZh8bG3zDI=,CyUHyxUa3SSmVUnxhmKyqffVjX8=
-177,466,IIJnbASZA+uBUft//tZh8bG3zDI=,CyUHyxUa3SSmVUnxhmKyqffVjX8=
-192,467,IIJnbASZA+uBUft//tZh8bG3zDI=,CyUHyxUa3SSmVUnxhmKyqffVjX8=
-191,467,IIJnbASZA+uBUft//tZh8bG3zDI=,CyUHyxUa3SSmVUnxhmKyqffVjX8=
-179,466,IIJnbASZA+uBUft//tZh8bG3zDI=,CyUHyxUa3SSmVUnxhmKyqffVjX8=
-190,467,IIJnbASZA+uBUft//tZh8bG3zDI=,CyUHyxUa3SSmVUnxhmKyqffVjX8=
-189,467,IIJnbASZA+uBUft//tZh8bG3zDI=,CyUHyxUa3SSmVUnxhmKyqffVjX8=
-177,465,IIJnbASZA+uBUft//tZh8bG3zDI=,CyUHyxUa3SSmVUnxhmKyqffVjX8=
-191,465,IIJnbASZA+uBUft//tZh8bG3zDI=,CyUHyxUa3SSmVUnxhmKyqffVjX8=
-192,466,IIJnbASZA+uBUft//tZh8bG3zDI=,CyUHyxUa3SSmVUnxhmKyqffVjX8=
-177,478,IIJnbASZA+uBUft//tZh8bG3zDI=,CyUHyxUa3SSmVUnxhmKyqffVjX8=
-178,465,IIJnbASZA+uBUft//tZh8bG3zDI=,CyUHyxUa3SSmVUnxhmKyqffVjX8=
-180,465,IIJnbASZA+uBUft//tZh8bG3zDI=,CyUHyxUa3SSmVUnxhmKyqffVjX8=
-182,465,IIJnbASZA+uBUft//tZh8bG3zDI=,CyUHyxUa3SSmVUnxhmKyqffVjX8=
-187,479,IIJnbASZA+uBUft//tZh8bG3zDI=,CyUHyxUa3SSmVUnxhmKyqffVjX8=
-181,465,IIJnbASZA+uBUft//tZh8bG3zDI=,CyUHyxUa3SSmVUnxhmKyqffVjX8=
-179,465,IIJnbASZA+uBUft//tZh8bG3zDI=,CyUHyxUa3SSmVUnxhmKyqffVjX8=
-186,465,IIJnbASZA+uBUft//tZh8bG3zDI=,CyUHyxUa3SSmVUnxhmKyqffVjX8=
-189,464,IIJnbASZA+uBUft//tZh8bG3zDI=,CyUHyxUa3SSmVUnxhmKyqffVjX8=
-188,479,IIJnbASZA+uBUft//tZh8bG3zDI=,CyUHyxUa3SSmVUnxhmKyqffVjX8=
-189,465,IIJnbASZA+uBUft//tZh8bG3zDI=,CyUHyxUa3SSmVUnxhmKyqffVjX8=
-185,465,IIJnbASZA+uBUft//tZh8bG3zDI=,CyUHyxUa3SSmVUnxhmKyqffVjX8=
-178,478,IIJnbASZA+uBUft//tZh8bG3zDI=,CyUHyxUa3SSmVUnxhmKyqffVjX8=
-188,467,IIJnbASZA+uBUft//tZh8bG3zDI=,CyUHyxUa3SSmVUnxhmKyqffVjX8=
-190,465,IIJnbASZA+uBUft//tZh8bG3zDI=,CyUHyxUa3SSmVUnxhmKyqffVjX8=
-180,466,IIJnbASZA+uBUft//tZh8bG3zDI=,CyUHyxUa3SSmVUnxhmKyqffVjX8=
-190,464,IIJnbASZA+uBUft//tZh8bG3zDI=,CyUHyxUa3SSmVUnxhmKyqffVjX8=
-184,465,IIJnbASZA+uBUft//tZh8bG3zDI=,CyUHyxUa3SSmVUnxhmKyqffVjX8=
-179,478,IIJnbASZA+uBUft//tZh8bG3zDI=,CyUHyxUa3SSmVUnxhmKyqffVjX8=
-181,478,IIJnbASZA+uBUft//tZh8bG3zDI=,CyUHyxUa3SSmVUnxhmKyqffVjX8=
-180,478,IIJnbASZA+uBUft//tZh8bG3zDI=,CyUHyxUa3SSmVUnxhmKyqffVjX8=
-182,478,IIJnbASZA+uBUft//tZh8bG3zDI=,CyUHyxUa3SSmVUnxhmKyqffVjX8=
-183,478,IIJnbASZA+uBUft//tZh8bG3zDI=,CyUHyxUa3SSmVUnxhmKyqffVjX8=
-184,478,IIJnbASZA+uBUft//tZh8bG3zDI=,CyUHyxUa3SSmVUnxhmKyqffVjX8=
-186,478,IIJnbASZA+uBUft//tZh8bG3zDI=,CyUHyxUa3SSmVUnxhmKyqffVjX8=
-185,478,IIJnbASZA+uBUft//tZh8bG3zDI=,CyUHyxUa3SSmVUnxhmKyqffVjX8=
-187,478,IIJnbASZA+uBUft//tZh8bG3zDI=,CyUHyxUa3SSmVUnxhmKyqffVjX8=
-188,478,IIJnbASZA+uBUft//tZh8bG3zDI=,CyUHyxUa3SSmVUnxhmKyqffVjX8=
-187,465,IIJnbASZA+uBUft//tZh8bG3zDI=,CyUHyxUa3SSmVUnxhmKyqffVjX8=
-188,464,IIJnbASZA+uBUft//tZh8bG3zDI=,CyUHyxUa3SSmVUnxhmKyqffVjX8=
-183,465,IIJnbASZA+uBUft//tZh8bG3zDI=,CyUHyxUa3SSmVUnxhmKyqffVjX8=
-187,467,IIJnbASZA+uBUft//tZh8bG3zDI=,CyUHyxUa3SSmVUnxhmKyqffVjX8=
-177,477,IIJnbASZA+uBUft//tZh8bG3zDI=,CyUHyxUa3SSmVUnxhmKyqffVjX8=
-178,477,IIJnbASZA+uBUft//tZh8bG3zDI=,CyUHyxUa3SSmVUnxhmKyqffVjX8=
-177,464,IIJnbASZA+uBUft//tZh8bG3zDI=,CyUHyxUa3SSmVUnxhmKyqffVjX8=
-192,465,IIJnbASZA+uBUft//tZh8bG3zDI=,CyUHyxUa3SSmVUnxhmKyqffVjX8=
-179,477,IIJnbASZA+uBUft//tZh8bG3zDI=,CyUHyxUa3SSmVUnxhmKyqffVjX8=
-181,466,IIJnbASZA+uBUft//tZh8bG3zDI=,CyUHyxUa3SSmVUnxhmKyqffVjX8=
-189,478,IIJnbASZA+uBUft//tZh8bG3zDI=,CyUHyxUa3SSmVUnxhmKyqffVjX8=
-180,477,IIJnbASZA+uBUft//tZh8bG3zDI=,CyUHyxUa3SSmVUnxhmKyqffVjX8=
-181,477,IIJnbASZA+uBUft//tZh8bG3zDI=,CyUHyxUa3SSmVUnxhmKyqffVjX8=
-182,477,IIJnbASZA+uBUft//tZh8bG3zDI=,CyUHyxUa3SSmVUnxhmKyqffVjX8=
-183,477,IIJnbASZA+uBUft//tZh8bG3zDI=,CyUHyxUa3SSmVUnxhmKyqffVjX8=
-184,477,IIJnbASZA+uBUft//tZh8bG3zDI=,CyUHyxUa3SSmVUnxhmKyqffVjX8=
-185,477,IIJnbASZA+uBUft//tZh8bG3zDI=,CyUHyxUa3SSmVUnxhmKyqffVjX8=
-186,477,IIJnbASZA+uBUft//tZh8bG3zDI=,CyUHyxUa3SSmVUnxhmKyqffVjX8=
-189,479,IIJnbASZA+uBUft//tZh8bG3zDI=,CyUHyxUa3SSmVUnxhmKyqffVjX8=
-188,465,IIJnbASZA+uBUft//tZh8bG3zDI=,CyUHyxUa3SSmVUnxhmKyqffVjX8=
-192,479,IIJnbASZA+uBUft//tZh8bG3zDI=,CyUHyxUa3SSmVUnxhmKyqffVjX8=
-189,477,IIJnbASZA+uBUft//tZh8bG3zDI=,CyUHyxUa3SSmVUnxhmKyqffVjX8=
-186,467,IIJnbASZA+uBUft//tZh8bG3zDI=,CyUHyxUa3SSmVUnxhmKyqffVjX8=
-191,479,IIJnbASZA+uBUft//tZh8bG3zDI=,CyUHyxUa3SSmVUnxhmKyqffVjX8=
-185,467,IIJnbASZA+uBUft//tZh8bG3zDI=,CyUHyxUa3SSmVUnxhmKyqffVjX8=
-191,464,IIJnbASZA+uBUft//tZh8bG3zDI=,CyUHyxUa3SSmVUnxhmKyqffVjX8=
-177,476,IIJnbASZA+uBUft//tZh8bG3zDI=,CyUHyxUa3SSmVUnxhmKyqffVjX8=
-178,476,IIJnbASZA+uBUft//tZh8bG3zDI=,CyUHyxUa3SSmVUnxhmKyqffVjX8=
-179,476,IIJnbASZA+uBUft//tZh8bG3zDI=,CyUHyxUa3SSmVUnxhmKyqffVjX8=
-180,476,IIJnbASZA+uBUft//tZh8bG3zDI=,CyUHyxUa3SSmVUnxhmKyqffVjX8=
-190,479,IIJnbASZA+uBUft//tZh8bG3zDI=,CyUHyxUa3SSmVUnxhmKyqffVjX8=
-182,466,IIJnbASZA+uBUft//tZh8bG3zDI=,CyUHyxUa3SSmVUnxhmKyqffVjX8=
-190,478,IIJnbASZA+uBUft//tZh8bG3zDI=,CyUHyxUa3SSmVUnxhmKyqffVjX8=
-181,476,IIJnbASZA+uBUft//tZh8bG3zDI=,CyUHyxUa3SSmVUnxhmKyqffVjX8=
-182,476,IIJnbASZA+uBUft//tZh8bG3zDI=,CyUHyxUa3SSmVUnxhmKyqffVjX8=
-183,476,IIJnbASZA+uBUft//tZh8bG3zDI=,CyUHyxUa3SSmVUnxhmKyqffVjX8=
-184,476,IIJnbASZA+uBUft//tZh8bG3zDI=,CyUHyxUa3SSmVUnxhmKyqffVjX8=
-185,476,IIJnbASZA+uBUft//tZh8bG3zDI=,CyUHyxUa3SSmVUnxhmKyqffVjX8=
-186,476,IIJnbASZA+uBUft//tZh8bG3zDI=,CyUHyxUa3SSmVUnxhmKyqffVjX8=
-192,477,IIJnbASZA+uBUft//tZh8bG3zDI=,CyUHyxUa3SSmVUnxhmKyqffVjX8=
-184,467,IIJnbASZA+uBUft//tZh8bG3zDI=,CyUHyxUa3SSmVUnxhmKyqffVjX8=
-182,467,IIJnbASZA+uBUft//tZh8bG3zDI=,CyUHyxUa3SSmVUnxhmKyqffVjX8=
-181,467,IIJnbASZA+uBUft//tZh8bG3zDI=,CyUHyxUa3SSmVUnxhmKyqffVjX8=
-180,467,IIJnbASZA+uBUft//tZh8bG3zDI=,CyUHyxUa3SSmVUnxhmKyqffVjX8=
-179,467,IIJnbASZA+uBUft//tZh8bG3zDI=,CyUHyxUa3SSmVUnxhmKyqffVjX8=
-177,467,IIJnbASZA+uBUft//tZh8bG3zDI=,CyUHyxUa3SSmVUnxhmKyqffVjX8=
-178,467,IIJnbASZA+uBUft//tZh8bG3zDI=,CyUHyxUa3SSmVUnxhmKyqffVjX8=
-183,467,IIJnbASZA+uBUft//tZh8bG3zDI=,CyUHyxUa3SSmVUnxhmKyqffVjX8=
-191,466,IIJnbASZA+uBUft//tZh8bG3zDI=,CyUHyxUa3SSmVUnxhmKyqffVjX8=
-191,468,IIJnbASZA+uBUft//tZh8bG3zDI=,CyUHyxUa3SSmVUnxhmKyqffVjX8=
-192,468,IIJnbASZA+uBUft//tZh8bG3zDI=,CyUHyxUa3SSmVUnxhmKyqffVjX8=
-192,464,IIJnbASZA+uBUft//tZh8bG3zDI=,CyUHyxUa3SSmVUnxhmKyqffVjX8=
-189,468,IIJnbASZA+uBUft//tZh8bG3zDI=,CyUHyxUa3SSmVUnxhmKyqffVjX8=
-190,468,IIJnbASZA+uBUft//tZh8bG3zDI=,CyUHyxUa3SSmVUnxhmKyqffVjX8=
-187,477,IIJnbASZA+uBUft//tZh8bG3zDI=,CyUHyxUa3SSmVUnxhmKyqffVjX8=
-187,476,IIJnbASZA+uBUft//tZh8bG3zDI=,CyUHyxUa3SSmVUnxhmKyqffVjX8=
-190,466,IIJnbASZA+uBUft//tZh8bG3zDI=,CyUHyxUa3SSmVUnxhmKyqffVjX8=
-178,464,IIJnbASZA+uBUft//tZh8bG3zDI=,CyUHyxUa3SSmVUnxhmKyqffVjX8=
-177,475,IIJnbASZA+uBUft//tZh8bG3zDI=,CyUHyxUa3SSmVUnxhmKyqffVjX8=
-188,477,IIJnbASZA+uBUft//tZh8bG3zDI=,CyUHyxUa3SSmVUnxhmKyqffVjX8=
-188,476,IIJnbASZA+uBUft//tZh8bG3zDI=,CyUHyxUa3SSmVUnxhmKyqffVjX8=
-178,475,IIJnbASZA+uBUft//tZh8bG3zDI=,CyUHyxUa3SSmVUnxhmKyqffVjX8=
-179,475,IIJnbASZA+uBUft//tZh8bG3zDI=,CyUHyxUa3SSmVUnxhmKyqffVjX8=
-181,475,IIJnbASZA+uBUft//tZh8bG3zDI=,CyUHyxUa3SSmVUnxhmKyqffVjX8=
-180,475,IIJnbASZA+uBUft//tZh8bG3zDI=,CyUHyxUa3SSmVUnxhmKyqffVjX8=
-190,477,IIJnbASZA+uBUft//tZh8bG3zDI=,CyUHyxUa3SSmVUnxhmKyqffVjX8=
-182,475,IIJnbASZA+uBUft//tZh8bG3zDI=,CyUHyxUa3SSmVUnxhmKyqffVjX8=
-183,475,IIJnbASZA+uBUft//tZh8bG3zDI=,CyUHyxUa3SSmVUnxhmKyqffVjX8=
-190,476,IIJnbASZA+uBUft//tZh8bG3zDI=,CyUHyxUa3SSmVUnxhmKyqffVjX8=
-192,478,IIJnbASZA+uBUft//tZh8bG3zDI=,CyUHyxUa3SSmVUnxhmKyqffVjX8=
-186,475,IIJnbASZA+uBUft//tZh8bG3zDI=,CyUHyxUa3SSmVUnxhmKyqffVjX8=
-191,478,IIJnbASZA+uBUft//tZh8bG3zDI=,CyUHyxUa3SSmVUnxhmKyqffVjX8=
-189,476,IIJnbASZA+uBUft//tZh8bG3zDI=,CyUHyxUa3SSmVUnxhmKyqffVjX8=
-192,476,IIJnbASZA+uBUft//tZh8bG3zDI=,CyUHyxUa3SSmVUnxhmKyqffVjX8=
-190,475,IIJnbASZA+uBUft//tZh8bG3zDI=,CyUHyxUa3SSmVUnxhmKyqffVjX8=
-189,475,IIJnbASZA+uBUft//tZh8bG3zDI=,CyUHyxUa3SSmVUnxhmKyqffVjX8=
-177,474,IIJnbASZA+uBUft//tZh8bG3zDI=,CyUHyxUa3SSmVUnxhmKyqffVjX8=
-191,477,IIJnbASZA+uBUft//tZh8bG3zDI=,CyUHyxUa3SSmVUnxhmKyqffVjX8=
-178,474,IIJnbASZA+uBUft//tZh8bG3zDI=,CyUHyxUa3SSmVUnxhmKyqffVjX8=
-179,474,IIJnbASZA+uBUft//tZh8bG3zDI=,CyUHyxUa3SSmVUnxhmKyqffVjX8=
-180,474,IIJnbASZA+uBUft//tZh8bG3zDI=,CyUHyxUa3SSmVUnxhmKyqffVjX8=
-181,474,IIJnbASZA+uBUft//tZh8bG3zDI=,CyUHyxUa3SSmVUnxhmKyqffVjX8=
-187,475,IIJnbASZA+uBUft//tZh8bG3zDI=,CyUHyxUa3SSmVUnxhmKyqffVjX8=
-184,466,IIJnbASZA+uBUft//tZh8bG3zDI=,CyUHyxUa3SSmVUnxhmKyqffVjX8=
-183,466,IIJnbASZA+uBUft//tZh8bG3zDI=,CyUHyxUa3SSmVUnxhmKyqffVjX8=
-184,475,IIJnbASZA+uBUft//tZh8bG3zDI=,CyUHyxUa3SSmVUnxhmKyqffVjX8=
-184,474,IIJnbASZA+uBUft//tZh8bG3zDI=,CyUHyxUa3SSmVUnxhmKyqffVjX8=
-185,474,IIJnbASZA+uBUft//tZh8bG3zDI=,CyUHyxUa3SSmVUnxhmKyqffVjX8=
-186,474,IIJnbASZA+uBUft//tZh8bG3zDI=,CyUHyxUa3SSmVUnxhmKyqffVjX8=
-187,464,IIJnbASZA+uBUft//tZh8bG3zDI=,CyUHyxUa3SSmVUnxhmKyqffVjX8=
-191,475,IIJnbASZA+uBUft//tZh8bG3zDI=,CyUHyxUa3SSmVUnxhmKyqffVjX8=
-188,468,IIJnbASZA+uBUft//tZh8bG3zDI=,CyUHyxUa3SSmVUnxhmKyqffVjX8=
-188,475,IIJnbASZA+uBUft//tZh8bG3zDI=,CyUHyxUa3SSmVUnxhmKyqffVjX8=
-185,475,IIJnbASZA+uBUft//tZh8bG3zDI=,CyUHyxUa3SSmVUnxhmKyqffVjX8=
-189,474,IIJnbASZA+uBUft//tZh8bG3zDI=,CyUHyxUa3SSmVUnxhmKyqffVjX8=
-192,475,IIJnbASZA+uBUft//tZh8bG3zDI=,CyUHyxUa3SSmVUnxhmKyqffVjX8=
-192,474,IIJnbASZA+uBUft//tZh8bG3zDI=,CyUHyxUa3SSmVUnxhmKyqffVjX8=
-177,473,IIJnbASZA+uBUft//tZh8bG3zDI=,CyUHyxUa3SSmVUnxhmKyqffVjX8=
-178,473,IIJnbASZA+uBUft//tZh8bG3zDI=,CyUHyxUa3SSmVUnxhmKyqffVjX8=
-179,473,IIJnbASZA+uBUft//tZh8bG3zDI=,CyUHyxUa3SSmVUnxhmKyqffVjX8=
-180,473,IIJnbASZA+uBUft//tZh8bG3zDI=,CyUHyxUa3SSmVUnxhmKyqffVjX8=
-181,473,IIJnbASZA+uBUft//tZh8bG3zDI=,CyUHyxUa3SSmVUnxhmKyqffVjX8=
-180,464,IIJnbASZA+uBUft//tZh8bG3zDI=,CyUHyxUa3SSmVUnxhmKyqffVjX8=
-187,474,IIJnbASZA+uBUft//tZh8bG3zDI=,CyUHyxUa3SSmVUnxhmKyqffVjX8=
-187,468,IIJnbASZA+uBUft//tZh8bG3zDI=,CyUHyxUa3SSmVUnxhmKyqffVjX8=
-183,474,IIJnbASZA+uBUft//tZh8bG3zDI=,CyUHyxUa3SSmVUnxhmKyqffVjX8=
-179,464,IIJnbASZA+uBUft//tZh8bG3zDI=,CyUHyxUa3SSmVUnxhmKyqffVjX8=
-191,476,IIJnbASZA+uBUft//tZh8bG3zDI=,CyUHyxUa3SSmVUnxhmKyqffVjX8=
-186,473,IIJnbASZA+uBUft//tZh8bG3zDI=,CyUHyxUa3SSmVUnxhmKyqffVjX8=
-185,473,IIJnbASZA+uBUft//tZh8bG3zDI=,CyUHyxUa3SSmVUnxhmKyqffVjX8=
-187,473,IIJnbASZA+uBUft//tZh8bG3zDI=,CyUHyxUa3SSmVUnxhmKyqffVjX8=
-188,473,IIJnbASZA+uBUft//tZh8bG3zDI=,CyUHyxUa3SSmVUnxhmKyqffVjX8=
-182,473,IIJnbASZA+uBUft//tZh8bG3zDI=,CyUHyxUa3SSmVUnxhmKyqffVjX8=
-191,474,IIJnbASZA+uBUft//tZh8bG3zDI=,CyUHyxUa3SSmVUnxhmKyqffVjX8=
-181,464,IIJnbASZA+uBUft//tZh8bG3zDI=,CyUHyxUa3SSmVUnxhmKyqffVjX8=
-188,474,IIJnbASZA+uBUft//tZh8bG3zDI=,CyUHyxUa3SSmVUnxhmKyqffVjX8=
-177,472,IIJnbASZA+uBUft//tZh8bG3zDI=,CyUHyxUa3SSmVUnxhmKyqffVjX8=
-178,472,IIJnbASZA+uBUft//tZh8bG3zDI=,CyUHyxUa3SSmVUnxhmKyqffVjX8=
-179,472,IIJnbASZA+uBUft//tZh8bG3zDI=,CyUHyxUa3SSmVUnxhmKyqffVjX8=
-180,472,IIJnbASZA+uBUft//tZh8bG3zDI=,CyUHyxUa3SSmVUnxhmKyqffVjX8=
-185,466,IIJnbASZA+uBUft//tZh8bG3zDI=,CyUHyxUa3SSmVUnxhmKyqffVjX8=
-182,474,IIJnbASZA+uBUft//tZh8bG3zDI=,CyUHyxUa3SSmVUnxhmKyqffVjX8=
-186,468,IIJnbASZA+uBUft//tZh8bG3zDI=,CyUHyxUa3SSmVUnxhmKyqffVjX8=
-192,473,IIJnbASZA+uBUft//tZh8bG3zDI=,CyUHyxUa3SSmVUnxhmKyqffVjX8=
-191,473,IIJnbASZA+uBUft//tZh8bG3zDI=,CyUHyxUa3SSmVUnxhmKyqffVjX8=
-190,474,IIJnbASZA+uBUft//tZh8bG3zDI=,CyUHyxUa3SSmVUnxhmKyqffVjX8=
-184,473,IIJnbASZA+uBUft//tZh8bG3zDI=,CyUHyxUa3SSmVUnxhmKyqffVjX8=
-185,472,IIJnbASZA+uBUft//tZh8bG3zDI=,CyUHyxUa3SSmVUnxhmKyqffVjX8=
-181,472,IIJnbASZA+uBUft//tZh8bG3zDI=,CyUHyxUa3SSmVUnxhmKyqffVjX8=
-187,472,IIJnbASZA+uBUft//tZh8bG3zDI=,CyUHyxUa3SSmVUnxhmKyqffVjX8=
-190,473,IIJnbASZA+uBUft//tZh8bG3zDI=,CyUHyxUa3SSmVUnxhmKyqffVjX8=
-189,472,IIJnbASZA+uBUft//tZh8bG3zDI=,CyUHyxUa3SSmVUnxhmKyqffVjX8=
-190,472,IIJnbASZA+uBUft//tZh8bG3zDI=,CyUHyxUa3SSmVUnxhmKyqffVjX8=
-182,464,IIJnbASZA+uBUft//tZh8bG3zDI=,CyUHyxUa3SSmVUnxhmKyqffVjX8=
-177,471,IIJnbASZA+uBUft//tZh8bG3zDI=,CyUHyxUa3SSmVUnxhmKyqffVjX8=
-186,472,IIJnbASZA+uBUft//tZh8bG3zDI=,CyUHyxUa3SSmVUnxhmKyqffVjX8=
-178,471,IIJnbASZA+uBUft//tZh8bG3zDI=,CyUHyxUa3SSmVUnxhmKyqffVjX8=
-188,472,IIJnbASZA+uBUft//tZh8bG3zDI=,CyUHyxUa3SSmVUnxhmKyqffVjX8=
-179,471,IIJnbASZA+uBUft//tZh8bG3zDI=,CyUHyxUa3SSmVUnxhmKyqffVjX8=
-181,471,IIJnbASZA+uBUft//tZh8bG3zDI=,CyUHyxUa3SSmVUnxhmKyqffVjX8=
-180,471,IIJnbASZA+uBUft//tZh8bG3zDI=,CyUHyxUa3SSmVUnxhmKyqffVjX8=
-182,472,IIJnbASZA+uBUft//tZh8bG3zDI=,CyUHyxUa3SSmVUnxhmKyqffVjX8=
-186,466,IIJnbASZA+uBUft//tZh8bG3zDI=,CyUHyxUa3SSmVUnxhmKyqffVjX8=
-185,471,IIJnbASZA+uBUft//tZh8bG3zDI=,CyUHyxUa3SSmVUnxhmKyqffVjX8=
-185,468,IIJnbASZA+uBUft//tZh8bG3zDI=,CyUHyxUa3SSmVUnxhmKyqffVjX8=
-183,473,IIJnbASZA+uBUft//tZh8bG3zDI=,CyUHyxUa3SSmVUnxhmKyqffVjX8=
-187,466,IIJnbASZA+uBUft//tZh8bG3zDI=,CyUHyxUa3SSmVUnxhmKyqffVjX8=
-189,473,IIJnbASZA+uBUft//tZh8bG3zDI=,CyUHyxUa3SSmVUnxhmKyqffVjX8=
-187,471,IIJnbASZA+uBUft//tZh8bG3zDI=,CyUHyxUa3SSmVUnxhmKyqffVjX8=
-191,472,IIJnbASZA+uBUft//tZh8bG3zDI=,CyUHyxUa3SSmVUnxhmKyqffVjX8=
-183,472,IIJnbASZA+uBUft//tZh8bG3zDI=,CyUHyxUa3SSmVUnxhmKyqffVjX8=
-190,471,IIJnbASZA+uBUft//tZh8bG3zDI=,CyUHyxUa3SSmVUnxhmKyqffVjX8=
-177,470,IIJnbASZA+uBUft//tZh8bG3zDI=,CyUHyxUa3SSmVUnxhmKyqffVjX8=
-182,471,IIJnbASZA+uBUft//tZh8bG3zDI=,CyUHyxUa3SSmVUnxhmKyqffVjX8=
-191,471,IIJnbASZA+uBUft//tZh8bG3zDI=,CyUHyxUa3SSmVUnxhmKyqffVjX8=
-178,470,IIJnbASZA+uBUft//tZh8bG3zDI=,CyUHyxUa3SSmVUnxhmKyqffVjX8=
-192,472,IIJnbASZA+uBUft//tZh8bG3zDI=,CyUHyxUa3SSmVUnxhmKyqffVjX8=
-179,470,IIJnbASZA+uBUft//tZh8bG3zDI=,CyUHyxUa3SSmVUnxhmKyqffVjX8=
-180,470,IIJnbASZA+uBUft//tZh8bG3zDI=,CyUHyxUa3SSmVUnxhmKyqffVjX8=
-181,470,IIJnbASZA+uBUft//tZh8bG3zDI=,CyUHyxUa3SSmVUnxhmKyqffVjX8=
-186,471,IIJnbASZA+uBUft//tZh8bG3zDI=,CyUHyxUa3SSmVUnxhmKyqffVjX8=
-192,471,IIJnbASZA+uBUft//tZh8bG3zDI=,CyUHyxUa3SSmVUnxhmKyqffVjX8=
-189,471,IIJnbASZA+uBUft//tZh8bG3zDI=,CyUHyxUa3SSmVUnxhmKyqffVjX8=
-184,471,IIJnbASZA+uBUft//tZh8bG3zDI=,CyUHyxUa3SSmVUnxhmKyqffVjX8=
-183,471,IIJnbASZA+uBUft//tZh8bG3zDI=,CyUHyxUa3SSmVUnxhmKyqffVjX8=
-183,468,IIJnbASZA+uBUft//tZh8bG3zDI=,CyUHyxUa3SSmVUnxhmKyqffVjX8=
-184,468,IIJnbASZA+uBUft//tZh8bG3zDI=,CyUHyxUa3SSmVUnxhmKyqffVjX8=
-182,468,IIJnbASZA+uBUft//tZh8bG3zDI=,CyUHyxUa3SSmVUnxhmKyqffVjX8=
-181,468,IIJnbASZA+uBUft//tZh8bG3zDI=,CyUHyxUa3SSmVUnxhmKyqffVjX8=
-180,468,IIJnbASZA+uBUft//tZh8bG3zDI=,CyUHyxUa3SSmVUnxhmKyqffVjX8=
-179,468,IIJnbASZA+uBUft//tZh8bG3zDI=,CyUHyxUa3SSmVUnxhmKyqffVjX8=
-178,468,IIJnbASZA+uBUft//tZh8bG3zDI=,CyUHyxUa3SSmVUnxhmKyqffVjX8=
-177,468,IIJnbASZA+uBUft//tZh8bG3zDI=,CyUHyxUa3SSmVUnxhmKyqffVjX8=
-188,471,IIJnbASZA+uBUft//tZh8bG3zDI=,CyUHyxUa3SSmVUnxhmKyqffVjX8=
-184,472,IIJnbASZA+uBUft//tZh8bG3zDI=,CyUHyxUa3SSmVUnxhmKyqffVjX8=
-182,470,IIJnbASZA+uBUft//tZh8bG3zDI=,CyUHyxUa3SSmVUnxhmKyqffVjX8=
-190,470,IIJnbASZA+uBUft//tZh8bG3zDI=,CyUHyxUa3SSmVUnxhmKyqffVjX8=
-186,470,IIJnbASZA+uBUft//tZh8bG3zDI=,CyUHyxUa3SSmVUnxhmKyqffVjX8=
-191,470,IIJnbASZA+uBUft//tZh8bG3zDI=,CyUHyxUa3SSmVUnxhmKyqffVjX8=
-184,470,IIJnbASZA+uBUft//tZh8bG3zDI=,CyUHyxUa3SSmVUnxhmKyqffVjX8=
-177,469,IIJnbASZA+uBUft//tZh8bG3zDI=,CyUHyxUa3SSmVUnxhmKyqffVjX8=
-178,469,IIJnbASZA+uBUft//tZh8bG3zDI=,CyUHyxUa3SSmVUnxhmKyqffVjX8=
-179,469,IIJnbASZA+uBUft//tZh8bG3zDI=,CyUHyxUa3SSmVUnxhmKyqffVjX8=
-180,469,IIJnbASZA+uBUft//tZh8bG3zDI=,CyUHyxUa3SSmVUnxhmKyqffVjX8=
-181,469,IIJnbASZA+uBUft//tZh8bG3zDI=,CyUHyxUa3SSmVUnxhmKyqffVjX8=
-182,469,IIJnbASZA+uBUft//tZh8bG3zDI=,CyUHyxUa3SSmVUnxhmKyqffVjX8=
-183,469,IIJnbASZA+uBUft//tZh8bG3zDI=,CyUHyxUa3SSmVUnxhmKyqffVjX8=
-184,469,IIJnbASZA+uBUft//tZh8bG3zDI=,CyUHyxUa3SSmVUnxhmKyqffVjX8=
-189,470,IIJnbASZA+uBUft//tZh8bG3zDI=,CyUHyxUa3SSmVUnxhmKyqffVjX8=
-186,469,IIJnbASZA+uBUft//tZh8bG3zDI=,CyUHyxUa3SSmVUnxhmKyqffVjX8=
-192,470,IIJnbASZA+uBUft//tZh8bG3zDI=,CyUHyxUa3SSmVUnxhmKyqffVjX8=
-188,466,IIJnbASZA+uBUft//tZh8bG3zDI=,CyUHyxUa3SSmVUnxhmKyqffVjX8=
-189,466,IIJnbASZA+uBUft//tZh8bG3zDI=,CyUHyxUa3SSmVUnxhmKyqffVjX8=
-183,470,IIJnbASZA+uBUft//tZh8bG3zDI=,CyUHyxUa3SSmVUnxhmKyqffVjX8=
-189,469,IIJnbASZA+uBUft//tZh8bG3zDI=,CyUHyxUa3SSmVUnxhmKyqffVjX8=
-190,469,IIJnbASZA+uBUft//tZh8bG3zDI=,CyUHyxUa3SSmVUnxhmKyqffVjX8=
-191,469,IIJnbASZA+uBUft//tZh8bG3zDI=,CyUHyxUa3SSmVUnxhmKyqffVjX8=
-192,469,IIJnbASZA+uBUft//tZh8bG3zDI=,CyUHyxUa3SSmVUnxhmKyqffVjX8=
-188,470,IIJnbASZA+uBUft//tZh8bG3zDI=,CyUHyxUa3SSmVUnxhmKyqffVjX8=
-183,464,IIJnbASZA+uBUft//tZh8bG3zDI=,CyUHyxUa3SSmVUnxhmKyqffVjX8=
-186,464,IIJnbASZA+uBUft//tZh8bG3zDI=,CyUHyxUa3SSmVUnxhmKyqffVjX8=
-185,469,IIJnbASZA+uBUft//tZh8bG3zDI=,CyUHyxUa3SSmVUnxhmKyqffVjX8=
-187,470,IIJnbASZA+uBUft//tZh8bG3zDI=,CyUHyxUa3SSmVUnxhmKyqffVjX8=
-187,469,IIJnbASZA+uBUft//tZh8bG3zDI=,CyUHyxUa3SSmVUnxhmKyqffVjX8=
-185,470,IIJnbASZA+uBUft//tZh8bG3zDI=,CyUHyxUa3SSmVUnxhmKyqffVjX8=
-188,469,IIJnbASZA+uBUft//tZh8bG3zDI=,CyUHyxUa3SSmVUnxhmKyqffVjX8=
-185,464,IIJnbASZA+uBUft//tZh8bG3zDI=,CyUHyxUa3SSmVUnxhmKyqffVjX8=
-184,464,IIJnbASZA+uBUft//tZh8bG3zDI=,CyUHyxUa3SSmVUnxhmKyqffVjX8=
-163,466,KnKX0MI1G1kIMr9TnPMt9tZYpjM=,vrfesd1qmRDKVLzwPpMSptY89R4=
-173,464,KnKX0MI1G1kIMr9TnPMt9tZYpjM=,vrfesd1qmRDKVLzwPpMSptY89R4=
-164,466,KnKX0MI1G1kIMr9TnPMt9tZYpjM=,vrfesd1qmRDKVLzwPpMSptY89R4=
-165,466,KnKX0MI1G1kIMr9TnPMt9tZYpjM=,vrfesd1qmRDKVLzwPpMSptY89R4=
-166,466,KnKX0MI1G1kIMr9TnPMt9tZYpjM=,vrfesd1qmRDKVLzwPpMSptY89R4=
-168,466,KnKX0MI1G1kIMr9TnPMt9tZYpjM=,vrfesd1qmRDKVLzwPpMSptY89R4=
-167,466,KnKX0MI1G1kIMr9TnPMt9tZYpjM=,vrfesd1qmRDKVLzwPpMSptY89R4=
-170,466,KnKX0MI1G1kIMr9TnPMt9tZYpjM=,vrfesd1qmRDKVLzwPpMSptY89R4=
-171,466,KnKX0MI1G1kIMr9TnPMt9tZYpjM=,vrfesd1qmRDKVLzwPpMSptY89R4=
-172,466,KnKX0MI1G1kIMr9TnPMt9tZYpjM=,vrfesd1qmRDKVLzwPpMSptY89R4=
-161,465,KnKX0MI1G1kIMr9TnPMt9tZYpjM=,vrfesd1qmRDKVLzwPpMSptY89R4=
-169,466,KnKX0MI1G1kIMr9TnPMt9tZYpjM=,vrfesd1qmRDKVLzwPpMSptY89R4=
-175,466,KnKX0MI1G1kIMr9TnPMt9tZYpjM=,vrfesd1qmRDKVLzwPpMSptY89R4=
-173,466,KnKX0MI1G1kIMr9TnPMt9tZYpjM=,vrfesd1qmRDKVLzwPpMSptY89R4=
-174,464,KnKX0MI1G1kIMr9TnPMt9tZYpjM=,vrfesd1qmRDKVLzwPpMSptY89R4=
-166,467,KnKX0MI1G1kIMr9TnPMt9tZYpjM=,vrfesd1qmRDKVLzwPpMSptY89R4=
-165,467,KnKX0MI1G1kIMr9TnPMt9tZYpjM=,vrfesd1qmRDKVLzwPpMSptY89R4=
-176,466,KnKX0MI1G1kIMr9TnPMt9tZYpjM=,vrfesd1qmRDKVLzwPpMSptY89R4=
-166,479,KnKX0MI1G1kIMr9TnPMt9tZYpjM=,vrfesd1qmRDKVLzwPpMSptY89R4=
-163,479,KnKX0MI1G1kIMr9TnPMt9tZYpjM=,vrfesd1qmRDKVLzwPpMSptY89R4=
-164,479,KnKX0MI1G1kIMr9TnPMt9tZYpjM=,vrfesd1qmRDKVLzwPpMSptY89R4=
-165,479,KnKX0MI1G1kIMr9TnPMt9tZYpjM=,vrfesd1qmRDKVLzwPpMSptY89R4=
-170,479,KnKX0MI1G1kIMr9TnPMt9tZYpjM=,vrfesd1qmRDKVLzwPpMSptY89R4=
-167,479,KnKX0MI1G1kIMr9TnPMt9tZYpjM=,vrfesd1qmRDKVLzwPpMSptY89R4=
-169,479,KnKX0MI1G1kIMr9TnPMt9tZYpjM=,vrfesd1qmRDKVLzwPpMSptY89R4=
-172,479,KnKX0MI1G1kIMr9TnPMt9tZYpjM=,vrfesd1qmRDKVLzwPpMSptY89R4=
-171,479,KnKX0MI1G1kIMr9TnPMt9tZYpjM=,vrfesd1qmRDKVLzwPpMSptY89R4=
-173,479,KnKX0MI1G1kIMr9TnPMt9tZYpjM=,vrfesd1qmRDKVLzwPpMSptY89R4=
-174,479,KnKX0MI1G1kIMr9TnPMt9tZYpjM=,vrfesd1qmRDKVLzwPpMSptY89R4=
-168,479,KnKX0MI1G1kIMr9TnPMt9tZYpjM=,vrfesd1qmRDKVLzwPpMSptY89R4=
-162,465,KnKX0MI1G1kIMr9TnPMt9tZYpjM=,vrfesd1qmRDKVLzwPpMSptY89R4=
-175,479,KnKX0MI1G1kIMr9TnPMt9tZYpjM=,vrfesd1qmRDKVLzwPpMSptY89R4=
-176,479,KnKX0MI1G1kIMr9TnPMt9tZYpjM=,vrfesd1qmRDKVLzwPpMSptY89R4=
-174,466,KnKX0MI1G1kIMr9TnPMt9tZYpjM=,vrfesd1qmRDKVLzwPpMSptY89R4=
-163,478,KnKX0MI1G1kIMr9TnPMt9tZYpjM=,vrfesd1qmRDKVLzwPpMSptY89R4=
-164,478,KnKX0MI1G1kIMr9TnPMt9tZYpjM=,vrfesd1qmRDKVLzwPpMSptY89R4=
-165,478,KnKX0MI1G1kIMr9TnPMt9tZYpjM=,vrfesd1qmRDKVLzwPpMSptY89R4=
-166,478,KnKX0MI1G1kIMr9TnPMt9tZYpjM=,vrfesd1qmRDKVLzwPpMSptY89R4=
-167,478,KnKX0MI1G1kIMr9TnPMt9tZYpjM=,vrfesd1qmRDKVLzwPpMSptY89R4=
-169,478,KnKX0MI1G1kIMr9TnPMt9tZYpjM=,vrfesd1qmRDKVLzwPpMSptY89R4=
-170,478,KnKX0MI1G1kIMr9TnPMt9tZYpjM=,vrfesd1qmRDKVLzwPpMSptY89R4=
-172,478,KnKX0MI1G1kIMr9TnPMt9tZYpjM=,vrfesd1qmRDKVLzwPpMSptY89R4=
-168,478,KnKX0MI1G1kIMr9TnPMt9tZYpjM=,vrfesd1qmRDKVLzwPpMSptY89R4=
-171,478,KnKX0MI1G1kIMr9TnPMt9tZYpjM=,vrfesd1qmRDKVLzwPpMSptY89R4=
-164,467,KnKX0MI1G1kIMr9TnPMt9tZYpjM=,vrfesd1qmRDKVLzwPpMSptY89R4=
-173,478,KnKX0MI1G1kIMr9TnPMt9tZYpjM=,vrfesd1qmRDKVLzwPpMSptY89R4=
-174,478,KnKX0MI1G1kIMr9TnPMt9tZYpjM=,vrfesd1qmRDKVLzwPpMSptY89R4=
-175,465,KnKX0MI1G1kIMr9TnPMt9tZYpjM=,vrfesd1qmRDKVLzwPpMSptY89R4=
-167,467,KnKX0MI1G1kIMr9TnPMt9tZYpjM=,vrfesd1qmRDKVLzwPpMSptY89R4=
-162,466,KnKX0MI1G1kIMr9TnPMt9tZYpjM=,vrfesd1qmRDKVLzwPpMSptY89R4=
-175,478,KnKX0MI1G1kIMr9TnPMt9tZYpjM=,vrfesd1qmRDKVLzwPpMSptY89R4=
-176,465,KnKX0MI1G1kIMr9TnPMt9tZYpjM=,vrfesd1qmRDKVLzwPpMSptY89R4=
-172,464,KnKX0MI1G1kIMr9TnPMt9tZYpjM=,vrfesd1qmRDKVLzwPpMSptY89R4=
-175,464,KnKX0MI1G1kIMr9TnPMt9tZYpjM=,vrfesd1qmRDKVLzwPpMSptY89R4=
-176,478,KnKX0MI1G1kIMr9TnPMt9tZYpjM=,vrfesd1qmRDKVLzwPpMSptY89R4=
-163,467,KnKX0MI1G1kIMr9TnPMt9tZYpjM=,vrfesd1qmRDKVLzwPpMSptY89R4=
-162,467,KnKX0MI1G1kIMr9TnPMt9tZYpjM=,vrfesd1qmRDKVLzwPpMSptY89R4=
-163,477,KnKX0MI1G1kIMr9TnPMt9tZYpjM=,vrfesd1qmRDKVLzwPpMSptY89R4=
-164,477,KnKX0MI1G1kIMr9TnPMt9tZYpjM=,vrfesd1qmRDKVLzwPpMSptY89R4=
-165,477,KnKX0MI1G1kIMr9TnPMt9tZYpjM=,vrfesd1qmRDKVLzwPpMSptY89R4=
-166,477,KnKX0MI1G1kIMr9TnPMt9tZYpjM=,vrfesd1qmRDKVLzwPpMSptY89R4=
-167,477,KnKX0MI1G1kIMr9TnPMt9tZYpjM=,vrfesd1qmRDKVLzwPpMSptY89R4=
-168,477,KnKX0MI1G1kIMr9TnPMt9tZYpjM=,vrfesd1qmRDKVLzwPpMSptY89R4=
-169,477,KnKX0MI1G1kIMr9TnPMt9tZYpjM=,vrfesd1qmRDKVLzwPpMSptY89R4=
-170,477,KnKX0MI1G1kIMr9TnPMt9tZYpjM=,vrfesd1qmRDKVLzwPpMSptY89R4=
-171,477,KnKX0MI1G1kIMr9TnPMt9tZYpjM=,vrfesd1qmRDKVLzwPpMSptY89R4=
-172,477,KnKX0MI1G1kIMr9TnPMt9tZYpjM=,vrfesd1qmRDKVLzwPpMSptY89R4=
-173,477,KnKX0MI1G1kIMr9TnPMt9tZYpjM=,vrfesd1qmRDKVLzwPpMSptY89R4=
-161,464,KnKX0MI1G1kIMr9TnPMt9tZYpjM=,vrfesd1qmRDKVLzwPpMSptY89R4=
-163,465,KnKX0MI1G1kIMr9TnPMt9tZYpjM=,vrfesd1qmRDKVLzwPpMSptY89R4=
-174,477,KnKX0MI1G1kIMr9TnPMt9tZYpjM=,vrfesd1qmRDKVLzwPpMSptY89R4=
-168,467,KnKX0MI1G1kIMr9TnPMt9tZYpjM=,vrfesd1qmRDKVLzwPpMSptY89R4=
-175,477,KnKX0MI1G1kIMr9TnPMt9tZYpjM=,vrfesd1qmRDKVLzwPpMSptY89R4=
-164,465,KnKX0MI1G1kIMr9TnPMt9tZYpjM=,vrfesd1qmRDKVLzwPpMSptY89R4=
-163,476,KnKX0MI1G1kIMr9TnPMt9tZYpjM=,vrfesd1qmRDKVLzwPpMSptY89R4=
-164,476,KnKX0MI1G1kIMr9TnPMt9tZYpjM=,vrfesd1qmRDKVLzwPpMSptY89R4=
-176,477,KnKX0MI1G1kIMr9TnPMt9tZYpjM=,vrfesd1qmRDKVLzwPpMSptY89R4=
-166,476,KnKX0MI1G1kIMr9TnPMt9tZYpjM=,vrfesd1qmRDKVLzwPpMSptY89R4=
-165,476,KnKX0MI1G1kIMr9TnPMt9tZYpjM=,vrfesd1qmRDKVLzwPpMSptY89R4=
-167,476,KnKX0MI1G1kIMr9TnPMt9tZYpjM=,vrfesd1qmRDKVLzwPpMSptY89R4=
-168,476,KnKX0MI1G1kIMr9TnPMt9tZYpjM=,vrfesd1qmRDKVLzwPpMSptY89R4=
-169,476,KnKX0MI1G1kIMr9TnPMt9tZYpjM=,vrfesd1qmRDKVLzwPpMSptY89R4=
-170,476,KnKX0MI1G1kIMr9TnPMt9tZYpjM=,vrfesd1qmRDKVLzwPpMSptY89R4=
-171,476,KnKX0MI1G1kIMr9TnPMt9tZYpjM=,vrfesd1qmRDKVLzwPpMSptY89R4=
-162,464,KnKX0MI1G1kIMr9TnPMt9tZYpjM=,vrfesd1qmRDKVLzwPpMSptY89R4=
-172,476,KnKX0MI1G1kIMr9TnPMt9tZYpjM=,vrfesd1qmRDKVLzwPpMSptY89R4=
-169,467,KnKX0MI1G1kIMr9TnPMt9tZYpjM=,vrfesd1qmRDKVLzwPpMSptY89R4=
-173,476,KnKX0MI1G1kIMr9TnPMt9tZYpjM=,vrfesd1qmRDKVLzwPpMSptY89R4=
-174,476,KnKX0MI1G1kIMr9TnPMt9tZYpjM=,vrfesd1qmRDKVLzwPpMSptY89R4=
-176,476,KnKX0MI1G1kIMr9TnPMt9tZYpjM=,vrfesd1qmRDKVLzwPpMSptY89R4=
-175,476,KnKX0MI1G1kIMr9TnPMt9tZYpjM=,vrfesd1qmRDKVLzwPpMSptY89R4=
-161,467,KnKX0MI1G1kIMr9TnPMt9tZYpjM=,vrfesd1qmRDKVLzwPpMSptY89R4=
-165,465,KnKX0MI1G1kIMr9TnPMt9tZYpjM=,vrfesd1qmRDKVLzwPpMSptY89R4=
-171,464,KnKX0MI1G1kIMr9TnPMt9tZYpjM=,vrfesd1qmRDKVLzwPpMSptY89R4=
-176,468,KnKX0MI1G1kIMr9TnPMt9tZYpjM=,vrfesd1qmRDKVLzwPpMSptY89R4=
-174,465,KnKX0MI1G1kIMr9TnPMt9tZYpjM=,vrfesd1qmRDKVLzwPpMSptY89R4=
-175,468,KnKX0MI1G1kIMr9TnPMt9tZYpjM=,vrfesd1qmRDKVLzwPpMSptY89R4=
-173,468,KnKX0MI1G1kIMr9TnPMt9tZYpjM=,vrfesd1qmRDKVLzwPpMSptY89R4=
-174,468,KnKX0MI1G1kIMr9TnPMt9tZYpjM=,vrfesd1qmRDKVLzwPpMSptY89R4=
-172,468,KnKX0MI1G1kIMr9TnPMt9tZYpjM=,vrfesd1qmRDKVLzwPpMSptY89R4=
-171,468,KnKX0MI1G1kIMr9TnPMt9tZYpjM=,vrfesd1qmRDKVLzwPpMSptY89R4=
-170,468,KnKX0MI1G1kIMr9TnPMt9tZYpjM=,vrfesd1qmRDKVLzwPpMSptY89R4=
-169,468,KnKX0MI1G1kIMr9TnPMt9tZYpjM=,vrfesd1qmRDKVLzwPpMSptY89R4=
-168,468,KnKX0MI1G1kIMr9TnPMt9tZYpjM=,vrfesd1qmRDKVLzwPpMSptY89R4=
-167,468,KnKX0MI1G1kIMr9TnPMt9tZYpjM=,vrfesd1qmRDKVLzwPpMSptY89R4=
-166,468,KnKX0MI1G1kIMr9TnPMt9tZYpjM=,vrfesd1qmRDKVLzwPpMSptY89R4=
-161,466,KnKX0MI1G1kIMr9TnPMt9tZYpjM=,vrfesd1qmRDKVLzwPpMSptY89R4=
-165,468,KnKX0MI1G1kIMr9TnPMt9tZYpjM=,vrfesd1qmRDKVLzwPpMSptY89R4=
-170,464,KnKX0MI1G1kIMr9TnPMt9tZYpjM=,vrfesd1qmRDKVLzwPpMSptY89R4=
-164,468,KnKX0MI1G1kIMr9TnPMt9tZYpjM=,vrfesd1qmRDKVLzwPpMSptY89R4=
-163,468,KnKX0MI1G1kIMr9TnPMt9tZYpjM=,vrfesd1qmRDKVLzwPpMSptY89R4=
-176,464,KnKX0MI1G1kIMr9TnPMt9tZYpjM=,vrfesd1qmRDKVLzwPpMSptY89R4=
-162,468,KnKX0MI1G1kIMr9TnPMt9tZYpjM=,vrfesd1qmRDKVLzwPpMSptY89R4=
-161,468,KnKX0MI1G1kIMr9TnPMt9tZYpjM=,vrfesd1qmRDKVLzwPpMSptY89R4=
-173,465,KnKX0MI1G1kIMr9TnPMt9tZYpjM=,vrfesd1qmRDKVLzwPpMSptY89R4=
-176,469,KnKX0MI1G1kIMr9TnPMt9tZYpjM=,vrfesd1qmRDKVLzwPpMSptY89R4=
-175,469,KnKX0MI1G1kIMr9TnPMt9tZYpjM=,vrfesd1qmRDKVLzwPpMSptY89R4=
-174,469,KnKX0MI1G1kIMr9TnPMt9tZYpjM=,vrfesd1qmRDKVLzwPpMSptY89R4=
-173,469,KnKX0MI1G1kIMr9TnPMt9tZYpjM=,vrfesd1qmRDKVLzwPpMSptY89R4=
-172,469,KnKX0MI1G1kIMr9TnPMt9tZYpjM=,vrfesd1qmRDKVLzwPpMSptY89R4=
-171,469,KnKX0MI1G1kIMr9TnPMt9tZYpjM=,vrfesd1qmRDKVLzwPpMSptY89R4=
-170,469,KnKX0MI1G1kIMr9TnPMt9tZYpjM=,vrfesd1qmRDKVLzwPpMSptY89R4=
-169,469,KnKX0MI1G1kIMr9TnPMt9tZYpjM=,vrfesd1qmRDKVLzwPpMSptY89R4=
-168,469,KnKX0MI1G1kIMr9TnPMt9tZYpjM=,vrfesd1qmRDKVLzwPpMSptY89R4=
-167,469,KnKX0MI1G1kIMr9TnPMt9tZYpjM=,vrfesd1qmRDKVLzwPpMSptY89R4=
-166,469,KnKX0MI1G1kIMr9TnPMt9tZYpjM=,vrfesd1qmRDKVLzwPpMSptY89R4=
-176,467,KnKX0MI1G1kIMr9TnPMt9tZYpjM=,vrfesd1qmRDKVLzwPpMSptY89R4=
-169,464,KnKX0MI1G1kIMr9TnPMt9tZYpjM=,vrfesd1qmRDKVLzwPpMSptY89R4=
-165,469,KnKX0MI1G1kIMr9TnPMt9tZYpjM=,vrfesd1qmRDKVLzwPpMSptY89R4=
-172,465,KnKX0MI1G1kIMr9TnPMt9tZYpjM=,vrfesd1qmRDKVLzwPpMSptY89R4=
-163,469,KnKX0MI1G1kIMr9TnPMt9tZYpjM=,vrfesd1qmRDKVLzwPpMSptY89R4=
-164,469,KnKX0MI1G1kIMr9TnPMt9tZYpjM=,vrfesd1qmRDKVLzwPpMSptY89R4=
-162,469,KnKX0MI1G1kIMr9TnPMt9tZYpjM=,vrfesd1qmRDKVLzwPpMSptY89R4=
-161,469,KnKX0MI1G1kIMr9TnPMt9tZYpjM=,vrfesd1qmRDKVLzwPpMSptY89R4=
-171,465,KnKX0MI1G1kIMr9TnPMt9tZYpjM=,vrfesd1qmRDKVLzwPpMSptY89R4=
-176,470,KnKX0MI1G1kIMr9TnPMt9tZYpjM=,vrfesd1qmRDKVLzwPpMSptY89R4=
-175,470,KnKX0MI1G1kIMr9TnPMt9tZYpjM=,vrfesd1qmRDKVLzwPpMSptY89R4=
-174,470,KnKX0MI1G1kIMr9TnPMt9tZYpjM=,vrfesd1qmRDKVLzwPpMSptY89R4=
-173,470,KnKX0MI1G1kIMr9TnPMt9tZYpjM=,vrfesd1qmRDKVLzwPpMSptY89R4=
-172,470,KnKX0MI1G1kIMr9TnPMt9tZYpjM=,vrfesd1qmRDKVLzwPpMSptY89R4=
-171,470,KnKX0MI1G1kIMr9TnPMt9tZYpjM=,vrfesd1qmRDKVLzwPpMSptY89R4=
-170,470,KnKX0MI1G1kIMr9TnPMt9tZYpjM=,vrfesd1qmRDKVLzwPpMSptY89R4=
-169,470,KnKX0MI1G1kIMr9TnPMt9tZYpjM=,vrfesd1qmRDKVLzwPpMSptY89R4=
-168,470,KnKX0MI1G1kIMr9TnPMt9tZYpjM=,vrfesd1qmRDKVLzwPpMSptY89R4=
-167,470,KnKX0MI1G1kIMr9TnPMt9tZYpjM=,vrfesd1qmRDKVLzwPpMSptY89R4=
-175,467,KnKX0MI1G1kIMr9TnPMt9tZYpjM=,vrfesd1qmRDKVLzwPpMSptY89R4=
-168,464,KnKX0MI1G1kIMr9TnPMt9tZYpjM=,vrfesd1qmRDKVLzwPpMSptY89R4=
-166,470,KnKX0MI1G1kIMr9TnPMt9tZYpjM=,vrfesd1qmRDKVLzwPpMSptY89R4=
-165,470,KnKX0MI1G1kIMr9TnPMt9tZYpjM=,vrfesd1qmRDKVLzwPpMSptY89R4=
-164,470,KnKX0MI1G1kIMr9TnPMt9tZYpjM=,vrfesd1qmRDKVLzwPpMSptY89R4=
-163,470,KnKX0MI1G1kIMr9TnPMt9tZYpjM=,vrfesd1qmRDKVLzwPpMSptY89R4=
-162,470,KnKX0MI1G1kIMr9TnPMt9tZYpjM=,vrfesd1qmRDKVLzwPpMSptY89R4=
-162,476,KnKX0MI1G1kIMr9TnPMt9tZYpjM=,vrfesd1qmRDKVLzwPpMSptY89R4=
-162,475,KnKX0MI1G1kIMr9TnPMt9tZYpjM=,vrfesd1qmRDKVLzwPpMSptY89R4=
-163,475,KnKX0MI1G1kIMr9TnPMt9tZYpjM=,vrfesd1qmRDKVLzwPpMSptY89R4=
-164,475,KnKX0MI1G1kIMr9TnPMt9tZYpjM=,vrfesd1qmRDKVLzwPpMSptY89R4=
-165,475,KnKX0MI1G1kIMr9TnPMt9tZYpjM=,vrfesd1qmRDKVLzwPpMSptY89R4=
-167,475,KnKX0MI1G1kIMr9TnPMt9tZYpjM=,vrfesd1qmRDKVLzwPpMSptY89R4=
-166,475,KnKX0MI1G1kIMr9TnPMt9tZYpjM=,vrfesd1qmRDKVLzwPpMSptY89R4=
-168,475,KnKX0MI1G1kIMr9TnPMt9tZYpjM=,vrfesd1qmRDKVLzwPpMSptY89R4=
-169,475,KnKX0MI1G1kIMr9TnPMt9tZYpjM=,vrfesd1qmRDKVLzwPpMSptY89R4=
-170,475,KnKX0MI1G1kIMr9TnPMt9tZYpjM=,vrfesd1qmRDKVLzwPpMSptY89R4=
-163,464,KnKX0MI1G1kIMr9TnPMt9tZYpjM=,vrfesd1qmRDKVLzwPpMSptY89R4=
-171,475,KnKX0MI1G1kIMr9TnPMt9tZYpjM=,vrfesd1qmRDKVLzwPpMSptY89R4=
-170,467,KnKX0MI1G1kIMr9TnPMt9tZYpjM=,vrfesd1qmRDKVLzwPpMSptY89R4=
-172,475,KnKX0MI1G1kIMr9TnPMt9tZYpjM=,vrfesd1qmRDKVLzwPpMSptY89R4=
-173,475,KnKX0MI1G1kIMr9TnPMt9tZYpjM=,vrfesd1qmRDKVLzwPpMSptY89R4=
-174,475,KnKX0MI1G1kIMr9TnPMt9tZYpjM=,vrfesd1qmRDKVLzwPpMSptY89R4=
-175,475,KnKX0MI1G1kIMr9TnPMt9tZYpjM=,vrfesd1qmRDKVLzwPpMSptY89R4=
-176,475,KnKX0MI1G1kIMr9TnPMt9tZYpjM=,vrfesd1qmRDKVLzwPpMSptY89R4=
-166,465,KnKX0MI1G1kIMr9TnPMt9tZYpjM=,vrfesd1qmRDKVLzwPpMSptY89R4=
-170,465,KnKX0MI1G1kIMr9TnPMt9tZYpjM=,vrfesd1qmRDKVLzwPpMSptY89R4=
-161,470,KnKX0MI1G1kIMr9TnPMt9tZYpjM=,vrfesd1qmRDKVLzwPpMSptY89R4=
-175,471,KnKX0MI1G1kIMr9TnPMt9tZYpjM=,vrfesd1qmRDKVLzwPpMSptY89R4=
-176,471,KnKX0MI1G1kIMr9TnPMt9tZYpjM=,vrfesd1qmRDKVLzwPpMSptY89R4=
-174,471,KnKX0MI1G1kIMr9TnPMt9tZYpjM=,vrfesd1qmRDKVLzwPpMSptY89R4=
-173,471,KnKX0MI1G1kIMr9TnPMt9tZYpjM=,vrfesd1qmRDKVLzwPpMSptY89R4=
-172,471,KnKX0MI1G1kIMr9TnPMt9tZYpjM=,vrfesd1qmRDKVLzwPpMSptY89R4=
-170,471,KnKX0MI1G1kIMr9TnPMt9tZYpjM=,vrfesd1qmRDKVLzwPpMSptY89R4=
-169,471,KnKX0MI1G1kIMr9TnPMt9tZYpjM=,vrfesd1qmRDKVLzwPpMSptY89R4=
-171,471,KnKX0MI1G1kIMr9TnPMt9tZYpjM=,vrfesd1qmRDKVLzwPpMSptY89R4=
-168,471,KnKX0MI1G1kIMr9TnPMt9tZYpjM=,vrfesd1qmRDKVLzwPpMSptY89R4=
-174,467,KnKX0MI1G1kIMr9TnPMt9tZYpjM=,vrfesd1qmRDKVLzwPpMSptY89R4=
-167,464,KnKX0MI1G1kIMr9TnPMt9tZYpjM=,vrfesd1qmRDKVLzwPpMSptY89R4=
-166,471,KnKX0MI1G1kIMr9TnPMt9tZYpjM=,vrfesd1qmRDKVLzwPpMSptY89R4=
-165,471,KnKX0MI1G1kIMr9TnPMt9tZYpjM=,vrfesd1qmRDKVLzwPpMSptY89R4=
-167,471,KnKX0MI1G1kIMr9TnPMt9tZYpjM=,vrfesd1qmRDKVLzwPpMSptY89R4=
-164,471,KnKX0MI1G1kIMr9TnPMt9tZYpjM=,vrfesd1qmRDKVLzwPpMSptY89R4=
-163,471,KnKX0MI1G1kIMr9TnPMt9tZYpjM=,vrfesd1qmRDKVLzwPpMSptY89R4=
-162,471,KnKX0MI1G1kIMr9TnPMt9tZYpjM=,vrfesd1qmRDKVLzwPpMSptY89R4=
-162,474,KnKX0MI1G1kIMr9TnPMt9tZYpjM=,vrfesd1qmRDKVLzwPpMSptY89R4=
-163,474,KnKX0MI1G1kIMr9TnPMt9tZYpjM=,vrfesd1qmRDKVLzwPpMSptY89R4=
-161,476,KnKX0MI1G1kIMr9TnPMt9tZYpjM=,vrfesd1qmRDKVLzwPpMSptY89R4=
-164,474,KnKX0MI1G1kIMr9TnPMt9tZYpjM=,vrfesd1qmRDKVLzwPpMSptY89R4=
-165,474,KnKX0MI1G1kIMr9TnPMt9tZYpjM=,vrfesd1qmRDKVLzwPpMSptY89R4=
-166,474,KnKX0MI1G1kIMr9TnPMt9tZYpjM=,vrfesd1qmRDKVLzwPpMSptY89R4=
-167,474,KnKX0MI1G1kIMr9TnPMt9tZYpjM=,vrfesd1qmRDKVLzwPpMSptY89R4=
-169,474,KnKX0MI1G1kIMr9TnPMt9tZYpjM=,vrfesd1qmRDKVLzwPpMSptY89R4=
-168,474,KnKX0MI1G1kIMr9TnPMt9tZYpjM=,vrfesd1qmRDKVLzwPpMSptY89R4=
-170,474,KnKX0MI1G1kIMr9TnPMt9tZYpjM=,vrfesd1qmRDKVLzwPpMSptY89R4=
-164,464,KnKX0MI1G1kIMr9TnPMt9tZYpjM=,vrfesd1qmRDKVLzwPpMSptY89R4=
-171,467,KnKX0MI1G1kIMr9TnPMt9tZYpjM=,vrfesd1qmRDKVLzwPpMSptY89R4=
-171,474,KnKX0MI1G1kIMr9TnPMt9tZYpjM=,vrfesd1qmRDKVLzwPpMSptY89R4=
-172,474,KnKX0MI1G1kIMr9TnPMt9tZYpjM=,vrfesd1qmRDKVLzwPpMSptY89R4=
-173,474,KnKX0MI1G1kIMr9TnPMt9tZYpjM=,vrfesd1qmRDKVLzwPpMSptY89R4=
-174,474,KnKX0MI1G1kIMr9TnPMt9tZYpjM=,vrfesd1qmRDKVLzwPpMSptY89R4=
-175,474,KnKX0MI1G1kIMr9TnPMt9tZYpjM=,vrfesd1qmRDKVLzwPpMSptY89R4=
-176,474,KnKX0MI1G1kIMr9TnPMt9tZYpjM=,vrfesd1qmRDKVLzwPpMSptY89R4=
-167,465,KnKX0MI1G1kIMr9TnPMt9tZYpjM=,vrfesd1qmRDKVLzwPpMSptY89R4=
-161,477,KnKX0MI1G1kIMr9TnPMt9tZYpjM=,vrfesd1qmRDKVLzwPpMSptY89R4=
-162,473,KnKX0MI1G1kIMr9TnPMt9tZYpjM=,vrfesd1qmRDKVLzwPpMSptY89R4=
-163,473,KnKX0MI1G1kIMr9TnPMt9tZYpjM=,vrfesd1qmRDKVLzwPpMSptY89R4=
-164,473,KnKX0MI1G1kIMr9TnPMt9tZYpjM=,vrfesd1qmRDKVLzwPpMSptY89R4=
-165,473,KnKX0MI1G1kIMr9TnPMt9tZYpjM=,vrfesd1qmRDKVLzwPpMSptY89R4=
-167,473,KnKX0MI1G1kIMr9TnPMt9tZYpjM=,vrfesd1qmRDKVLzwPpMSptY89R4=
-166,473,KnKX0MI1G1kIMr9TnPMt9tZYpjM=,vrfesd1qmRDKVLzwPpMSptY89R4=
-168,473,KnKX0MI1G1kIMr9TnPMt9tZYpjM=,vrfesd1qmRDKVLzwPpMSptY89R4=
-169,473,KnKX0MI1G1kIMr9TnPMt9tZYpjM=,vrfesd1qmRDKVLzwPpMSptY89R4=
-165,464,KnKX0MI1G1kIMr9TnPMt9tZYpjM=,vrfesd1qmRDKVLzwPpMSptY89R4=
-172,467,KnKX0MI1G1kIMr9TnPMt9tZYpjM=,vrfesd1qmRDKVLzwPpMSptY89R4=
-170,473,KnKX0MI1G1kIMr9TnPMt9tZYpjM=,vrfesd1qmRDKVLzwPpMSptY89R4=
-171,473,KnKX0MI1G1kIMr9TnPMt9tZYpjM=,vrfesd1qmRDKVLzwPpMSptY89R4=
-172,473,KnKX0MI1G1kIMr9TnPMt9tZYpjM=,vrfesd1qmRDKVLzwPpMSptY89R4=
-173,473,KnKX0MI1G1kIMr9TnPMt9tZYpjM=,vrfesd1qmRDKVLzwPpMSptY89R4=
-174,473,KnKX0MI1G1kIMr9TnPMt9tZYpjM=,vrfesd1qmRDKVLzwPpMSptY89R4=
-175,473,KnKX0MI1G1kIMr9TnPMt9tZYpjM=,vrfesd1qmRDKVLzwPpMSptY89R4=
-168,465,KnKX0MI1G1kIMr9TnPMt9tZYpjM=,vrfesd1qmRDKVLzwPpMSptY89R4=
-161,471,KnKX0MI1G1kIMr9TnPMt9tZYpjM=,vrfesd1qmRDKVLzwPpMSptY89R4=
-176,473,KnKX0MI1G1kIMr9TnPMt9tZYpjM=,vrfesd1qmRDKVLzwPpMSptY89R4=
-169,465,KnKX0MI1G1kIMr9TnPMt9tZYpjM=,vrfesd1qmRDKVLzwPpMSptY89R4=
-162,479,KnKX0MI1G1kIMr9TnPMt9tZYpjM=,vrfesd1qmRDKVLzwPpMSptY89R4=
-175,472,KnKX0MI1G1kIMr9TnPMt9tZYpjM=,vrfesd1qmRDKVLzwPpMSptY89R4=
-162,472,KnKX0MI1G1kIMr9TnPMt9tZYpjM=,vrfesd1qmRDKVLzwPpMSptY89R4=
-174,472,KnKX0MI1G1kIMr9TnPMt9tZYpjM=,vrfesd1qmRDKVLzwPpMSptY89R4=
-176,472,KnKX0MI1G1kIMr9TnPMt9tZYpjM=,vrfesd1qmRDKVLzwPpMSptY89R4=
-163,472,KnKX0MI1G1kIMr9TnPMt9tZYpjM=,vrfesd1qmRDKVLzwPpMSptY89R4=
-173,472,KnKX0MI1G1kIMr9TnPMt9tZYpjM=,vrfesd1qmRDKVLzwPpMSptY89R4=
-164,472,KnKX0MI1G1kIMr9TnPMt9tZYpjM=,vrfesd1qmRDKVLzwPpMSptY89R4=
-172,472,KnKX0MI1G1kIMr9TnPMt9tZYpjM=,vrfesd1qmRDKVLzwPpMSptY89R4=
-171,472,KnKX0MI1G1kIMr9TnPMt9tZYpjM=,vrfesd1qmRDKVLzwPpMSptY89R4=
-165,472,KnKX0MI1G1kIMr9TnPMt9tZYpjM=,vrfesd1qmRDKVLzwPpMSptY89R4=
-170,472,KnKX0MI1G1kIMr9TnPMt9tZYpjM=,vrfesd1qmRDKVLzwPpMSptY89R4=
-166,472,KnKX0MI1G1kIMr9TnPMt9tZYpjM=,vrfesd1qmRDKVLzwPpMSptY89R4=
-169,472,KnKX0MI1G1kIMr9TnPMt9tZYpjM=,vrfesd1qmRDKVLzwPpMSptY89R4=
-167,472,KnKX0MI1G1kIMr9TnPMt9tZYpjM=,vrfesd1qmRDKVLzwPpMSptY89R4=
-173,467,KnKX0MI1G1kIMr9TnPMt9tZYpjM=,vrfesd1qmRDKVLzwPpMSptY89R4=
-168,472,KnKX0MI1G1kIMr9TnPMt9tZYpjM=,vrfesd1qmRDKVLzwPpMSptY89R4=
-166,464,KnKX0MI1G1kIMr9TnPMt9tZYpjM=,vrfesd1qmRDKVLzwPpMSptY89R4=
-161,475,KnKX0MI1G1kIMr9TnPMt9tZYpjM=,vrfesd1qmRDKVLzwPpMSptY89R4=
-161,479,KnKX0MI1G1kIMr9TnPMt9tZYpjM=,vrfesd1qmRDKVLzwPpMSptY89R4=
-161,474,KnKX0MI1G1kIMr9TnPMt9tZYpjM=,vrfesd1qmRDKVLzwPpMSptY89R4=
-162,477,KnKX0MI1G1kIMr9TnPMt9tZYpjM=,vrfesd1qmRDKVLzwPpMSptY89R4=
-162,478,KnKX0MI1G1kIMr9TnPMt9tZYpjM=,vrfesd1qmRDKVLzwPpMSptY89R4=
-161,472,KnKX0MI1G1kIMr9TnPMt9tZYpjM=,vrfesd1qmRDKVLzwPpMSptY89R4=
-161,473,KnKX0MI1G1kIMr9TnPMt9tZYpjM=,vrfesd1qmRDKVLzwPpMSptY89R4=
-161,478,KnKX0MI1G1kIMr9TnPMt9tZYpjM=,vrfesd1qmRDKVLzwPpMSptY89R4=
-164,450,1pWjoG7TgHy81+sPzen3oPVYixs=,iI4cSVkgwjRXwvhu/WSt4d8HVRQ=
-163,450,1pWjoG7TgHy81+sPzen3oPVYixs=,iI4cSVkgwjRXwvhu/WSt4d8HVRQ=
-173,448,1pWjoG7TgHy81+sPzen3oPVYixs=,iI4cSVkgwjRXwvhu/WSt4d8HVRQ=
-165,450,1pWjoG7TgHy81+sPzen3oPVYixs=,iI4cSVkgwjRXwvhu/WSt4d8HVRQ=
-168,450,1pWjoG7TgHy81+sPzen3oPVYixs=,iI4cSVkgwjRXwvhu/WSt4d8HVRQ=
-167,450,1pWjoG7TgHy81+sPzen3oPVYixs=,iI4cSVkgwjRXwvhu/WSt4d8HVRQ=
-169,450,1pWjoG7TgHy81+sPzen3oPVYixs=,iI4cSVkgwjRXwvhu/WSt4d8HVRQ=
-170,450,1pWjoG7TgHy81+sPzen3oPVYixs=,iI4cSVkgwjRXwvhu/WSt4d8HVRQ=
-166,450,1pWjoG7TgHy81+sPzen3oPVYixs=,iI4cSVkgwjRXwvhu/WSt4d8HVRQ=
-171,450,1pWjoG7TgHy81+sPzen3oPVYixs=,iI4cSVkgwjRXwvhu/WSt4d8HVRQ=
-174,450,1pWjoG7TgHy81+sPzen3oPVYixs=,iI4cSVkgwjRXwvhu/WSt4d8HVRQ=
-173,450,1pWjoG7TgHy81+sPzen3oPVYixs=,iI4cSVkgwjRXwvhu/WSt4d8HVRQ=
-161,449,1pWjoG7TgHy81+sPzen3oPVYixs=,iI4cSVkgwjRXwvhu/WSt4d8HVRQ=
-172,450,1pWjoG7TgHy81+sPzen3oPVYixs=,iI4cSVkgwjRXwvhu/WSt4d8HVRQ=
-165,451,1pWjoG7TgHy81+sPzen3oPVYixs=,iI4cSVkgwjRXwvhu/WSt4d8HVRQ=
-162,463,1pWjoG7TgHy81+sPzen3oPVYixs=,iI4cSVkgwjRXwvhu/WSt4d8HVRQ=
-176,450,1pWjoG7TgHy81+sPzen3oPVYixs=,iI4cSVkgwjRXwvhu/WSt4d8HVRQ=
-174,448,1pWjoG7TgHy81+sPzen3oPVYixs=,iI4cSVkgwjRXwvhu/WSt4d8HVRQ=
-163,463,1pWjoG7TgHy81+sPzen3oPVYixs=,iI4cSVkgwjRXwvhu/WSt4d8HVRQ=
-175,450,1pWjoG7TgHy81+sPzen3oPVYixs=,iI4cSVkgwjRXwvhu/WSt4d8HVRQ=
-164,463,1pWjoG7TgHy81+sPzen3oPVYixs=,iI4cSVkgwjRXwvhu/WSt4d8HVRQ=
-166,463,1pWjoG7TgHy81+sPzen3oPVYixs=,iI4cSVkgwjRXwvhu/WSt4d8HVRQ=
-166,451,1pWjoG7TgHy81+sPzen3oPVYixs=,iI4cSVkgwjRXwvhu/WSt4d8HVRQ=
-168,463,1pWjoG7TgHy81+sPzen3oPVYixs=,iI4cSVkgwjRXwvhu/WSt4d8HVRQ=
-165,463,1pWjoG7TgHy81+sPzen3oPVYixs=,iI4cSVkgwjRXwvhu/WSt4d8HVRQ=
-169,463,1pWjoG7TgHy81+sPzen3oPVYixs=,iI4cSVkgwjRXwvhu/WSt4d8HVRQ=
-167,463,1pWjoG7TgHy81+sPzen3oPVYixs=,iI4cSVkgwjRXwvhu/WSt4d8HVRQ=
-171,463,1pWjoG7TgHy81+sPzen3oPVYixs=,iI4cSVkgwjRXwvhu/WSt4d8HVRQ=
-170,463,1pWjoG7TgHy81+sPzen3oPVYixs=,iI4cSVkgwjRXwvhu/WSt4d8HVRQ=
-172,463,1pWjoG7TgHy81+sPzen3oPVYixs=,iI4cSVkgwjRXwvhu/WSt4d8HVRQ=
-173,463,1pWjoG7TgHy81+sPzen3oPVYixs=,iI4cSVkgwjRXwvhu/WSt4d8HVRQ=
-162,449,1pWjoG7TgHy81+sPzen3oPVYixs=,iI4cSVkgwjRXwvhu/WSt4d8HVRQ=
-176,463,1pWjoG7TgHy81+sPzen3oPVYixs=,iI4cSVkgwjRXwvhu/WSt4d8HVRQ=
-161,462,1pWjoG7TgHy81+sPzen3oPVYixs=,iI4cSVkgwjRXwvhu/WSt4d8HVRQ=
-174,463,1pWjoG7TgHy81+sPzen3oPVYixs=,iI4cSVkgwjRXwvhu/WSt4d8HVRQ=
-164,462,1pWjoG7TgHy81+sPzen3oPVYixs=,iI4cSVkgwjRXwvhu/WSt4d8HVRQ=
-175,463,1pWjoG7TgHy81+sPzen3oPVYixs=,iI4cSVkgwjRXwvhu/WSt4d8HVRQ=
-165,462,1pWjoG7TgHy81+sPzen3oPVYixs=,iI4cSVkgwjRXwvhu/WSt4d8HVRQ=
-166,462,1pWjoG7TgHy81+sPzen3oPVYixs=,iI4cSVkgwjRXwvhu/WSt4d8HVRQ=
-168,462,1pWjoG7TgHy81+sPzen3oPVYixs=,iI4cSVkgwjRXwvhu/WSt4d8HVRQ=
-164,451,1pWjoG7TgHy81+sPzen3oPVYixs=,iI4cSVkgwjRXwvhu/WSt4d8HVRQ=
-162,462,1pWjoG7TgHy81+sPzen3oPVYixs=,iI4cSVkgwjRXwvhu/WSt4d8HVRQ=
-171,462,1pWjoG7TgHy81+sPzen3oPVYixs=,iI4cSVkgwjRXwvhu/WSt4d8HVRQ=
-167,462,1pWjoG7TgHy81+sPzen3oPVYixs=,iI4cSVkgwjRXwvhu/WSt4d8HVRQ=
-169,462,1pWjoG7TgHy81+sPzen3oPVYixs=,iI4cSVkgwjRXwvhu/WSt4d8HVRQ=
-172,462,1pWjoG7TgHy81+sPzen3oPVYixs=,iI4cSVkgwjRXwvhu/WSt4d8HVRQ=
-170,462,1pWjoG7TgHy81+sPzen3oPVYixs=,iI4cSVkgwjRXwvhu/WSt4d8HVRQ=
-173,462,1pWjoG7TgHy81+sPzen3oPVYixs=,iI4cSVkgwjRXwvhu/WSt4d8HVRQ=
-162,450,1pWjoG7TgHy81+sPzen3oPVYixs=,iI4cSVkgwjRXwvhu/WSt4d8HVRQ=
-175,449,1pWjoG7TgHy81+sPzen3oPVYixs=,iI4cSVkgwjRXwvhu/WSt4d8HVRQ=
-167,451,1pWjoG7TgHy81+sPzen3oPVYixs=,iI4cSVkgwjRXwvhu/WSt4d8HVRQ=
-176,449,1pWjoG7TgHy81+sPzen3oPVYixs=,iI4cSVkgwjRXwvhu/WSt4d8HVRQ=
-175,462,1pWjoG7TgHy81+sPzen3oPVYixs=,iI4cSVkgwjRXwvhu/WSt4d8HVRQ=
-174,462,1pWjoG7TgHy81+sPzen3oPVYixs=,iI4cSVkgwjRXwvhu/WSt4d8HVRQ=
-176,462,1pWjoG7TgHy81+sPzen3oPVYixs=,iI4cSVkgwjRXwvhu/WSt4d8HVRQ=
-175,448,1pWjoG7TgHy81+sPzen3oPVYixs=,iI4cSVkgwjRXwvhu/WSt4d8HVRQ=
-172,448,1pWjoG7TgHy81+sPzen3oPVYixs=,iI4cSVkgwjRXwvhu/WSt4d8HVRQ=
-161,461,1pWjoG7TgHy81+sPzen3oPVYixs=,iI4cSVkgwjRXwvhu/WSt4d8HVRQ=
-162,461,1pWjoG7TgHy81+sPzen3oPVYixs=,iI4cSVkgwjRXwvhu/WSt4d8HVRQ=
-164,461,1pWjoG7TgHy81+sPzen3oPVYixs=,iI4cSVkgwjRXwvhu/WSt4d8HVRQ=
-165,461,1pWjoG7TgHy81+sPzen3oPVYixs=,iI4cSVkgwjRXwvhu/WSt4d8HVRQ=
-166,461,1pWjoG7TgHy81+sPzen3oPVYixs=,iI4cSVkgwjRXwvhu/WSt4d8HVRQ=
-168,461,1pWjoG7TgHy81+sPzen3oPVYixs=,iI4cSVkgwjRXwvhu/WSt4d8HVRQ=
-163,451,1pWjoG7TgHy81+sPzen3oPVYixs=,iI4cSVkgwjRXwvhu/WSt4d8HVRQ=
-169,461,1pWjoG7TgHy81+sPzen3oPVYixs=,iI4cSVkgwjRXwvhu/WSt4d8HVRQ=
-167,461,1pWjoG7TgHy81+sPzen3oPVYixs=,iI4cSVkgwjRXwvhu/WSt4d8HVRQ=
-172,461,1pWjoG7TgHy81+sPzen3oPVYixs=,iI4cSVkgwjRXwvhu/WSt4d8HVRQ=
-170,461,1pWjoG7TgHy81+sPzen3oPVYixs=,iI4cSVkgwjRXwvhu/WSt4d8HVRQ=
-173,461,1pWjoG7TgHy81+sPzen3oPVYixs=,iI4cSVkgwjRXwvhu/WSt4d8HVRQ=
-163,461,1pWjoG7TgHy81+sPzen3oPVYixs=,iI4cSVkgwjRXwvhu/WSt4d8HVRQ=
-171,461,1pWjoG7TgHy81+sPzen3oPVYixs=,iI4cSVkgwjRXwvhu/WSt4d8HVRQ=
-162,451,1pWjoG7TgHy81+sPzen3oPVYixs=,iI4cSVkgwjRXwvhu/WSt4d8HVRQ=
-163,449,1pWjoG7TgHy81+sPzen3oPVYixs=,iI4cSVkgwjRXwvhu/WSt4d8HVRQ=
-168,451,1pWjoG7TgHy81+sPzen3oPVYixs=,iI4cSVkgwjRXwvhu/WSt4d8HVRQ=
-161,448,1pWjoG7TgHy81+sPzen3oPVYixs=,iI4cSVkgwjRXwvhu/WSt4d8HVRQ=
-175,461,1pWjoG7TgHy81+sPzen3oPVYixs=,iI4cSVkgwjRXwvhu/WSt4d8HVRQ=
-164,449,1pWjoG7TgHy81+sPzen3oPVYixs=,iI4cSVkgwjRXwvhu/WSt4d8HVRQ=
-176,461,1pWjoG7TgHy81+sPzen3oPVYixs=,iI4cSVkgwjRXwvhu/WSt4d8HVRQ=
-174,461,1pWjoG7TgHy81+sPzen3oPVYixs=,iI4cSVkgwjRXwvhu/WSt4d8HVRQ=
-171,448,1pWjoG7TgHy81+sPzen3oPVYixs=,iI4cSVkgwjRXwvhu/WSt4d8HVRQ=
-162,460,1pWjoG7TgHy81+sPzen3oPVYixs=,iI4cSVkgwjRXwvhu/WSt4d8HVRQ=
-161,460,1pWjoG7TgHy81+sPzen3oPVYixs=,iI4cSVkgwjRXwvhu/WSt4d8HVRQ=
-164,460,1pWjoG7TgHy81+sPzen3oPVYixs=,iI4cSVkgwjRXwvhu/WSt4d8HVRQ=
-163,460,1pWjoG7TgHy81+sPzen3oPVYixs=,iI4cSVkgwjRXwvhu/WSt4d8HVRQ=
-165,460,1pWjoG7TgHy81+sPzen3oPVYixs=,iI4cSVkgwjRXwvhu/WSt4d8HVRQ=
-161,451,1pWjoG7TgHy81+sPzen3oPVYixs=,iI4cSVkgwjRXwvhu/WSt4d8HVRQ=
-168,460,1pWjoG7TgHy81+sPzen3oPVYixs=,iI4cSVkgwjRXwvhu/WSt4d8HVRQ=
-167,460,1pWjoG7TgHy81+sPzen3oPVYixs=,iI4cSVkgwjRXwvhu/WSt4d8HVRQ=
-169,460,1pWjoG7TgHy81+sPzen3oPVYixs=,iI4cSVkgwjRXwvhu/WSt4d8HVRQ=
-170,460,1pWjoG7TgHy81+sPzen3oPVYixs=,iI4cSVkgwjRXwvhu/WSt4d8HVRQ=
-163,462,1pWjoG7TgHy81+sPzen3oPVYixs=,iI4cSVkgwjRXwvhu/WSt4d8HVRQ=
-166,460,1pWjoG7TgHy81+sPzen3oPVYixs=,iI4cSVkgwjRXwvhu/WSt4d8HVRQ=
-174,449,1pWjoG7TgHy81+sPzen3oPVYixs=,iI4cSVkgwjRXwvhu/WSt4d8HVRQ=
-172,460,1pWjoG7TgHy81+sPzen3oPVYixs=,iI4cSVkgwjRXwvhu/WSt4d8HVRQ=
-171,460,1pWjoG7TgHy81+sPzen3oPVYixs=,iI4cSVkgwjRXwvhu/WSt4d8HVRQ=
-162,448,1pWjoG7TgHy81+sPzen3oPVYixs=,iI4cSVkgwjRXwvhu/WSt4d8HVRQ=
-169,451,1pWjoG7TgHy81+sPzen3oPVYixs=,iI4cSVkgwjRXwvhu/WSt4d8HVRQ=
-174,460,1pWjoG7TgHy81+sPzen3oPVYixs=,iI4cSVkgwjRXwvhu/WSt4d8HVRQ=
-165,449,1pWjoG7TgHy81+sPzen3oPVYixs=,iI4cSVkgwjRXwvhu/WSt4d8HVRQ=
-176,452,1pWjoG7TgHy81+sPzen3oPVYixs=,iI4cSVkgwjRXwvhu/WSt4d8HVRQ=
-173,460,1pWjoG7TgHy81+sPzen3oPVYixs=,iI4cSVkgwjRXwvhu/WSt4d8HVRQ=
-175,460,1pWjoG7TgHy81+sPzen3oPVYixs=,iI4cSVkgwjRXwvhu/WSt4d8HVRQ=
-176,460,1pWjoG7TgHy81+sPzen3oPVYixs=,iI4cSVkgwjRXwvhu/WSt4d8HVRQ=
-161,459,1pWjoG7TgHy81+sPzen3oPVYixs=,iI4cSVkgwjRXwvhu/WSt4d8HVRQ=
-162,459,1pWjoG7TgHy81+sPzen3oPVYixs=,iI4cSVkgwjRXwvhu/WSt4d8HVRQ=
-175,452,1pWjoG7TgHy81+sPzen3oPVYixs=,iI4cSVkgwjRXwvhu/WSt4d8HVRQ=
-163,459,1pWjoG7TgHy81+sPzen3oPVYixs=,iI4cSVkgwjRXwvhu/WSt4d8HVRQ=
-164,459,1pWjoG7TgHy81+sPzen3oPVYixs=,iI4cSVkgwjRXwvhu/WSt4d8HVRQ=
-165,459,1pWjoG7TgHy81+sPzen3oPVYixs=,iI4cSVkgwjRXwvhu/WSt4d8HVRQ=
-166,459,1pWjoG7TgHy81+sPzen3oPVYixs=,iI4cSVkgwjRXwvhu/WSt4d8HVRQ=
-169,459,1pWjoG7TgHy81+sPzen3oPVYixs=,iI4cSVkgwjRXwvhu/WSt4d8HVRQ=
-168,459,1pWjoG7TgHy81+sPzen3oPVYixs=,iI4cSVkgwjRXwvhu/WSt4d8HVRQ=
-167,459,1pWjoG7TgHy81+sPzen3oPVYixs=,iI4cSVkgwjRXwvhu/WSt4d8HVRQ=
-170,459,1pWjoG7TgHy81+sPzen3oPVYixs=,iI4cSVkgwjRXwvhu/WSt4d8HVRQ=
-171,459,1pWjoG7TgHy81+sPzen3oPVYixs=,iI4cSVkgwjRXwvhu/WSt4d8HVRQ=
-163,448,1pWjoG7TgHy81+sPzen3oPVYixs=,iI4cSVkgwjRXwvhu/WSt4d8HVRQ=
-174,452,1pWjoG7TgHy81+sPzen3oPVYixs=,iI4cSVkgwjRXwvhu/WSt4d8HVRQ=
-170,451,1pWjoG7TgHy81+sPzen3oPVYixs=,iI4cSVkgwjRXwvhu/WSt4d8HVRQ=
-173,459,1pWjoG7TgHy81+sPzen3oPVYixs=,iI4cSVkgwjRXwvhu/WSt4d8HVRQ=
-174,459,1pWjoG7TgHy81+sPzen3oPVYixs=,iI4cSVkgwjRXwvhu/WSt4d8HVRQ=
-175,459,1pWjoG7TgHy81+sPzen3oPVYixs=,iI4cSVkgwjRXwvhu/WSt4d8HVRQ=
-172,459,1pWjoG7TgHy81+sPzen3oPVYixs=,iI4cSVkgwjRXwvhu/WSt4d8HVRQ=
-166,449,1pWjoG7TgHy81+sPzen3oPVYixs=,iI4cSVkgwjRXwvhu/WSt4d8HVRQ=
-161,458,1pWjoG7TgHy81+sPzen3oPVYixs=,iI4cSVkgwjRXwvhu/WSt4d8HVRQ=
-173,452,1pWjoG7TgHy81+sPzen3oPVYixs=,iI4cSVkgwjRXwvhu/WSt4d8HVRQ=
-162,458,1pWjoG7TgHy81+sPzen3oPVYixs=,iI4cSVkgwjRXwvhu/WSt4d8HVRQ=
-163,458,1pWjoG7TgHy81+sPzen3oPVYixs=,iI4cSVkgwjRXwvhu/WSt4d8HVRQ=
-164,458,1pWjoG7TgHy81+sPzen3oPVYixs=,iI4cSVkgwjRXwvhu/WSt4d8HVRQ=
-176,459,1pWjoG7TgHy81+sPzen3oPVYixs=,iI4cSVkgwjRXwvhu/WSt4d8HVRQ=
-168,458,1pWjoG7TgHy81+sPzen3oPVYixs=,iI4cSVkgwjRXwvhu/WSt4d8HVRQ=
-165,458,1pWjoG7TgHy81+sPzen3oPVYixs=,iI4cSVkgwjRXwvhu/WSt4d8HVRQ=
-172,452,1pWjoG7TgHy81+sPzen3oPVYixs=,iI4cSVkgwjRXwvhu/WSt4d8HVRQ=
-169,458,1pWjoG7TgHy81+sPzen3oPVYixs=,iI4cSVkgwjRXwvhu/WSt4d8HVRQ=
-170,458,1pWjoG7TgHy81+sPzen3oPVYixs=,iI4cSVkgwjRXwvhu/WSt4d8HVRQ=
-167,458,1pWjoG7TgHy81+sPzen3oPVYixs=,iI4cSVkgwjRXwvhu/WSt4d8HVRQ=
-166,458,1pWjoG7TgHy81+sPzen3oPVYixs=,iI4cSVkgwjRXwvhu/WSt4d8HVRQ=
-164,448,1pWjoG7TgHy81+sPzen3oPVYixs=,iI4cSVkgwjRXwvhu/WSt4d8HVRQ=
-171,451,1pWjoG7TgHy81+sPzen3oPVYixs=,iI4cSVkgwjRXwvhu/WSt4d8HVRQ=
-171,452,1pWjoG7TgHy81+sPzen3oPVYixs=,iI4cSVkgwjRXwvhu/WSt4d8HVRQ=
-171,458,1pWjoG7TgHy81+sPzen3oPVYixs=,iI4cSVkgwjRXwvhu/WSt4d8HVRQ=
-172,458,1pWjoG7TgHy81+sPzen3oPVYixs=,iI4cSVkgwjRXwvhu/WSt4d8HVRQ=
-174,458,1pWjoG7TgHy81+sPzen3oPVYixs=,iI4cSVkgwjRXwvhu/WSt4d8HVRQ=
-173,458,1pWjoG7TgHy81+sPzen3oPVYixs=,iI4cSVkgwjRXwvhu/WSt4d8HVRQ=
-175,458,1pWjoG7TgHy81+sPzen3oPVYixs=,iI4cSVkgwjRXwvhu/WSt4d8HVRQ=
-167,449,1pWjoG7TgHy81+sPzen3oPVYixs=,iI4cSVkgwjRXwvhu/WSt4d8HVRQ=
-170,452,1pWjoG7TgHy81+sPzen3oPVYixs=,iI4cSVkgwjRXwvhu/WSt4d8HVRQ=
-176,458,1pWjoG7TgHy81+sPzen3oPVYixs=,iI4cSVkgwjRXwvhu/WSt4d8HVRQ=
-162,457,1pWjoG7TgHy81+sPzen3oPVYixs=,iI4cSVkgwjRXwvhu/WSt4d8HVRQ=
-161,457,1pWjoG7TgHy81+sPzen3oPVYixs=,iI4cSVkgwjRXwvhu/WSt4d8HVRQ=
-164,457,1pWjoG7TgHy81+sPzen3oPVYixs=,iI4cSVkgwjRXwvhu/WSt4d8HVRQ=
-165,457,1pWjoG7TgHy81+sPzen3oPVYixs=,iI4cSVkgwjRXwvhu/WSt4d8HVRQ=
-163,457,1pWjoG7TgHy81+sPzen3oPVYixs=,iI4cSVkgwjRXwvhu/WSt4d8HVRQ=
-166,457,1pWjoG7TgHy81+sPzen3oPVYixs=,iI4cSVkgwjRXwvhu/WSt4d8HVRQ=
-169,452,1pWjoG7TgHy81+sPzen3oPVYixs=,iI4cSVkgwjRXwvhu/WSt4d8HVRQ=
-168,457,1pWjoG7TgHy81+sPzen3oPVYixs=,iI4cSVkgwjRXwvhu/WSt4d8HVRQ=
-172,451,1pWjoG7TgHy81+sPzen3oPVYixs=,iI4cSVkgwjRXwvhu/WSt4d8HVRQ=
-169,457,1pWjoG7TgHy81+sPzen3oPVYixs=,iI4cSVkgwjRXwvhu/WSt4d8HVRQ=
-165,448,1pWjoG7TgHy81+sPzen3oPVYixs=,iI4cSVkgwjRXwvhu/WSt4d8HVRQ=
-168,452,1pWjoG7TgHy81+sPzen3oPVYixs=,iI4cSVkgwjRXwvhu/WSt4d8HVRQ=
-172,457,1pWjoG7TgHy81+sPzen3oPVYixs=,iI4cSVkgwjRXwvhu/WSt4d8HVRQ=
-171,457,1pWjoG7TgHy81+sPzen3oPVYixs=,iI4cSVkgwjRXwvhu/WSt4d8HVRQ=
-170,457,1pWjoG7TgHy81+sPzen3oPVYixs=,iI4cSVkgwjRXwvhu/WSt4d8HVRQ=
-173,457,1pWjoG7TgHy81+sPzen3oPVYixs=,iI4cSVkgwjRXwvhu/WSt4d8HVRQ=
-174,457,1pWjoG7TgHy81+sPzen3oPVYixs=,iI4cSVkgwjRXwvhu/WSt4d8HVRQ=
-167,457,1pWjoG7TgHy81+sPzen3oPVYixs=,iI4cSVkgwjRXwvhu/WSt4d8HVRQ=
-168,449,1pWjoG7TgHy81+sPzen3oPVYixs=,iI4cSVkgwjRXwvhu/WSt4d8HVRQ=
-176,457,1pWjoG7TgHy81+sPzen3oPVYixs=,iI4cSVkgwjRXwvhu/WSt4d8HVRQ=
-167,452,1pWjoG7TgHy81+sPzen3oPVYixs=,iI4cSVkgwjRXwvhu/WSt4d8HVRQ=
-162,456,1pWjoG7TgHy81+sPzen3oPVYixs=,iI4cSVkgwjRXwvhu/WSt4d8HVRQ=
-161,456,1pWjoG7TgHy81+sPzen3oPVYixs=,iI4cSVkgwjRXwvhu/WSt4d8HVRQ=
-164,456,1pWjoG7TgHy81+sPzen3oPVYixs=,iI4cSVkgwjRXwvhu/WSt4d8HVRQ=
-163,456,1pWjoG7TgHy81+sPzen3oPVYixs=,iI4cSVkgwjRXwvhu/WSt4d8HVRQ=
-175,457,1pWjoG7TgHy81+sPzen3oPVYixs=,iI4cSVkgwjRXwvhu/WSt4d8HVRQ=
-165,456,1pWjoG7TgHy81+sPzen3oPVYixs=,iI4cSVkgwjRXwvhu/WSt4d8HVRQ=
-167,456,1pWjoG7TgHy81+sPzen3oPVYixs=,iI4cSVkgwjRXwvhu/WSt4d8HVRQ=
-166,456,1pWjoG7TgHy81+sPzen3oPVYixs=,iI4cSVkgwjRXwvhu/WSt4d8HVRQ=
-166,452,1pWjoG7TgHy81+sPzen3oPVYixs=,iI4cSVkgwjRXwvhu/WSt4d8HVRQ=
-168,456,1pWjoG7TgHy81+sPzen3oPVYixs=,iI4cSVkgwjRXwvhu/WSt4d8HVRQ=
-166,448,1pWjoG7TgHy81+sPzen3oPVYixs=,iI4cSVkgwjRXwvhu/WSt4d8HVRQ=
-173,451,1pWjoG7TgHy81+sPzen3oPVYixs=,iI4cSVkgwjRXwvhu/WSt4d8HVRQ=
-169,456,1pWjoG7TgHy81+sPzen3oPVYixs=,iI4cSVkgwjRXwvhu/WSt4d8HVRQ=
-170,456,1pWjoG7TgHy81+sPzen3oPVYixs=,iI4cSVkgwjRXwvhu/WSt4d8HVRQ=
-165,452,1pWjoG7TgHy81+sPzen3oPVYixs=,iI4cSVkgwjRXwvhu/WSt4d8HVRQ=
-171,456,1pWjoG7TgHy81+sPzen3oPVYixs=,iI4cSVkgwjRXwvhu/WSt4d8HVRQ=
-173,456,1pWjoG7TgHy81+sPzen3oPVYixs=,iI4cSVkgwjRXwvhu/WSt4d8HVRQ=
-174,456,1pWjoG7TgHy81+sPzen3oPVYixs=,iI4cSVkgwjRXwvhu/WSt4d8HVRQ=
-169,449,1pWjoG7TgHy81+sPzen3oPVYixs=,iI4cSVkgwjRXwvhu/WSt4d8HVRQ=
-161,450,1pWjoG7TgHy81+sPzen3oPVYixs=,iI4cSVkgwjRXwvhu/WSt4d8HVRQ=
-175,456,1pWjoG7TgHy81+sPzen3oPVYixs=,iI4cSVkgwjRXwvhu/WSt4d8HVRQ=
-162,455,1pWjoG7TgHy81+sPzen3oPVYixs=,iI4cSVkgwjRXwvhu/WSt4d8HVRQ=
-161,455,1pWjoG7TgHy81+sPzen3oPVYixs=,iI4cSVkgwjRXwvhu/WSt4d8HVRQ=
-164,455,1pWjoG7TgHy81+sPzen3oPVYixs=,iI4cSVkgwjRXwvhu/WSt4d8HVRQ=
-170,448,1pWjoG7TgHy81+sPzen3oPVYixs=,iI4cSVkgwjRXwvhu/WSt4d8HVRQ=
-176,456,1pWjoG7TgHy81+sPzen3oPVYixs=,iI4cSVkgwjRXwvhu/WSt4d8HVRQ=
-167,455,1pWjoG7TgHy81+sPzen3oPVYixs=,iI4cSVkgwjRXwvhu/WSt4d8HVRQ=
-166,455,1pWjoG7TgHy81+sPzen3oPVYixs=,iI4cSVkgwjRXwvhu/WSt4d8HVRQ=
-165,455,1pWjoG7TgHy81+sPzen3oPVYixs=,iI4cSVkgwjRXwvhu/WSt4d8HVRQ=
-163,455,1pWjoG7TgHy81+sPzen3oPVYixs=,iI4cSVkgwjRXwvhu/WSt4d8HVRQ=
-167,448,1pWjoG7TgHy81+sPzen3oPVYixs=,iI4cSVkgwjRXwvhu/WSt4d8HVRQ=
-174,451,1pWjoG7TgHy81+sPzen3oPVYixs=,iI4cSVkgwjRXwvhu/WSt4d8HVRQ=
-168,455,1pWjoG7TgHy81+sPzen3oPVYixs=,iI4cSVkgwjRXwvhu/WSt4d8HVRQ=
-164,452,1pWjoG7TgHy81+sPzen3oPVYixs=,iI4cSVkgwjRXwvhu/WSt4d8HVRQ=
-169,455,1pWjoG7TgHy81+sPzen3oPVYixs=,iI4cSVkgwjRXwvhu/WSt4d8HVRQ=
-170,455,1pWjoG7TgHy81+sPzen3oPVYixs=,iI4cSVkgwjRXwvhu/WSt4d8HVRQ=
-171,455,1pWjoG7TgHy81+sPzen3oPVYixs=,iI4cSVkgwjRXwvhu/WSt4d8HVRQ=
-172,455,1pWjoG7TgHy81+sPzen3oPVYixs=,iI4cSVkgwjRXwvhu/WSt4d8HVRQ=
-163,452,1pWjoG7TgHy81+sPzen3oPVYixs=,iI4cSVkgwjRXwvhu/WSt4d8HVRQ=
-174,455,1pWjoG7TgHy81+sPzen3oPVYixs=,iI4cSVkgwjRXwvhu/WSt4d8HVRQ=
-173,455,1pWjoG7TgHy81+sPzen3oPVYixs=,iI4cSVkgwjRXwvhu/WSt4d8HVRQ=
-175,455,1pWjoG7TgHy81+sPzen3oPVYixs=,iI4cSVkgwjRXwvhu/WSt4d8HVRQ=
-161,454,1pWjoG7TgHy81+sPzen3oPVYixs=,iI4cSVkgwjRXwvhu/WSt4d8HVRQ=
-162,454,1pWjoG7TgHy81+sPzen3oPVYixs=,iI4cSVkgwjRXwvhu/WSt4d8HVRQ=
-163,454,1pWjoG7TgHy81+sPzen3oPVYixs=,iI4cSVkgwjRXwvhu/WSt4d8HVRQ=
-176,448,1pWjoG7TgHy81+sPzen3oPVYixs=,iI4cSVkgwjRXwvhu/WSt4d8HVRQ=
-176,455,1pWjoG7TgHy81+sPzen3oPVYixs=,iI4cSVkgwjRXwvhu/WSt4d8HVRQ=
-170,449,1pWjoG7TgHy81+sPzen3oPVYixs=,iI4cSVkgwjRXwvhu/WSt4d8HVRQ=
-164,454,1pWjoG7TgHy81+sPzen3oPVYixs=,iI4cSVkgwjRXwvhu/WSt4d8HVRQ=
-165,454,1pWjoG7TgHy81+sPzen3oPVYixs=,iI4cSVkgwjRXwvhu/WSt4d8HVRQ=
-168,448,1pWjoG7TgHy81+sPzen3oPVYixs=,iI4cSVkgwjRXwvhu/WSt4d8HVRQ=
-167,454,1pWjoG7TgHy81+sPzen3oPVYixs=,iI4cSVkgwjRXwvhu/WSt4d8HVRQ=
-175,451,1pWjoG7TgHy81+sPzen3oPVYixs=,iI4cSVkgwjRXwvhu/WSt4d8HVRQ=
-162,452,1pWjoG7TgHy81+sPzen3oPVYixs=,iI4cSVkgwjRXwvhu/WSt4d8HVRQ=
-166,454,1pWjoG7TgHy81+sPzen3oPVYixs=,iI4cSVkgwjRXwvhu/WSt4d8HVRQ=
-169,454,1pWjoG7TgHy81+sPzen3oPVYixs=,iI4cSVkgwjRXwvhu/WSt4d8HVRQ=
-168,454,1pWjoG7TgHy81+sPzen3oPVYixs=,iI4cSVkgwjRXwvhu/WSt4d8HVRQ=
-171,454,1pWjoG7TgHy81+sPzen3oPVYixs=,iI4cSVkgwjRXwvhu/WSt4d8HVRQ=
-170,454,1pWjoG7TgHy81+sPzen3oPVYixs=,iI4cSVkgwjRXwvhu/WSt4d8HVRQ=
-172,456,1pWjoG7TgHy81+sPzen3oPVYixs=,iI4cSVkgwjRXwvhu/WSt4d8HVRQ=
-173,454,1pWjoG7TgHy81+sPzen3oPVYixs=,iI4cSVkgwjRXwvhu/WSt4d8HVRQ=
-172,454,1pWjoG7TgHy81+sPzen3oPVYixs=,iI4cSVkgwjRXwvhu/WSt4d8HVRQ=
-161,452,1pWjoG7TgHy81+sPzen3oPVYixs=,iI4cSVkgwjRXwvhu/WSt4d8HVRQ=
-175,454,1pWjoG7TgHy81+sPzen3oPVYixs=,iI4cSVkgwjRXwvhu/WSt4d8HVRQ=
-174,454,1pWjoG7TgHy81+sPzen3oPVYixs=,iI4cSVkgwjRXwvhu/WSt4d8HVRQ=
-171,449,1pWjoG7TgHy81+sPzen3oPVYixs=,iI4cSVkgwjRXwvhu/WSt4d8HVRQ=
-161,453,1pWjoG7TgHy81+sPzen3oPVYixs=,iI4cSVkgwjRXwvhu/WSt4d8HVRQ=
-163,453,1pWjoG7TgHy81+sPzen3oPVYixs=,iI4cSVkgwjRXwvhu/WSt4d8HVRQ=
-164,453,1pWjoG7TgHy81+sPzen3oPVYixs=,iI4cSVkgwjRXwvhu/WSt4d8HVRQ=
-176,453,1pWjoG7TgHy81+sPzen3oPVYixs=,iI4cSVkgwjRXwvhu/WSt4d8HVRQ=
-165,453,1pWjoG7TgHy81+sPzen3oPVYixs=,iI4cSVkgwjRXwvhu/WSt4d8HVRQ=
-169,448,1pWjoG7TgHy81+sPzen3oPVYixs=,iI4cSVkgwjRXwvhu/WSt4d8HVRQ=
-176,451,1pWjoG7TgHy81+sPzen3oPVYixs=,iI4cSVkgwjRXwvhu/WSt4d8HVRQ=
-172,449,1pWjoG7TgHy81+sPzen3oPVYixs=,iI4cSVkgwjRXwvhu/WSt4d8HVRQ=
-166,453,1pWjoG7TgHy81+sPzen3oPVYixs=,iI4cSVkgwjRXwvhu/WSt4d8HVRQ=
-162,453,1pWjoG7TgHy81+sPzen3oPVYixs=,iI4cSVkgwjRXwvhu/WSt4d8HVRQ=
-173,449,1pWjoG7TgHy81+sPzen3oPVYixs=,iI4cSVkgwjRXwvhu/WSt4d8HVRQ=
-167,453,1pWjoG7TgHy81+sPzen3oPVYixs=,iI4cSVkgwjRXwvhu/WSt4d8HVRQ=
-168,453,1pWjoG7TgHy81+sPzen3oPVYixs=,iI4cSVkgwjRXwvhu/WSt4d8HVRQ=
-169,453,1pWjoG7TgHy81+sPzen3oPVYixs=,iI4cSVkgwjRXwvhu/WSt4d8HVRQ=
-171,453,1pWjoG7TgHy81+sPzen3oPVYixs=,iI4cSVkgwjRXwvhu/WSt4d8HVRQ=
-170,453,1pWjoG7TgHy81+sPzen3oPVYixs=,iI4cSVkgwjRXwvhu/WSt4d8HVRQ=
-172,453,1pWjoG7TgHy81+sPzen3oPVYixs=,iI4cSVkgwjRXwvhu/WSt4d8HVRQ=
-173,453,1pWjoG7TgHy81+sPzen3oPVYixs=,iI4cSVkgwjRXwvhu/WSt4d8HVRQ=
-175,453,1pWjoG7TgHy81+sPzen3oPVYixs=,iI4cSVkgwjRXwvhu/WSt4d8HVRQ=
-174,453,1pWjoG7TgHy81+sPzen3oPVYixs=,iI4cSVkgwjRXwvhu/WSt4d8HVRQ=
-161,463,1pWjoG7TgHy81+sPzen3oPVYixs=,iI4cSVkgwjRXwvhu/WSt4d8HVRQ=
-176,454,1pWjoG7TgHy81+sPzen3oPVYixs=,iI4cSVkgwjRXwvhu/WSt4d8HVRQ=
