29,-1,VkNjx5omt9xzxa+ZlVvU5qSEi7I=,dhczN0OTMomXquCZD5rcRNYrHxI=
28,-1,VkNjx5omt9xzxa+ZlVvU5qSEi7I=,tsLHUb6WOnpSyFl/4p/ih7jSu54=
27,-1,VkNjx5omt9xzxa+ZlVvU5qSEi7I=,BEGi+BkD11CwEeDky9e1aOc/RQg=
26,-1,VkNjx5omt9xzxa+ZlVvU5qSEi7I=,BEGi+BkD11CwEeDky9e1aOc/RQg=
25,-1,VkNjx5omt9xzxa+ZlVvU5qSEi7I=,BEGi+BkD11CwEeDky9e1aOc/RQg=
24,-1,VkNjx5omt9xzxa+ZlVvU5qSEi7I=,PeelPkG0Gg7vNSUeGgCyK9h7Vt8=
23,-1,VkNjx5omt9xzxa+ZlVvU5qSEi7I=,k93hIXWeDMnM1jbDz8mAYt9XPB4=
22,-1,VkNjx5omt9xzxa+ZlVvU5qSEi7I=,OVh5Y2KD0+3BJDmhUCim5ZOfbXc=
22,-8,VkNjx5omt9xzxa+ZlVvU5qSEi7I=,YWGFY+7xELodirGFiVP/JE7xm2k=
21,-1,VkNjx5omt9xzxa+ZlVvU5qSEi7I=,2I3abvp+2bQ3n0FVpTXVTK2yC/s=
21,-7,VkNjx5omt9xzxa+ZlVvU5qSEi7I=,Z+L6C0MVaPoY1RseK0vJ0UfEcqM=
21,-8,VkNjx5omt9xzxa+ZlVvU5qSEi7I=,01cHPwzp16JNj7QtW7M1X5JWf5k=
21,-6,VkNjx5omt9xzxa+ZlVvU5qSEi7I=,oJLTvOI/ede3LXkmn9ZxxViSFAc=
20,-1,VkNjx5omt9xzxa+ZlVvU5qSEi7I=,oJLTvOI/ede3LXkmn9ZxxViSFAc=
20,-6,VkNjx5omt9xzxa+ZlVvU5qSEi7I=,oJLTvOI/ede3LXkmn9ZxxViSFAc=
20,-5,VkNjx5omt9xzxa+ZlVvU5qSEi7I=,01cHPwzp16JNj7QtW7M1X5JWf5k=
19,-5,VkNjx5omt9xzxa+ZlVvU5qSEi7I=,3kFzkZWOlAieNmFGcyqtFq25anQ=
19,-6,VkNjx5omt9xzxa+ZlVvU5qSEi7I=,rRkj1YUCksww2zQkJRVoZc/CjPA=
19,-1,VkNjx5omt9xzxa+ZlVvU5qSEi7I=,3kFzkZWOlAieNmFGcyqtFq25anQ=
18,-6,VkNjx5omt9xzxa+ZlVvU5qSEi7I=,3kFzkZWOlAieNmFGcyqtFq25anQ=
18,-5,VkNjx5omt9xzxa+ZlVvU5qSEi7I=,rRkj1YUCksww2zQkJRVoZc/CjPA=
18,-1,VkNjx5omt9xzxa+ZlVvU5qSEi7I=,3kFzkZWOlAieNmFGcyqtFq25anQ=
17,-6,VkNjx5omt9xzxa+ZlVvU5qSEi7I=,88QQJbtkqZ/T/EfFD3Y9j84VjTY=
17,-1,XxYpjmPANEtflOTijkVJ4Jo2v40=,88QQJbtkqZ/T/EfFD3Y9j84VjTY=
16,-6,XxYpjmPANEtflOTijkVJ4Jo2v40=,88QQJbtkqZ/T/EfFD3Y9j84VjTY=
16,-1,XxYpjmPANEtflOTijkVJ4Jo2v40=,88QQJbtkqZ/T/EfFD3Y9j84VjTY=
15,-1,XxYpjmPANEtflOTijkVJ4Jo2v40=,LNlZ4tEvOp++N6/kuzoqiEHrgn8=
15,-6,XxYpjmPANEtflOTijkVJ4Jo2v40=,xnyQ8RQ61uAiKVsYf7lKuzNPFxw=
14,-1,XxYpjmPANEtflOTijkVJ4Jo2v40=,vyax/IKwOrIYJsnfXeU3Ww1w0/o=
14,-6,XxYpjmPANEtflOTijkVJ4Jo2v40=,xnyQ8RQ61uAiKVsYf7lKuzNPFxw=
13,-1,XxYpjmPANEtflOTijkVJ4Jo2v40=,dvX+54MOkIc68zgSAjUpUiGnJro=
13,-6,XxYpjmPANEtflOTijkVJ4Jo2v40=,sreoVu6mhr/RuM5PJR4qSKlg1XA=
12,-1,XxYpjmPANEtflOTijkVJ4Jo2v40=,WINS6TLGbClhKDEh7c3VCpsaal0=
12,-6,XxYpjmPANEtflOTijkVJ4Jo2v40=,WINS6TLGbClhKDEh7c3VCpsaal0=
11,-6,XxYpjmPANEtflOTijkVJ4Jo2v40=,fHH7S8Q0CzXBnZfLlkWymlDJYPA=
11,-1,XxYpjmPANEtflOTijkVJ4Jo2v40=,qlP57ca6n2/wnZdFQpNdPtb9KSI=
10,-6,XxYpjmPANEtflOTijkVJ4Jo2v40=,WGSzvbV4lc56A2VbRA3/E8azsBg=
10,-5,XxYpjmPANEtflOTijkVJ4Jo2v40=,o7I21fIWVDuqD9+/4OQpL12SDEY=
9,-5,XxYpjmPANEtflOTijkVJ4Jo2v40=,WGSzvbV4lc56A2VbRA3/E8azsBg=
9,-4,XxYpjmPANEtflOTijkVJ4Jo2v40=,2NZWnCdcTkCNz7IlJmbuVS/1F4g=
8,-4,XxYpjmPANEtflOTijkVJ4Jo2v40=,o7I21fIWVDuqD9+/4OQpL12SDEY=
8,-2,XxYpjmPANEtflOTijkVJ4Jo2v40=,2NZWnCdcTkCNz7IlJmbuVS/1F4g=
8,-1,XxYpjmPANEtflOTijkVJ4Jo2v40=,2NZWnCdcTkCNz7IlJmbuVS/1F4g=
7,-1,XxYpjmPANEtflOTijkVJ4Jo2v40=,P4itZragtpeRHSJKGximSdDVQEY=
7,-2,XxYpjmPANEtflOTijkVJ4Jo2v40=,lPM3rf/DI3oFDCEsELJ1Kbg2L7w=
7,-3,XxYpjmPANEtflOTijkVJ4Jo2v40=,RP/hjeaClQY/1nDT5/YZ+nTqRTk=
7,-4,XxYpjmPANEtflOTijkVJ4Jo2v40=,RP/hjeaClQY/1nDT5/YZ+nTqRTk=
6,-2,XxYpjmPANEtflOTijkVJ4Jo2v40=,juAkYmUaH8b377wDEdCXDNgXf5I=
6,-4,XxYpjmPANEtflOTijkVJ4Jo2v40=,P4itZragtpeRHSJKGximSdDVQEY=
6,-3,XxYpjmPANEtflOTijkVJ4Jo2v40=,juAkYmUaH8b377wDEdCXDNgXf5I=
6,-1,XxYpjmPANEtflOTijkVJ4Jo2v40=,HQfONRrHfZhmHnrMrAJWMXqNAOk=
5,-3,XxYpjmPANEtflOTijkVJ4Jo2v40=,HQfONRrHfZhmHnrMrAJWMXqNAOk=
5,-20,XxYpjmPANEtflOTijkVJ4Jo2v40=,HQfONRrHfZhmHnrMrAJWMXqNAOk=
5,-1,XxYpjmPANEtflOTijkVJ4Jo2v40=,VYuEd/H4b/JsaXDMQ5tJ19/232o=
5,-2,XxYpjmPANEtflOTijkVJ4Jo2v40=,HQfONRrHfZhmHnrMrAJWMXqNAOk=
5,-23,XxYpjmPANEtflOTijkVJ4Jo2v40=,HQfONRrHfZhmHnrMrAJWMXqNAOk=
5,-24,XxYpjmPANEtflOTijkVJ4Jo2v40=,vdhRLoIU9/xGKZBt0+O4eeVg+TU=
5,-21,XxYpjmPANEtflOTijkVJ4Jo2v40=,HQfONRrHfZhmHnrMrAJWMXqNAOk=
5,-22,XxYpjmPANEtflOTijkVJ4Jo2v40=,HQfONRrHfZhmHnrMrAJWMXqNAOk=
4,-3,sySZCeRqLyJK9EdmhD4hlJQxbhc=,8cRuP/k8SnIYpSIoY/OKfOLcqvE=
4,-19,sySZCeRqLyJK9EdmhD4hlJQxbhc=,ENcdg4e+9D+Qyqj3CWQZVGNk+Bo=
4,-2,sySZCeRqLyJK9EdmhD4hlJQxbhc=,ENcdg4e+9D+Qyqj3CWQZVGNk+Bo=
4,-18,sySZCeRqLyJK9EdmhD4hlJQxbhc=,8cRuP/k8SnIYpSIoY/OKfOLcqvE=
4,-1,sySZCeRqLyJK9EdmhD4hlJQxbhc=,8cRuP/k8SnIYpSIoY/OKfOLcqvE=
4,-17,sySZCeRqLyJK9EdmhD4hlJQxbhc=,8cRuP/k8SnIYpSIoY/OKfOLcqvE=
4,-16,sySZCeRqLyJK9EdmhD4hlJQxbhc=,rCy3hwLXSiVte3GypW7fzp5ziyY=
4,-20,sySZCeRqLyJK9EdmhD4hlJQxbhc=,rCy3hwLXSiVte3GypW7fzp5ziyY=
4,-21,sySZCeRqLyJK9EdmhD4hlJQxbhc=,8cRuP/k8SnIYpSIoY/OKfOLcqvE=
3,-15,sySZCeRqLyJK9EdmhD4hlJQxbhc=,yEvqrksW3J/1jjAKMGbYMFKMhng=
3,-16,sySZCeRqLyJK9EdmhD4hlJQxbhc=,rCy3hwLXSiVte3GypW7fzp5ziyY=
3,-2,sySZCeRqLyJK9EdmhD4hlJQxbhc=,lCvJg6Yy4K7FAh5NfFgxxcd5iSs=
3,-3,sySZCeRqLyJK9EdmhD4hlJQxbhc=,lCvJg6Yy4K7FAh5NfFgxxcd5iSs=
2,-14,sySZCeRqLyJK9EdmhD4hlJQxbhc=,yrnRyz3j745tIcLbagaLSxpIga4=
2,-15,sySZCeRqLyJK9EdmhD4hlJQxbhc=,vaNUy6I/3pigEs4l/c8n/XMfcCI=
2,-2,sySZCeRqLyJK9EdmhD4hlJQxbhc=,x6malPaBnvHmp3NTLIygURrje40=
2,-1,sySZCeRqLyJK9EdmhD4hlJQxbhc=,sgXadudnxhNem7kdfl5R+B0aeJo=
2,-3,sySZCeRqLyJK9EdmhD4hlJQxbhc=,vaNUy6I/3pigEs4l/c8n/XMfcCI=
2,-13,sySZCeRqLyJK9EdmhD4hlJQxbhc=,yrnRyz3j745tIcLbagaLSxpIga4=
2,-12,sySZCeRqLyJK9EdmhD4hlJQxbhc=,vaNUy6I/3pigEs4l/c8n/XMfcCI=
1,-12,sySZCeRqLyJK9EdmhD4hlJQxbhc=,yrnRyz3j745tIcLbagaLSxpIga4=
1,-3,sySZCeRqLyJK9EdmhD4hlJQxbhc=,F/UlaLiWiLPYwCOBchaxRAiwgoY=
1,-1,sySZCeRqLyJK9EdmhD4hlJQxbhc=,wJ+51TkUk0Dk9GxIslLGOFCNXjE=
1,-2,sySZCeRqLyJK9EdmhD4hlJQxbhc=,wJ+51TkUk0Dk9GxIslLGOFCNXjE=
1,-11,sySZCeRqLyJK9EdmhD4hlJQxbhc=,F/UlaLiWiLPYwCOBchaxRAiwgoY=
1,-10,sySZCeRqLyJK9EdmhD4hlJQxbhc=,F/UlaLiWiLPYwCOBchaxRAiwgoY=
0,-10,sySZCeRqLyJK9EdmhD4hlJQxbhc=,CtvT7SJUeJbKOvxCqBoaSzBGAyU=
0,-9,sySZCeRqLyJK9EdmhD4hlJQxbhc=,F/UlaLiWiLPYwCOBchaxRAiwgoY=
0,-8,sySZCeRqLyJK9EdmhD4hlJQxbhc=,7OOCqljWONKjX+u8yPmyyeJgHNs=
0,-7,sySZCeRqLyJK9EdmhD4hlJQxbhc=,RYBbqE8FBH+D8Rwk58LCoqW181g=
0,-6,sySZCeRqLyJK9EdmhD4hlJQxbhc=,7OOCqljWONKjX+u8yPmyyeJgHNs=
0,-5,sySZCeRqLyJK9EdmhD4hlJQxbhc=,znxxOGcs6dESaCBXghEGmT2H9lw=
0,-3,sySZCeRqLyJK9EdmhD4hlJQxbhc=,znxxOGcs6dESaCBXghEGmT2H9lw=
0,-2,sySZCeRqLyJK9EdmhD4hlJQxbhc=,nfw3rBJCXK0ic0mJoUTRrRNC56Q=
0,-1,sySZCeRqLyJK9EdmhD4hlJQxbhc=,nfw3rBJCXK0ic0mJoUTRrRNC56Q=
0,-15,sySZCeRqLyJK9EdmhD4hlJQxbhc=,3qAjeaHT9wl9zo4oAhsCK/iUfcA=
0,-14,sySZCeRqLyJK9EdmhD4hlJQxbhc=,EwnFT6s+3jC4ausaYqbHsequDvE=
0,-13,sySZCeRqLyJK9EdmhD4hlJQxbhc=,EwnFT6s+3jC4ausaYqbHsequDvE=
0,-12,sySZCeRqLyJK9EdmhD4hlJQxbhc=,EwnFT6s+3jC4ausaYqbHsequDvE=
0,-11,sySZCeRqLyJK9EdmhD4hlJQxbhc=,EwnFT6s+3jC4ausaYqbHsequDvE=
0,-4,sySZCeRqLyJK9EdmhD4hlJQxbhc=,EwnFT6s+3jC4ausaYqbHsequDvE=
