28,-6,P4b7Y5cASAo0v3yMxK50bS4yYOs=,kiv/3qGnbGKc4bKwmvyh9p4LQKc=
28,-5,P4b7Y5cASAo0v3yMxK50bS4yYOs=,kiv/3qGnbGKc4bKwmvyh9p4LQKc=
27,-5,P4b7Y5cASAo0v3yMxK50bS4yYOs=,kiv/3qGnbGKc4bKwmvyh9p4LQKc=
26,-7,P4b7Y5cASAo0v3yMxK50bS4yYOs=,kiv/3qGnbGKc4bKwmvyh9p4LQKc=
29,-5,P4b7Y5cASAo0v3yMxK50bS4yYOs=,kiv/3qGnbGKc4bKwmvyh9p4LQKc=
25,-7,P4b7Y5cASAo0v3yMxK50bS4yYOs=,kiv/3qGnbGKc4bKwmvyh9p4LQKc=
26,-5,P4b7Y5cASAo0v3yMxK50bS4yYOs=,kiv/3qGnbGKc4bKwmvyh9p4LQKc=
27,-7,P4b7Y5cASAo0v3yMxK50bS4yYOs=,kiv/3qGnbGKc4bKwmvyh9p4LQKc=
27,-6,P4b7Y5cASAo0v3yMxK50bS4yYOs=,kiv/3qGnbGKc4bKwmvyh9p4LQKc=
25,-5,P4b7Y5cASAo0v3yMxK50bS4yYOs=,kiv/3qGnbGKc4bKwmvyh9p4LQKc=
29,-2,P4b7Y5cASAo0v3yMxK50bS4yYOs=,kiv/3qGnbGKc4bKwmvyh9p4LQKc=
30,-2,P4b7Y5cASAo0v3yMxK50bS4yYOs=,kiv/3qGnbGKc4bKwmvyh9p4LQKc=
26,-6,P4b7Y5cASAo0v3yMxK50bS4yYOs=,kiv/3qGnbGKc4bKwmvyh9p4LQKc=
28,-2,P4b7Y5cASAo0v3yMxK50bS4yYOs=,kiv/3qGnbGKc4bKwmvyh9p4LQKc=
27,-2,P4b7Y5cASAo0v3yMxK50bS4yYOs=,kiv/3qGnbGKc4bKwmvyh9p4LQKc=
26,-2,P4b7Y5cASAo0v3yMxK50bS4yYOs=,kiv/3qGnbGKc4bKwmvyh9p4LQKc=
30,-3,P4b7Y5cASAo0v3yMxK50bS4yYOs=,kiv/3qGnbGKc4bKwmvyh9p4LQKc=
29,-3,P4b7Y5cASAo0v3yMxK50bS4yYOs=,kiv/3qGnbGKc4bKwmvyh9p4LQKc=
30,-7,P4b7Y5cASAo0v3yMxK50bS4yYOs=,kiv/3qGnbGKc4bKwmvyh9p4LQKc=
30,-6,P4b7Y5cASAo0v3yMxK50bS4yYOs=,kiv/3qGnbGKc4bKwmvyh9p4LQKc=
25,-2,P4b7Y5cASAo0v3yMxK50bS4yYOs=,kiv/3qGnbGKc4bKwmvyh9p4LQKc=
29,-7,P4b7Y5cASAo0v3yMxK50bS4yYOs=,kiv/3qGnbGKc4bKwmvyh9p4LQKc=
25,-6,P4b7Y5cASAo0v3yMxK50bS4yYOs=,kiv/3qGnbGKc4bKwmvyh9p4LQKc=
29,-6,P4b7Y5cASAo0v3yMxK50bS4yYOs=,kiv/3qGnbGKc4bKwmvyh9p4LQKc=
25,-3,P4b7Y5cASAo0v3yMxK50bS4yYOs=,kiv/3qGnbGKc4bKwmvyh9p4LQKc=
28,-3,P4b7Y5cASAo0v3yMxK50bS4yYOs=,kiv/3qGnbGKc4bKwmvyh9p4LQKc=
27,-3,P4b7Y5cASAo0v3yMxK50bS4yYOs=,kiv/3qGnbGKc4bKwmvyh9p4LQKc=
27,-4,P4b7Y5cASAo0v3yMxK50bS4yYOs=,kiv/3qGnbGKc4bKwmvyh9p4LQKc=
28,-4,P4b7Y5cASAo0v3yMxK50bS4yYOs=,kiv/3qGnbGKc4bKwmvyh9p4LQKc=
28,-7,P4b7Y5cASAo0v3yMxK50bS4yYOs=,kiv/3qGnbGKc4bKwmvyh9p4LQKc=
30,-4,P4b7Y5cASAo0v3yMxK50bS4yYOs=,kiv/3qGnbGKc4bKwmvyh9p4LQKc=
29,-4,P4b7Y5cASAo0v3yMxK50bS4yYOs=,kiv/3qGnbGKc4bKwmvyh9p4LQKc=
30,-5,P4b7Y5cASAo0v3yMxK50bS4yYOs=,kiv/3qGnbGKc4bKwmvyh9p4LQKc=
25,-4,P4b7Y5cASAo0v3yMxK50bS4yYOs=,kiv/3qGnbGKc4bKwmvyh9p4LQKc=
26,-3,P4b7Y5cASAo0v3yMxK50bS4yYOs=,kiv/3qGnbGKc4bKwmvyh9p4LQKc=
26,-4,P4b7Y5cASAo0v3yMxK50bS4yYOs=,kiv/3qGnbGKc4bKwmvyh9p4LQKc=
28,-1,P4b7Y5cASAo0v3yMxK50bS4yYOs=,kiv/3qGnbGKc4bKwmvyh9p4LQKc=
29,-1,P4b7Y5cASAo0v3yMxK50bS4yYOs=,kiv/3qGnbGKc4bKwmvyh9p4LQKc=
30,-1,P4b7Y5cASAo0v3yMxK50bS4yYOs=,kiv/3qGnbGKc4bKwmvyh9p4LQKc=
25,-1,P4b7Y5cASAo0v3yMxK50bS4yYOs=,kiv/3qGnbGKc4bKwmvyh9p4LQKc=
26,-1,P4b7Y5cASAo0v3yMxK50bS4yYOs=,kiv/3qGnbGKc4bKwmvyh9p4LQKc=
27,-1,P4b7Y5cASAo0v3yMxK50bS4yYOs=,kiv/3qGnbGKc4bKwmvyh9p4LQKc=
31,-5,T8V0hXdQ2loBfUG6nbTGPWymDh0=,kiv/3qGnbGKc4bKwmvyh9p4LQKc=
31,-3,T8V0hXdQ2loBfUG6nbTGPWymDh0=,kiv/3qGnbGKc4bKwmvyh9p4LQKc=
31,-4,T8V0hXdQ2loBfUG6nbTGPWymDh0=,kiv/3qGnbGKc4bKwmvyh9p4LQKc=
31,-7,T8V0hXdQ2loBfUG6nbTGPWymDh0=,kiv/3qGnbGKc4bKwmvyh9p4LQKc=
31,-6,T8V0hXdQ2loBfUG6nbTGPWymDh0=,kiv/3qGnbGKc4bKwmvyh9p4LQKc=
31,-2,T8V0hXdQ2loBfUG6nbTGPWymDh0=,kiv/3qGnbGKc4bKwmvyh9p4LQKc=
31,-1,T8V0hXdQ2loBfUG6nbTGPWymDh0=,kiv/3qGnbGKc4bKwmvyh9p4LQKc=
28,-8,T8V0hXdQ2loBfUG6nbTGPWymDh0=,kiv/3qGnbGKc4bKwmvyh9p4LQKc=
29,-8,T8V0hXdQ2loBfUG6nbTGPWymDh0=,kiv/3qGnbGKc4bKwmvyh9p4LQKc=
30,-8,T8V0hXdQ2loBfUG6nbTGPWymDh0=,kiv/3qGnbGKc4bKwmvyh9p4LQKc=
28,-9,T8V0hXdQ2loBfUG6nbTGPWymDh0=,FG9m2u/VVjeb5IXsgX6EBANQN4o=
26,-8,T8V0hXdQ2loBfUG6nbTGPWymDh0=,kiv/3qGnbGKc4bKwmvyh9p4LQKc=
29,-9,T8V0hXdQ2loBfUG6nbTGPWymDh0=,FG9m2u/VVjeb5IXsgX6EBANQN4o=
30,-9,T8V0hXdQ2loBfUG6nbTGPWymDh0=,FG9m2u/VVjeb5IXsgX6EBANQN4o=
25,-16,T8V0hXdQ2loBfUG6nbTGPWymDh0=,FG9m2u/VVjeb5IXsgX6EBANQN4o=
26,-16,T8V0hXdQ2loBfUG6nbTGPWymDh0=,FG9m2u/VVjeb5IXsgX6EBANQN4o=
31,-9,T8V0hXdQ2loBfUG6nbTGPWymDh0=,FG9m2u/VVjeb5IXsgX6EBANQN4o=
27,-16,T8V0hXdQ2loBfUG6nbTGPWymDh0=,FG9m2u/VVjeb5IXsgX6EBANQN4o=
28,-16,T8V0hXdQ2loBfUG6nbTGPWymDh0=,FG9m2u/VVjeb5IXsgX6EBANQN4o=
29,-16,T8V0hXdQ2loBfUG6nbTGPWymDh0=,FG9m2u/VVjeb5IXsgX6EBANQN4o=
27,-9,T8V0hXdQ2loBfUG6nbTGPWymDh0=,FG9m2u/VVjeb5IXsgX6EBANQN4o=
27,-8,T8V0hXdQ2loBfUG6nbTGPWymDh0=,kiv/3qGnbGKc4bKwmvyh9p4LQKc=
30,-16,T8V0hXdQ2loBfUG6nbTGPWymDh0=,FG9m2u/VVjeb5IXsgX6EBANQN4o=
31,-16,T8V0hXdQ2loBfUG6nbTGPWymDh0=,FG9m2u/VVjeb5IXsgX6EBANQN4o=
25,-15,T8V0hXdQ2loBfUG6nbTGPWymDh0=,FG9m2u/VVjeb5IXsgX6EBANQN4o=
26,-9,T8V0hXdQ2loBfUG6nbTGPWymDh0=,FG9m2u/VVjeb5IXsgX6EBANQN4o=
26,-15,T8V0hXdQ2loBfUG6nbTGPWymDh0=,FG9m2u/VVjeb5IXsgX6EBANQN4o=
27,-15,T8V0hXdQ2loBfUG6nbTGPWymDh0=,FG9m2u/VVjeb5IXsgX6EBANQN4o=
25,-9,T8V0hXdQ2loBfUG6nbTGPWymDh0=,FG9m2u/VVjeb5IXsgX6EBANQN4o=
28,-15,T8V0hXdQ2loBfUG6nbTGPWymDh0=,FG9m2u/VVjeb5IXsgX6EBANQN4o=
29,-15,T8V0hXdQ2loBfUG6nbTGPWymDh0=,FG9m2u/VVjeb5IXsgX6EBANQN4o=
30,-15,T8V0hXdQ2loBfUG6nbTGPWymDh0=,FG9m2u/VVjeb5IXsgX6EBANQN4o=
31,-15,T8V0hXdQ2loBfUG6nbTGPWymDh0=,FG9m2u/VVjeb5IXsgX6EBANQN4o=
31,-10,T8V0hXdQ2loBfUG6nbTGPWymDh0=,FG9m2u/VVjeb5IXsgX6EBANQN4o=
30,-10,T8V0hXdQ2loBfUG6nbTGPWymDh0=,FG9m2u/VVjeb5IXsgX6EBANQN4o=
29,-10,T8V0hXdQ2loBfUG6nbTGPWymDh0=,FG9m2u/VVjeb5IXsgX6EBANQN4o=
25,-14,T8V0hXdQ2loBfUG6nbTGPWymDh0=,FG9m2u/VVjeb5IXsgX6EBANQN4o=
26,-14,T8V0hXdQ2loBfUG6nbTGPWymDh0=,FG9m2u/VVjeb5IXsgX6EBANQN4o=
27,-14,T8V0hXdQ2loBfUG6nbTGPWymDh0=,FG9m2u/VVjeb5IXsgX6EBANQN4o=
28,-14,T8V0hXdQ2loBfUG6nbTGPWymDh0=,FG9m2u/VVjeb5IXsgX6EBANQN4o=
29,-14,T8V0hXdQ2loBfUG6nbTGPWymDh0=,FG9m2u/VVjeb5IXsgX6EBANQN4o=
30,-14,T8V0hXdQ2loBfUG6nbTGPWymDh0=,FG9m2u/VVjeb5IXsgX6EBANQN4o=
28,-10,T8V0hXdQ2loBfUG6nbTGPWymDh0=,FG9m2u/VVjeb5IXsgX6EBANQN4o=
31,-14,T8V0hXdQ2loBfUG6nbTGPWymDh0=,FG9m2u/VVjeb5IXsgX6EBANQN4o=
27,-10,T8V0hXdQ2loBfUG6nbTGPWymDh0=,FG9m2u/VVjeb5IXsgX6EBANQN4o=
31,-8,T8V0hXdQ2loBfUG6nbTGPWymDh0=,kiv/3qGnbGKc4bKwmvyh9p4LQKc=
26,-10,T8V0hXdQ2loBfUG6nbTGPWymDh0=,FG9m2u/VVjeb5IXsgX6EBANQN4o=
25,-10,T8V0hXdQ2loBfUG6nbTGPWymDh0=,FG9m2u/VVjeb5IXsgX6EBANQN4o=
25,-13,T8V0hXdQ2loBfUG6nbTGPWymDh0=,FG9m2u/VVjeb5IXsgX6EBANQN4o=
25,-8,T8V0hXdQ2loBfUG6nbTGPWymDh0=,kiv/3qGnbGKc4bKwmvyh9p4LQKc=
31,-11,T8V0hXdQ2loBfUG6nbTGPWymDh0=,FG9m2u/VVjeb5IXsgX6EBANQN4o=
28,-11,T8V0hXdQ2loBfUG6nbTGPWymDh0=,FG9m2u/VVjeb5IXsgX6EBANQN4o=
30,-11,T8V0hXdQ2loBfUG6nbTGPWymDh0=,FG9m2u/VVjeb5IXsgX6EBANQN4o=
27,-11,T8V0hXdQ2loBfUG6nbTGPWymDh0=,FG9m2u/VVjeb5IXsgX6EBANQN4o=
26,-13,T8V0hXdQ2loBfUG6nbTGPWymDh0=,FG9m2u/VVjeb5IXsgX6EBANQN4o=
29,-11,T8V0hXdQ2loBfUG6nbTGPWymDh0=,FG9m2u/VVjeb5IXsgX6EBANQN4o=
26,-11,T8V0hXdQ2loBfUG6nbTGPWymDh0=,FG9m2u/VVjeb5IXsgX6EBANQN4o=
25,-11,T8V0hXdQ2loBfUG6nbTGPWymDh0=,FG9m2u/VVjeb5IXsgX6EBANQN4o=
31,-12,T8V0hXdQ2loBfUG6nbTGPWymDh0=,FG9m2u/VVjeb5IXsgX6EBANQN4o=
31,-13,T8V0hXdQ2loBfUG6nbTGPWymDh0=,FG9m2u/VVjeb5IXsgX6EBANQN4o=
29,-12,T8V0hXdQ2loBfUG6nbTGPWymDh0=,FG9m2u/VVjeb5IXsgX6EBANQN4o=
30,-13,T8V0hXdQ2loBfUG6nbTGPWymDh0=,FG9m2u/VVjeb5IXsgX6EBANQN4o=
28,-12,T8V0hXdQ2loBfUG6nbTGPWymDh0=,FG9m2u/VVjeb5IXsgX6EBANQN4o=
29,-13,T8V0hXdQ2loBfUG6nbTGPWymDh0=,FG9m2u/VVjeb5IXsgX6EBANQN4o=
30,-12,T8V0hXdQ2loBfUG6nbTGPWymDh0=,FG9m2u/VVjeb5IXsgX6EBANQN4o=
27,-13,T8V0hXdQ2loBfUG6nbTGPWymDh0=,FG9m2u/VVjeb5IXsgX6EBANQN4o=
28,-13,T8V0hXdQ2loBfUG6nbTGPWymDh0=,FG9m2u/VVjeb5IXsgX6EBANQN4o=
27,-12,T8V0hXdQ2loBfUG6nbTGPWymDh0=,FG9m2u/VVjeb5IXsgX6EBANQN4o=
26,-12,T8V0hXdQ2loBfUG6nbTGPWymDh0=,FG9m2u/VVjeb5IXsgX6EBANQN4o=
25,-12,T8V0hXdQ2loBfUG6nbTGPWymDh0=,FG9m2u/VVjeb5IXsgX6EBANQN4o=
20,-11,T8V0hXdQ2loBfUG6nbTGPWymDh0=,pyq5OzdOrvtMfShFDIopenbV3LA=
19,-11,T8V0hXdQ2loBfUG6nbTGPWymDh0=,pyq5OzdOrvtMfShFDIopenbV3LA=
18,-11,T8V0hXdQ2loBfUG6nbTGPWymDh0=,pyq5OzdOrvtMfShFDIopenbV3LA=
17,-11,T8V0hXdQ2loBfUG6nbTGPWymDh0=,pyq5OzdOrvtMfShFDIopenbV3LA=
21,-11,T8V0hXdQ2loBfUG6nbTGPWymDh0=,pyq5OzdOrvtMfShFDIopenbV3LA=
23,-12,T8V0hXdQ2loBfUG6nbTGPWymDh0=,pyq5OzdOrvtMfShFDIopenbV3LA=
24,-10,T8V0hXdQ2loBfUG6nbTGPWymDh0=,FG9m2u/VVjeb5IXsgX6EBANQN4o=
20,-12,T8V0hXdQ2loBfUG6nbTGPWymDh0=,pyq5OzdOrvtMfShFDIopenbV3LA=
19,-12,T8V0hXdQ2loBfUG6nbTGPWymDh0=,pyq5OzdOrvtMfShFDIopenbV3LA=
22,-11,T8V0hXdQ2loBfUG6nbTGPWymDh0=,pyq5OzdOrvtMfShFDIopenbV3LA=
18,-12,T8V0hXdQ2loBfUG6nbTGPWymDh0=,pyq5OzdOrvtMfShFDIopenbV3LA=
17,-12,T8V0hXdQ2loBfUG6nbTGPWymDh0=,pyq5OzdOrvtMfShFDIopenbV3LA=
16,-11,T8V0hXdQ2loBfUG6nbTGPWymDh0=,pyq5OzdOrvtMfShFDIopenbV3LA=
24,-11,T8V0hXdQ2loBfUG6nbTGPWymDh0=,FG9m2u/VVjeb5IXsgX6EBANQN4o=
16,-12,T8V0hXdQ2loBfUG6nbTGPWymDh0=,pyq5OzdOrvtMfShFDIopenbV3LA=
21,-12,T8V0hXdQ2loBfUG6nbTGPWymDh0=,pyq5OzdOrvtMfShFDIopenbV3LA=
22,-12,T8V0hXdQ2loBfUG6nbTGPWymDh0=,pyq5OzdOrvtMfShFDIopenbV3LA=
23,-11,T8V0hXdQ2loBfUG6nbTGPWymDh0=,pyq5OzdOrvtMfShFDIopenbV3LA=
24,-16,T8V0hXdQ2loBfUG6nbTGPWymDh0=,FG9m2u/VVjeb5IXsgX6EBANQN4o=
21,-13,T8V0hXdQ2loBfUG6nbTGPWymDh0=,pyq5OzdOrvtMfShFDIopenbV3LA=
24,-13,T8V0hXdQ2loBfUG6nbTGPWymDh0=,FG9m2u/VVjeb5IXsgX6EBANQN4o=
23,-13,T8V0hXdQ2loBfUG6nbTGPWymDh0=,pyq5OzdOrvtMfShFDIopenbV3LA=
22,-13,T8V0hXdQ2loBfUG6nbTGPWymDh0=,pyq5OzdOrvtMfShFDIopenbV3LA=
20,-13,T8V0hXdQ2loBfUG6nbTGPWymDh0=,pyq5OzdOrvtMfShFDIopenbV3LA=
16,-10,T8V0hXdQ2loBfUG6nbTGPWymDh0=,pyq5OzdOrvtMfShFDIopenbV3LA=
18,-13,T8V0hXdQ2loBfUG6nbTGPWymDh0=,pyq5OzdOrvtMfShFDIopenbV3LA=
19,-13,T8V0hXdQ2loBfUG6nbTGPWymDh0=,pyq5OzdOrvtMfShFDIopenbV3LA=
17,-13,T8V0hXdQ2loBfUG6nbTGPWymDh0=,pyq5OzdOrvtMfShFDIopenbV3LA=
16,-13,T8V0hXdQ2loBfUG6nbTGPWymDh0=,pyq5OzdOrvtMfShFDIopenbV3LA=
17,-10,T8V0hXdQ2loBfUG6nbTGPWymDh0=,pyq5OzdOrvtMfShFDIopenbV3LA=
24,-15,T8V0hXdQ2loBfUG6nbTGPWymDh0=,FG9m2u/VVjeb5IXsgX6EBANQN4o=
24,-12,T8V0hXdQ2loBfUG6nbTGPWymDh0=,FG9m2u/VVjeb5IXsgX6EBANQN4o=
22,-14,T8V0hXdQ2loBfUG6nbTGPWymDh0=,pyq5OzdOrvtMfShFDIopenbV3LA=
18,-10,T8V0hXdQ2loBfUG6nbTGPWymDh0=,pyq5OzdOrvtMfShFDIopenbV3LA=
24,-14,T8V0hXdQ2loBfUG6nbTGPWymDh0=,FG9m2u/VVjeb5IXsgX6EBANQN4o=
23,-14,T8V0hXdQ2loBfUG6nbTGPWymDh0=,pyq5OzdOrvtMfShFDIopenbV3LA=
19,-14,T8V0hXdQ2loBfUG6nbTGPWymDh0=,pyq5OzdOrvtMfShFDIopenbV3LA=
18,-14,T8V0hXdQ2loBfUG6nbTGPWymDh0=,pyq5OzdOrvtMfShFDIopenbV3LA=
19,-10,T8V0hXdQ2loBfUG6nbTGPWymDh0=,pyq5OzdOrvtMfShFDIopenbV3LA=
20,-14,T8V0hXdQ2loBfUG6nbTGPWymDh0=,pyq5OzdOrvtMfShFDIopenbV3LA=
16,-14,T8V0hXdQ2loBfUG6nbTGPWymDh0=,pyq5OzdOrvtMfShFDIopenbV3LA=
21,-14,T8V0hXdQ2loBfUG6nbTGPWymDh0=,pyq5OzdOrvtMfShFDIopenbV3LA=
23,-15,T8V0hXdQ2loBfUG6nbTGPWymDh0=,pyq5OzdOrvtMfShFDIopenbV3LA=
20,-10,T8V0hXdQ2loBfUG6nbTGPWymDh0=,pyq5OzdOrvtMfShFDIopenbV3LA=
22,-15,T8V0hXdQ2loBfUG6nbTGPWymDh0=,pyq5OzdOrvtMfShFDIopenbV3LA=
21,-15,T8V0hXdQ2loBfUG6nbTGPWymDh0=,pyq5OzdOrvtMfShFDIopenbV3LA=
20,-15,T8V0hXdQ2loBfUG6nbTGPWymDh0=,pyq5OzdOrvtMfShFDIopenbV3LA=
19,-15,T8V0hXdQ2loBfUG6nbTGPWymDh0=,pyq5OzdOrvtMfShFDIopenbV3LA=
17,-14,T8V0hXdQ2loBfUG6nbTGPWymDh0=,pyq5OzdOrvtMfShFDIopenbV3LA=
21,-10,T8V0hXdQ2loBfUG6nbTGPWymDh0=,pyq5OzdOrvtMfShFDIopenbV3LA=
18,-15,T8V0hXdQ2loBfUG6nbTGPWymDh0=,pyq5OzdOrvtMfShFDIopenbV3LA=
17,-15,T8V0hXdQ2loBfUG6nbTGPWymDh0=,pyq5OzdOrvtMfShFDIopenbV3LA=
23,-16,T8V0hXdQ2loBfUG6nbTGPWymDh0=,pyq5OzdOrvtMfShFDIopenbV3LA=
22,-16,T8V0hXdQ2loBfUG6nbTGPWymDh0=,pyq5OzdOrvtMfShFDIopenbV3LA=
21,-16,T8V0hXdQ2loBfUG6nbTGPWymDh0=,pyq5OzdOrvtMfShFDIopenbV3LA=
16,-15,T8V0hXdQ2loBfUG6nbTGPWymDh0=,pyq5OzdOrvtMfShFDIopenbV3LA=
22,-10,T8V0hXdQ2loBfUG6nbTGPWymDh0=,pyq5OzdOrvtMfShFDIopenbV3LA=
20,-16,T8V0hXdQ2loBfUG6nbTGPWymDh0=,pyq5OzdOrvtMfShFDIopenbV3LA=
19,-16,T8V0hXdQ2loBfUG6nbTGPWymDh0=,pyq5OzdOrvtMfShFDIopenbV3LA=
23,-10,T8V0hXdQ2loBfUG6nbTGPWymDh0=,pyq5OzdOrvtMfShFDIopenbV3LA=
18,-16,T8V0hXdQ2loBfUG6nbTGPWymDh0=,pyq5OzdOrvtMfShFDIopenbV3LA=
17,-16,T8V0hXdQ2loBfUG6nbTGPWymDh0=,pyq5OzdOrvtMfShFDIopenbV3LA=
16,-16,T8V0hXdQ2loBfUG6nbTGPWymDh0=,pyq5OzdOrvtMfShFDIopenbV3LA=
24,-9,SkNbDX6z9cmVPU3kCJigm6MC8r0=,FG9m2u/VVjeb5IXsgX6EBANQN4o=
23,-1,SkNbDX6z9cmVPU3kCJigm6MC8r0=,P6Xcm+9fNYAv052Pcl9K3e2gToY=
22,-1,SkNbDX6z9cmVPU3kCJigm6MC8r0=,P6Xcm+9fNYAv052Pcl9K3e2gToY=
20,-5,SkNbDX6z9cmVPU3kCJigm6MC8r0=,P6Xcm+9fNYAv052Pcl9K3e2gToY=
19,-5,SkNbDX6z9cmVPU3kCJigm6MC8r0=,P6Xcm+9fNYAv052Pcl9K3e2gToY=
18,-5,SkNbDX6z9cmVPU3kCJigm6MC8r0=,P6Xcm+9fNYAv052Pcl9K3e2gToY=
21,-1,SkNbDX6z9cmVPU3kCJigm6MC8r0=,P6Xcm+9fNYAv052Pcl9K3e2gToY=
24,-8,SkNbDX6z9cmVPU3kCJigm6MC8r0=,kiv/3qGnbGKc4bKwmvyh9p4LQKc=
17,-5,SkNbDX6z9cmVPU3kCJigm6MC8r0=,P6Xcm+9fNYAv052Pcl9K3e2gToY=
16,-5,SkNbDX6z9cmVPU3kCJigm6MC8r0=,P6Xcm+9fNYAv052Pcl9K3e2gToY=
23,-6,SkNbDX6z9cmVPU3kCJigm6MC8r0=,P6Xcm+9fNYAv052Pcl9K3e2gToY=
24,-1,SkNbDX6z9cmVPU3kCJigm6MC8r0=,kiv/3qGnbGKc4bKwmvyh9p4LQKc=
21,-5,SkNbDX6z9cmVPU3kCJigm6MC8r0=,P6Xcm+9fNYAv052Pcl9K3e2gToY=
22,-6,SkNbDX6z9cmVPU3kCJigm6MC8r0=,P6Xcm+9fNYAv052Pcl9K3e2gToY=
24,-7,SkNbDX6z9cmVPU3kCJigm6MC8r0=,kiv/3qGnbGKc4bKwmvyh9p4LQKc=
20,-1,SkNbDX6z9cmVPU3kCJigm6MC8r0=,P6Xcm+9fNYAv052Pcl9K3e2gToY=
21,-6,SkNbDX6z9cmVPU3kCJigm6MC8r0=,P6Xcm+9fNYAv052Pcl9K3e2gToY=
22,-5,SkNbDX6z9cmVPU3kCJigm6MC8r0=,P6Xcm+9fNYAv052Pcl9K3e2gToY=
19,-1,SkNbDX6z9cmVPU3kCJigm6MC8r0=,P6Xcm+9fNYAv052Pcl9K3e2gToY=
20,-6,SkNbDX6z9cmVPU3kCJigm6MC8r0=,P6Xcm+9fNYAv052Pcl9K3e2gToY=
19,-6,SkNbDX6z9cmVPU3kCJigm6MC8r0=,P6Xcm+9fNYAv052Pcl9K3e2gToY=
18,-1,SkNbDX6z9cmVPU3kCJigm6MC8r0=,P6Xcm+9fNYAv052Pcl9K3e2gToY=
24,-4,SkNbDX6z9cmVPU3kCJigm6MC8r0=,kiv/3qGnbGKc4bKwmvyh9p4LQKc=
18,-6,SkNbDX6z9cmVPU3kCJigm6MC8r0=,P6Xcm+9fNYAv052Pcl9K3e2gToY=
17,-1,SkNbDX6z9cmVPU3kCJigm6MC8r0=,P6Xcm+9fNYAv052Pcl9K3e2gToY=
23,-2,SkNbDX6z9cmVPU3kCJigm6MC8r0=,P6Xcm+9fNYAv052Pcl9K3e2gToY=
16,-1,SkNbDX6z9cmVPU3kCJigm6MC8r0=,P6Xcm+9fNYAv052Pcl9K3e2gToY=
23,-5,SkNbDX6z9cmVPU3kCJigm6MC8r0=,P6Xcm+9fNYAv052Pcl9K3e2gToY=
23,-7,SkNbDX6z9cmVPU3kCJigm6MC8r0=,P6Xcm+9fNYAv052Pcl9K3e2gToY=
16,-6,SkNbDX6z9cmVPU3kCJigm6MC8r0=,P6Xcm+9fNYAv052Pcl9K3e2gToY=
17,-6,SkNbDX6z9cmVPU3kCJigm6MC8r0=,P6Xcm+9fNYAv052Pcl9K3e2gToY=
22,-7,SkNbDX6z9cmVPU3kCJigm6MC8r0=,P6Xcm+9fNYAv052Pcl9K3e2gToY=
16,-4,SkNbDX6z9cmVPU3kCJigm6MC8r0=,P6Xcm+9fNYAv052Pcl9K3e2gToY=
24,-5,SkNbDX6z9cmVPU3kCJigm6MC8r0=,kiv/3qGnbGKc4bKwmvyh9p4LQKc=
22,-2,SkNbDX6z9cmVPU3kCJigm6MC8r0=,P6Xcm+9fNYAv052Pcl9K3e2gToY=
21,-7,SkNbDX6z9cmVPU3kCJigm6MC8r0=,P6Xcm+9fNYAv052Pcl9K3e2gToY=
21,-2,SkNbDX6z9cmVPU3kCJigm6MC8r0=,P6Xcm+9fNYAv052Pcl9K3e2gToY=
20,-2,SkNbDX6z9cmVPU3kCJigm6MC8r0=,P6Xcm+9fNYAv052Pcl9K3e2gToY=
17,-4,SkNbDX6z9cmVPU3kCJigm6MC8r0=,P6Xcm+9fNYAv052Pcl9K3e2gToY=
20,-7,SkNbDX6z9cmVPU3kCJigm6MC8r0=,P6Xcm+9fNYAv052Pcl9K3e2gToY=
19,-2,SkNbDX6z9cmVPU3kCJigm6MC8r0=,P6Xcm+9fNYAv052Pcl9K3e2gToY=
18,-2,SkNbDX6z9cmVPU3kCJigm6MC8r0=,P6Xcm+9fNYAv052Pcl9K3e2gToY=
19,-7,SkNbDX6z9cmVPU3kCJigm6MC8r0=,P6Xcm+9fNYAv052Pcl9K3e2gToY=
16,-9,SkNbDX6z9cmVPU3kCJigm6MC8r0=,pyq5OzdOrvtMfShFDIopenbV3LA=
17,-2,SkNbDX6z9cmVPU3kCJigm6MC8r0=,P6Xcm+9fNYAv052Pcl9K3e2gToY=
16,-2,SkNbDX6z9cmVPU3kCJigm6MC8r0=,P6Xcm+9fNYAv052Pcl9K3e2gToY=
23,-3,SkNbDX6z9cmVPU3kCJigm6MC8r0=,P6Xcm+9fNYAv052Pcl9K3e2gToY=
22,-3,SkNbDX6z9cmVPU3kCJigm6MC8r0=,P6Xcm+9fNYAv052Pcl9K3e2gToY=
19,-3,SkNbDX6z9cmVPU3kCJigm6MC8r0=,P6Xcm+9fNYAv052Pcl9K3e2gToY=
21,-3,SkNbDX6z9cmVPU3kCJigm6MC8r0=,P6Xcm+9fNYAv052Pcl9K3e2gToY=
18,-7,SkNbDX6z9cmVPU3kCJigm6MC8r0=,P6Xcm+9fNYAv052Pcl9K3e2gToY=
17,-7,SkNbDX6z9cmVPU3kCJigm6MC8r0=,P6Xcm+9fNYAv052Pcl9K3e2gToY=
24,-6,SkNbDX6z9cmVPU3kCJigm6MC8r0=,kiv/3qGnbGKc4bKwmvyh9p4LQKc=
20,-3,SkNbDX6z9cmVPU3kCJigm6MC8r0=,P6Xcm+9fNYAv052Pcl9K3e2gToY=
24,-2,SkNbDX6z9cmVPU3kCJigm6MC8r0=,kiv/3qGnbGKc4bKwmvyh9p4LQKc=
16,-7,SkNbDX6z9cmVPU3kCJigm6MC8r0=,P6Xcm+9fNYAv052Pcl9K3e2gToY=
23,-8,SkNbDX6z9cmVPU3kCJigm6MC8r0=,P6Xcm+9fNYAv052Pcl9K3e2gToY=
22,-8,SkNbDX6z9cmVPU3kCJigm6MC8r0=,P6Xcm+9fNYAv052Pcl9K3e2gToY=
20,-8,SkNbDX6z9cmVPU3kCJigm6MC8r0=,P6Xcm+9fNYAv052Pcl9K3e2gToY=
21,-8,SkNbDX6z9cmVPU3kCJigm6MC8r0=,P6Xcm+9fNYAv052Pcl9K3e2gToY=
19,-8,SkNbDX6z9cmVPU3kCJigm6MC8r0=,P6Xcm+9fNYAv052Pcl9K3e2gToY=
18,-8,SkNbDX6z9cmVPU3kCJigm6MC8r0=,P6Xcm+9fNYAv052Pcl9K3e2gToY=
18,-3,SkNbDX6z9cmVPU3kCJigm6MC8r0=,P6Xcm+9fNYAv052Pcl9K3e2gToY=
17,-8,SkNbDX6z9cmVPU3kCJigm6MC8r0=,P6Xcm+9fNYAv052Pcl9K3e2gToY=
16,-8,SkNbDX6z9cmVPU3kCJigm6MC8r0=,P6Xcm+9fNYAv052Pcl9K3e2gToY=
16,-3,SkNbDX6z9cmVPU3kCJigm6MC8r0=,P6Xcm+9fNYAv052Pcl9K3e2gToY=
22,-4,SkNbDX6z9cmVPU3kCJigm6MC8r0=,P6Xcm+9fNYAv052Pcl9K3e2gToY=
17,-3,SkNbDX6z9cmVPU3kCJigm6MC8r0=,P6Xcm+9fNYAv052Pcl9K3e2gToY=
23,-4,SkNbDX6z9cmVPU3kCJigm6MC8r0=,P6Xcm+9fNYAv052Pcl9K3e2gToY=
21,-4,SkNbDX6z9cmVPU3kCJigm6MC8r0=,P6Xcm+9fNYAv052Pcl9K3e2gToY=
23,-9,SkNbDX6z9cmVPU3kCJigm6MC8r0=,pyq5OzdOrvtMfShFDIopenbV3LA=
22,-9,SkNbDX6z9cmVPU3kCJigm6MC8r0=,pyq5OzdOrvtMfShFDIopenbV3LA=
21,-9,SkNbDX6z9cmVPU3kCJigm6MC8r0=,pyq5OzdOrvtMfShFDIopenbV3LA=
24,-3,SkNbDX6z9cmVPU3kCJigm6MC8r0=,kiv/3qGnbGKc4bKwmvyh9p4LQKc=
20,-4,SkNbDX6z9cmVPU3kCJigm6MC8r0=,P6Xcm+9fNYAv052Pcl9K3e2gToY=
19,-4,SkNbDX6z9cmVPU3kCJigm6MC8r0=,P6Xcm+9fNYAv052Pcl9K3e2gToY=
18,-4,SkNbDX6z9cmVPU3kCJigm6MC8r0=,P6Xcm+9fNYAv052Pcl9K3e2gToY=
20,-9,SkNbDX6z9cmVPU3kCJigm6MC8r0=,pyq5OzdOrvtMfShFDIopenbV3LA=
19,-9,SkNbDX6z9cmVPU3kCJigm6MC8r0=,pyq5OzdOrvtMfShFDIopenbV3LA=
18,-9,SkNbDX6z9cmVPU3kCJigm6MC8r0=,pyq5OzdOrvtMfShFDIopenbV3LA=
17,-9,SkNbDX6z9cmVPU3kCJigm6MC8r0=,pyq5OzdOrvtMfShFDIopenbV3LA=
30,-18,aVa3haQ0PpUbkcVRZNqjXsqOdTY=,g4OsSQWvx5JGxE6l+XSIVfMhnaY=
28,-23,aVa3haQ0PpUbkcVRZNqjXsqOdTY=,g4OsSQWvx5JGxE6l+XSIVfMhnaY=
28,-22,aVa3haQ0PpUbkcVRZNqjXsqOdTY=,g4OsSQWvx5JGxE6l+XSIVfMhnaY=
29,-22,aVa3haQ0PpUbkcVRZNqjXsqOdTY=,g4OsSQWvx5JGxE6l+XSIVfMhnaY=
26,-20,aVa3haQ0PpUbkcVRZNqjXsqOdTY=,g4OsSQWvx5JGxE6l+XSIVfMhnaY=
26,-21,aVa3haQ0PpUbkcVRZNqjXsqOdTY=,g4OsSQWvx5JGxE6l+XSIVfMhnaY=
29,-18,aVa3haQ0PpUbkcVRZNqjXsqOdTY=,g4OsSQWvx5JGxE6l+XSIVfMhnaY=
28,-18,aVa3haQ0PpUbkcVRZNqjXsqOdTY=,g4OsSQWvx5JGxE6l+XSIVfMhnaY=
27,-23,aVa3haQ0PpUbkcVRZNqjXsqOdTY=,g4OsSQWvx5JGxE6l+XSIVfMhnaY=
29,-19,aVa3haQ0PpUbkcVRZNqjXsqOdTY=,g4OsSQWvx5JGxE6l+XSIVfMhnaY=
27,-18,aVa3haQ0PpUbkcVRZNqjXsqOdTY=,g4OsSQWvx5JGxE6l+XSIVfMhnaY=
25,-20,aVa3haQ0PpUbkcVRZNqjXsqOdTY=,g4OsSQWvx5JGxE6l+XSIVfMhnaY=
26,-18,aVa3haQ0PpUbkcVRZNqjXsqOdTY=,g4OsSQWvx5JGxE6l+XSIVfMhnaY=
26,-23,aVa3haQ0PpUbkcVRZNqjXsqOdTY=,g4OsSQWvx5JGxE6l+XSIVfMhnaY=
25,-18,aVa3haQ0PpUbkcVRZNqjXsqOdTY=,g4OsSQWvx5JGxE6l+XSIVfMhnaY=
29,-23,aVa3haQ0PpUbkcVRZNqjXsqOdTY=,g4OsSQWvx5JGxE6l+XSIVfMhnaY=
25,-23,aVa3haQ0PpUbkcVRZNqjXsqOdTY=,g4OsSQWvx5JGxE6l+XSIVfMhnaY=
30,-19,aVa3haQ0PpUbkcVRZNqjXsqOdTY=,g4OsSQWvx5JGxE6l+XSIVfMhnaY=
28,-19,aVa3haQ0PpUbkcVRZNqjXsqOdTY=,g4OsSQWvx5JGxE6l+XSIVfMhnaY=
27,-19,aVa3haQ0PpUbkcVRZNqjXsqOdTY=,g4OsSQWvx5JGxE6l+XSIVfMhnaY=
26,-19,aVa3haQ0PpUbkcVRZNqjXsqOdTY=,g4OsSQWvx5JGxE6l+XSIVfMhnaY=
30,-20,aVa3haQ0PpUbkcVRZNqjXsqOdTY=,g4OsSQWvx5JGxE6l+XSIVfMhnaY=
30,-21,aVa3haQ0PpUbkcVRZNqjXsqOdTY=,g4OsSQWvx5JGxE6l+XSIVfMhnaY=
25,-19,aVa3haQ0PpUbkcVRZNqjXsqOdTY=,g4OsSQWvx5JGxE6l+XSIVfMhnaY=
29,-20,aVa3haQ0PpUbkcVRZNqjXsqOdTY=,g4OsSQWvx5JGxE6l+XSIVfMhnaY=
28,-20,aVa3haQ0PpUbkcVRZNqjXsqOdTY=,g4OsSQWvx5JGxE6l+XSIVfMhnaY=
29,-21,aVa3haQ0PpUbkcVRZNqjXsqOdTY=,g4OsSQWvx5JGxE6l+XSIVfMhnaY=
28,-21,aVa3haQ0PpUbkcVRZNqjXsqOdTY=,g4OsSQWvx5JGxE6l+XSIVfMhnaY=
27,-20,aVa3haQ0PpUbkcVRZNqjXsqOdTY=,g4OsSQWvx5JGxE6l+XSIVfMhnaY=
27,-22,aVa3haQ0PpUbkcVRZNqjXsqOdTY=,g4OsSQWvx5JGxE6l+XSIVfMhnaY=
30,-22,aVa3haQ0PpUbkcVRZNqjXsqOdTY=,g4OsSQWvx5JGxE6l+XSIVfMhnaY=
25,-21,aVa3haQ0PpUbkcVRZNqjXsqOdTY=,g4OsSQWvx5JGxE6l+XSIVfMhnaY=
26,-22,aVa3haQ0PpUbkcVRZNqjXsqOdTY=,g4OsSQWvx5JGxE6l+XSIVfMhnaY=
27,-21,aVa3haQ0PpUbkcVRZNqjXsqOdTY=,g4OsSQWvx5JGxE6l+XSIVfMhnaY=
30,-23,aVa3haQ0PpUbkcVRZNqjXsqOdTY=,g4OsSQWvx5JGxE6l+XSIVfMhnaY=
25,-22,aVa3haQ0PpUbkcVRZNqjXsqOdTY=,g4OsSQWvx5JGxE6l+XSIVfMhnaY=
28,-17,+O4y32fRHKXUkJCkcvt01fJkZdU=,g4OsSQWvx5JGxE6l+XSIVfMhnaY=
29,-17,+O4y32fRHKXUkJCkcvt01fJkZdU=,g4OsSQWvx5JGxE6l+XSIVfMhnaY=
30,-17,+O4y32fRHKXUkJCkcvt01fJkZdU=,g4OsSQWvx5JGxE6l+XSIVfMhnaY=
25,-17,+O4y32fRHKXUkJCkcvt01fJkZdU=,g4OsSQWvx5JGxE6l+XSIVfMhnaY=
26,-17,+O4y32fRHKXUkJCkcvt01fJkZdU=,g4OsSQWvx5JGxE6l+XSIVfMhnaY=
27,-17,+O4y32fRHKXUkJCkcvt01fJkZdU=,g4OsSQWvx5JGxE6l+XSIVfMhnaY=
31,-18,+O4y32fRHKXUkJCkcvt01fJkZdU=,g4OsSQWvx5JGxE6l+XSIVfMhnaY=
31,-23,+O4y32fRHKXUkJCkcvt01fJkZdU=,g4OsSQWvx5JGxE6l+XSIVfMhnaY=
31,-22,+O4y32fRHKXUkJCkcvt01fJkZdU=,g4OsSQWvx5JGxE6l+XSIVfMhnaY=
31,-21,+O4y32fRHKXUkJCkcvt01fJkZdU=,g4OsSQWvx5JGxE6l+XSIVfMhnaY=
31,-19,+O4y32fRHKXUkJCkcvt01fJkZdU=,g4OsSQWvx5JGxE6l+XSIVfMhnaY=
31,-20,+O4y32fRHKXUkJCkcvt01fJkZdU=,g4OsSQWvx5JGxE6l+XSIVfMhnaY=
31,-17,+O4y32fRHKXUkJCkcvt01fJkZdU=,g4OsSQWvx5JGxE6l+XSIVfMhnaY=
20,-27,+O4y32fRHKXUkJCkcvt01fJkZdU=,pW3uMkV4+Rh9aFrz1a86FVJwCq4=
21,-27,+O4y32fRHKXUkJCkcvt01fJkZdU=,pW3uMkV4+Rh9aFrz1a86FVJwCq4=
22,-27,+O4y32fRHKXUkJCkcvt01fJkZdU=,pW3uMkV4+Rh9aFrz1a86FVJwCq4=
16,-32,+O4y32fRHKXUkJCkcvt01fJkZdU=,pW3uMkV4+Rh9aFrz1a86FVJwCq4=
17,-32,+O4y32fRHKXUkJCkcvt01fJkZdU=,pW3uMkV4+Rh9aFrz1a86FVJwCq4=
18,-32,+O4y32fRHKXUkJCkcvt01fJkZdU=,pW3uMkV4+Rh9aFrz1a86FVJwCq4=
19,-32,+O4y32fRHKXUkJCkcvt01fJkZdU=,pW3uMkV4+Rh9aFrz1a86FVJwCq4=
20,-32,+O4y32fRHKXUkJCkcvt01fJkZdU=,pW3uMkV4+Rh9aFrz1a86FVJwCq4=
16,-26,+O4y32fRHKXUkJCkcvt01fJkZdU=,pW3uMkV4+Rh9aFrz1a86FVJwCq4=
17,-26,+O4y32fRHKXUkJCkcvt01fJkZdU=,pW3uMkV4+Rh9aFrz1a86FVJwCq4=
21,-32,+O4y32fRHKXUkJCkcvt01fJkZdU=,pW3uMkV4+Rh9aFrz1a86FVJwCq4=
22,-32,+O4y32fRHKXUkJCkcvt01fJkZdU=,pW3uMkV4+Rh9aFrz1a86FVJwCq4=
18,-26,+O4y32fRHKXUkJCkcvt01fJkZdU=,pW3uMkV4+Rh9aFrz1a86FVJwCq4=
16,-31,+O4y32fRHKXUkJCkcvt01fJkZdU=,pW3uMkV4+Rh9aFrz1a86FVJwCq4=
19,-26,+O4y32fRHKXUkJCkcvt01fJkZdU=,pW3uMkV4+Rh9aFrz1a86FVJwCq4=
20,-26,+O4y32fRHKXUkJCkcvt01fJkZdU=,pW3uMkV4+Rh9aFrz1a86FVJwCq4=
18,-27,+O4y32fRHKXUkJCkcvt01fJkZdU=,pW3uMkV4+Rh9aFrz1a86FVJwCq4=
17,-27,+O4y32fRHKXUkJCkcvt01fJkZdU=,pW3uMkV4+Rh9aFrz1a86FVJwCq4=
19,-27,+O4y32fRHKXUkJCkcvt01fJkZdU=,pW3uMkV4+Rh9aFrz1a86FVJwCq4=
16,-27,+O4y32fRHKXUkJCkcvt01fJkZdU=,pW3uMkV4+Rh9aFrz1a86FVJwCq4=
22,-28,+O4y32fRHKXUkJCkcvt01fJkZdU=,pW3uMkV4+Rh9aFrz1a86FVJwCq4=
19,-28,+O4y32fRHKXUkJCkcvt01fJkZdU=,pW3uMkV4+Rh9aFrz1a86FVJwCq4=
18,-28,+O4y32fRHKXUkJCkcvt01fJkZdU=,pW3uMkV4+Rh9aFrz1a86FVJwCq4=
17,-28,+O4y32fRHKXUkJCkcvt01fJkZdU=,pW3uMkV4+Rh9aFrz1a86FVJwCq4=
21,-28,+O4y32fRHKXUkJCkcvt01fJkZdU=,pW3uMkV4+Rh9aFrz1a86FVJwCq4=
16,-28,+O4y32fRHKXUkJCkcvt01fJkZdU=,pW3uMkV4+Rh9aFrz1a86FVJwCq4=
19,-29,+O4y32fRHKXUkJCkcvt01fJkZdU=,pW3uMkV4+Rh9aFrz1a86FVJwCq4=
18,-29,+O4y32fRHKXUkJCkcvt01fJkZdU=,pW3uMkV4+Rh9aFrz1a86FVJwCq4=
17,-29,+O4y32fRHKXUkJCkcvt01fJkZdU=,pW3uMkV4+Rh9aFrz1a86FVJwCq4=
20,-29,+O4y32fRHKXUkJCkcvt01fJkZdU=,pW3uMkV4+Rh9aFrz1a86FVJwCq4=
16,-29,+O4y32fRHKXUkJCkcvt01fJkZdU=,pW3uMkV4+Rh9aFrz1a86FVJwCq4=
22,-30,+O4y32fRHKXUkJCkcvt01fJkZdU=,pW3uMkV4+Rh9aFrz1a86FVJwCq4=
21,-30,+O4y32fRHKXUkJCkcvt01fJkZdU=,pW3uMkV4+Rh9aFrz1a86FVJwCq4=
18,-30,+O4y32fRHKXUkJCkcvt01fJkZdU=,pW3uMkV4+Rh9aFrz1a86FVJwCq4=
19,-30,+O4y32fRHKXUkJCkcvt01fJkZdU=,pW3uMkV4+Rh9aFrz1a86FVJwCq4=
20,-30,+O4y32fRHKXUkJCkcvt01fJkZdU=,pW3uMkV4+Rh9aFrz1a86FVJwCq4=
17,-30,+O4y32fRHKXUkJCkcvt01fJkZdU=,pW3uMkV4+Rh9aFrz1a86FVJwCq4=
21,-29,+O4y32fRHKXUkJCkcvt01fJkZdU=,pW3uMkV4+Rh9aFrz1a86FVJwCq4=
22,-29,+O4y32fRHKXUkJCkcvt01fJkZdU=,pW3uMkV4+Rh9aFrz1a86FVJwCq4=
21,-31,+O4y32fRHKXUkJCkcvt01fJkZdU=,pW3uMkV4+Rh9aFrz1a86FVJwCq4=
20,-31,+O4y32fRHKXUkJCkcvt01fJkZdU=,pW3uMkV4+Rh9aFrz1a86FVJwCq4=
16,-30,+O4y32fRHKXUkJCkcvt01fJkZdU=,pW3uMkV4+Rh9aFrz1a86FVJwCq4=
19,-31,+O4y32fRHKXUkJCkcvt01fJkZdU=,pW3uMkV4+Rh9aFrz1a86FVJwCq4=
18,-31,+O4y32fRHKXUkJCkcvt01fJkZdU=,pW3uMkV4+Rh9aFrz1a86FVJwCq4=
17,-31,+O4y32fRHKXUkJCkcvt01fJkZdU=,pW3uMkV4+Rh9aFrz1a86FVJwCq4=
22,-31,+O4y32fRHKXUkJCkcvt01fJkZdU=,pW3uMkV4+Rh9aFrz1a86FVJwCq4=
22,-26,+O4y32fRHKXUkJCkcvt01fJkZdU=,pW3uMkV4+Rh9aFrz1a86FVJwCq4=
21,-26,+O4y32fRHKXUkJCkcvt01fJkZdU=,pW3uMkV4+Rh9aFrz1a86FVJwCq4=
20,-28,+O4y32fRHKXUkJCkcvt01fJkZdU=,pW3uMkV4+Rh9aFrz1a86FVJwCq4=
24,-17,2UiTIrb+dK2fcdIwXOrJyIxKfds=,g4OsSQWvx5JGxE6l+XSIVfMhnaY=
20,-21,2UiTIrb+dK2fcdIwXOrJyIxKfds=,5mc36osY/EIlIwJ7ADYgjzl3tAY=
21,-21,2UiTIrb+dK2fcdIwXOrJyIxKfds=,5mc36osY/EIlIwJ7ADYgjzl3tAY=
22,-21,2UiTIrb+dK2fcdIwXOrJyIxKfds=,5mc36osY/EIlIwJ7ADYgjzl3tAY=
23,-21,2UiTIrb+dK2fcdIwXOrJyIxKfds=,5mc36osY/EIlIwJ7ADYgjzl3tAY=
19,-21,2UiTIrb+dK2fcdIwXOrJyIxKfds=,5mc36osY/EIlIwJ7ADYgjzl3tAY=
23,-17,2UiTIrb+dK2fcdIwXOrJyIxKfds=,5mc36osY/EIlIwJ7ADYgjzl3tAY=
22,-17,2UiTIrb+dK2fcdIwXOrJyIxKfds=,5mc36osY/EIlIwJ7ADYgjzl3tAY=
18,-21,2UiTIrb+dK2fcdIwXOrJyIxKfds=,5mc36osY/EIlIwJ7ADYgjzl3tAY=
21,-17,2UiTIrb+dK2fcdIwXOrJyIxKfds=,5mc36osY/EIlIwJ7ADYgjzl3tAY=
17,-21,2UiTIrb+dK2fcdIwXOrJyIxKfds=,5mc36osY/EIlIwJ7ADYgjzl3tAY=
20,-17,2UiTIrb+dK2fcdIwXOrJyIxKfds=,5mc36osY/EIlIwJ7ADYgjzl3tAY=
18,-17,2UiTIrb+dK2fcdIwXOrJyIxKfds=,5mc36osY/EIlIwJ7ADYgjzl3tAY=
19,-17,2UiTIrb+dK2fcdIwXOrJyIxKfds=,5mc36osY/EIlIwJ7ADYgjzl3tAY=
22,-22,2UiTIrb+dK2fcdIwXOrJyIxKfds=,5mc36osY/EIlIwJ7ADYgjzl3tAY=
16,-21,2UiTIrb+dK2fcdIwXOrJyIxKfds=,5mc36osY/EIlIwJ7ADYgjzl3tAY=
17,-17,2UiTIrb+dK2fcdIwXOrJyIxKfds=,5mc36osY/EIlIwJ7ADYgjzl3tAY=
23,-22,2UiTIrb+dK2fcdIwXOrJyIxKfds=,5mc36osY/EIlIwJ7ADYgjzl3tAY=
16,-17,2UiTIrb+dK2fcdIwXOrJyIxKfds=,5mc36osY/EIlIwJ7ADYgjzl3tAY=
21,-22,2UiTIrb+dK2fcdIwXOrJyIxKfds=,5mc36osY/EIlIwJ7ADYgjzl3tAY=
24,-18,2UiTIrb+dK2fcdIwXOrJyIxKfds=,g4OsSQWvx5JGxE6l+XSIVfMhnaY=
16,-20,2UiTIrb+dK2fcdIwXOrJyIxKfds=,5mc36osY/EIlIwJ7ADYgjzl3tAY=
20,-22,2UiTIrb+dK2fcdIwXOrJyIxKfds=,5mc36osY/EIlIwJ7ADYgjzl3tAY=
17,-20,2UiTIrb+dK2fcdIwXOrJyIxKfds=,5mc36osY/EIlIwJ7ADYgjzl3tAY=
19,-22,2UiTIrb+dK2fcdIwXOrJyIxKfds=,5mc36osY/EIlIwJ7ADYgjzl3tAY=
18,-20,2UiTIrb+dK2fcdIwXOrJyIxKfds=,5mc36osY/EIlIwJ7ADYgjzl3tAY=
19,-20,2UiTIrb+dK2fcdIwXOrJyIxKfds=,5mc36osY/EIlIwJ7ADYgjzl3tAY=
20,-20,2UiTIrb+dK2fcdIwXOrJyIxKfds=,5mc36osY/EIlIwJ7ADYgjzl3tAY=
18,-22,2UiTIrb+dK2fcdIwXOrJyIxKfds=,5mc36osY/EIlIwJ7ADYgjzl3tAY=
21,-20,2UiTIrb+dK2fcdIwXOrJyIxKfds=,5mc36osY/EIlIwJ7ADYgjzl3tAY=
23,-18,2UiTIrb+dK2fcdIwXOrJyIxKfds=,5mc36osY/EIlIwJ7ADYgjzl3tAY=
22,-18,2UiTIrb+dK2fcdIwXOrJyIxKfds=,5mc36osY/EIlIwJ7ADYgjzl3tAY=
17,-22,2UiTIrb+dK2fcdIwXOrJyIxKfds=,5mc36osY/EIlIwJ7ADYgjzl3tAY=
22,-20,2UiTIrb+dK2fcdIwXOrJyIxKfds=,5mc36osY/EIlIwJ7ADYgjzl3tAY=
16,-22,2UiTIrb+dK2fcdIwXOrJyIxKfds=,5mc36osY/EIlIwJ7ADYgjzl3tAY=
23,-23,2UiTIrb+dK2fcdIwXOrJyIxKfds=,5mc36osY/EIlIwJ7ADYgjzl3tAY=
22,-23,2UiTIrb+dK2fcdIwXOrJyIxKfds=,5mc36osY/EIlIwJ7ADYgjzl3tAY=
24,-20,2UiTIrb+dK2fcdIwXOrJyIxKfds=,g4OsSQWvx5JGxE6l+XSIVfMhnaY=
23,-20,2UiTIrb+dK2fcdIwXOrJyIxKfds=,5mc36osY/EIlIwJ7ADYgjzl3tAY=
16,-19,2UiTIrb+dK2fcdIwXOrJyIxKfds=,5mc36osY/EIlIwJ7ADYgjzl3tAY=
17,-19,2UiTIrb+dK2fcdIwXOrJyIxKfds=,5mc36osY/EIlIwJ7ADYgjzl3tAY=
21,-18,2UiTIrb+dK2fcdIwXOrJyIxKfds=,5mc36osY/EIlIwJ7ADYgjzl3tAY=
24,-22,2UiTIrb+dK2fcdIwXOrJyIxKfds=,g4OsSQWvx5JGxE6l+XSIVfMhnaY=
18,-19,2UiTIrb+dK2fcdIwXOrJyIxKfds=,5mc36osY/EIlIwJ7ADYgjzl3tAY=
19,-19,2UiTIrb+dK2fcdIwXOrJyIxKfds=,5mc36osY/EIlIwJ7ADYgjzl3tAY=
24,-21,2UiTIrb+dK2fcdIwXOrJyIxKfds=,g4OsSQWvx5JGxE6l+XSIVfMhnaY=
20,-19,2UiTIrb+dK2fcdIwXOrJyIxKfds=,5mc36osY/EIlIwJ7ADYgjzl3tAY=
21,-19,2UiTIrb+dK2fcdIwXOrJyIxKfds=,5mc36osY/EIlIwJ7ADYgjzl3tAY=
16,-25,2UiTIrb+dK2fcdIwXOrJyIxKfds=,pW3uMkV4+Rh9aFrz1a86FVJwCq4=
21,-23,2UiTIrb+dK2fcdIwXOrJyIxKfds=,5mc36osY/EIlIwJ7ADYgjzl3tAY=
22,-19,2UiTIrb+dK2fcdIwXOrJyIxKfds=,5mc36osY/EIlIwJ7ADYgjzl3tAY=
20,-23,2UiTIrb+dK2fcdIwXOrJyIxKfds=,5mc36osY/EIlIwJ7ADYgjzl3tAY=
20,-18,2UiTIrb+dK2fcdIwXOrJyIxKfds=,5mc36osY/EIlIwJ7ADYgjzl3tAY=
17,-25,2UiTIrb+dK2fcdIwXOrJyIxKfds=,pW3uMkV4+Rh9aFrz1a86FVJwCq4=
19,-23,2UiTIrb+dK2fcdIwXOrJyIxKfds=,5mc36osY/EIlIwJ7ADYgjzl3tAY=
18,-23,2UiTIrb+dK2fcdIwXOrJyIxKfds=,5mc36osY/EIlIwJ7ADYgjzl3tAY=
18,-25,2UiTIrb+dK2fcdIwXOrJyIxKfds=,pW3uMkV4+Rh9aFrz1a86FVJwCq4=
17,-23,2UiTIrb+dK2fcdIwXOrJyIxKfds=,5mc36osY/EIlIwJ7ADYgjzl3tAY=
22,-24,2UiTIrb+dK2fcdIwXOrJyIxKfds=,5mc36osY/EIlIwJ7ADYgjzl3tAY=
21,-24,2UiTIrb+dK2fcdIwXOrJyIxKfds=,5mc36osY/EIlIwJ7ADYgjzl3tAY=
16,-23,2UiTIrb+dK2fcdIwXOrJyIxKfds=,5mc36osY/EIlIwJ7ADYgjzl3tAY=
24,-23,2UiTIrb+dK2fcdIwXOrJyIxKfds=,g4OsSQWvx5JGxE6l+XSIVfMhnaY=
20,-24,2UiTIrb+dK2fcdIwXOrJyIxKfds=,5mc36osY/EIlIwJ7ADYgjzl3tAY=
24,-19,2UiTIrb+dK2fcdIwXOrJyIxKfds=,g4OsSQWvx5JGxE6l+XSIVfMhnaY=
19,-18,2UiTIrb+dK2fcdIwXOrJyIxKfds=,5mc36osY/EIlIwJ7ADYgjzl3tAY=
19,-24,2UiTIrb+dK2fcdIwXOrJyIxKfds=,5mc36osY/EIlIwJ7ADYgjzl3tAY=
19,-25,2UiTIrb+dK2fcdIwXOrJyIxKfds=,pW3uMkV4+Rh9aFrz1a86FVJwCq4=
18,-24,2UiTIrb+dK2fcdIwXOrJyIxKfds=,5mc36osY/EIlIwJ7ADYgjzl3tAY=
20,-25,2UiTIrb+dK2fcdIwXOrJyIxKfds=,pW3uMkV4+Rh9aFrz1a86FVJwCq4=
18,-18,2UiTIrb+dK2fcdIwXOrJyIxKfds=,5mc36osY/EIlIwJ7ADYgjzl3tAY=
23,-19,2UiTIrb+dK2fcdIwXOrJyIxKfds=,5mc36osY/EIlIwJ7ADYgjzl3tAY=
17,-24,2UiTIrb+dK2fcdIwXOrJyIxKfds=,5mc36osY/EIlIwJ7ADYgjzl3tAY=
21,-25,2UiTIrb+dK2fcdIwXOrJyIxKfds=,pW3uMkV4+Rh9aFrz1a86FVJwCq4=
22,-25,2UiTIrb+dK2fcdIwXOrJyIxKfds=,pW3uMkV4+Rh9aFrz1a86FVJwCq4=
16,-18,2UiTIrb+dK2fcdIwXOrJyIxKfds=,5mc36osY/EIlIwJ7ADYgjzl3tAY=
16,-24,2UiTIrb+dK2fcdIwXOrJyIxKfds=,5mc36osY/EIlIwJ7ADYgjzl3tAY=
17,-18,2UiTIrb+dK2fcdIwXOrJyIxKfds=,5mc36osY/EIlIwJ7ADYgjzl3tAY=
31,-26,2UiTIrb+dK2fcdIwXOrJyIxKfds=,KmpynAnbFsgHFEJLH/q0BR4qJtE=
30,-26,2UiTIrb+dK2fcdIwXOrJyIxKfds=,KmpynAnbFsgHFEJLH/q0BR4qJtE=
24,-25,2UiTIrb+dK2fcdIwXOrJyIxKfds=,KmpynAnbFsgHFEJLH/q0BR4qJtE=
27,-25,2UiTIrb+dK2fcdIwXOrJyIxKfds=,KmpynAnbFsgHFEJLH/q0BR4qJtE=
24,-24,2UiTIrb+dK2fcdIwXOrJyIxKfds=,g4OsSQWvx5JGxE6l+XSIVfMhnaY=
26,-25,2UiTIrb+dK2fcdIwXOrJyIxKfds=,KmpynAnbFsgHFEJLH/q0BR4qJtE=
29,-26,2UiTIrb+dK2fcdIwXOrJyIxKfds=,KmpynAnbFsgHFEJLH/q0BR4qJtE=
28,-25,2UiTIrb+dK2fcdIwXOrJyIxKfds=,KmpynAnbFsgHFEJLH/q0BR4qJtE=
29,-25,2UiTIrb+dK2fcdIwXOrJyIxKfds=,KmpynAnbFsgHFEJLH/q0BR4qJtE=
24,-32,2UiTIrb+dK2fcdIwXOrJyIxKfds=,KmpynAnbFsgHFEJLH/q0BR4qJtE=
30,-25,2UiTIrb+dK2fcdIwXOrJyIxKfds=,KmpynAnbFsgHFEJLH/q0BR4qJtE=
25,-32,2UiTIrb+dK2fcdIwXOrJyIxKfds=,KmpynAnbFsgHFEJLH/q0BR4qJtE=
26,-32,2UiTIrb+dK2fcdIwXOrJyIxKfds=,KmpynAnbFsgHFEJLH/q0BR4qJtE=
28,-26,2UiTIrb+dK2fcdIwXOrJyIxKfds=,KmpynAnbFsgHFEJLH/q0BR4qJtE=
25,-25,2UiTIrb+dK2fcdIwXOrJyIxKfds=,KmpynAnbFsgHFEJLH/q0BR4qJtE=
27,-32,2UiTIrb+dK2fcdIwXOrJyIxKfds=,KmpynAnbFsgHFEJLH/q0BR4qJtE=
28,-32,2UiTIrb+dK2fcdIwXOrJyIxKfds=,KmpynAnbFsgHFEJLH/q0BR4qJtE=
31,-27,2UiTIrb+dK2fcdIwXOrJyIxKfds=,KmpynAnbFsgHFEJLH/q0BR4qJtE=
26,-26,2UiTIrb+dK2fcdIwXOrJyIxKfds=,KmpynAnbFsgHFEJLH/q0BR4qJtE=
30,-27,2UiTIrb+dK2fcdIwXOrJyIxKfds=,KmpynAnbFsgHFEJLH/q0BR4qJtE=
28,-24,2UiTIrb+dK2fcdIwXOrJyIxKfds=,g4OsSQWvx5JGxE6l+XSIVfMhnaY=
31,-25,2UiTIrb+dK2fcdIwXOrJyIxKfds=,KmpynAnbFsgHFEJLH/q0BR4qJtE=
29,-27,2UiTIrb+dK2fcdIwXOrJyIxKfds=,KmpynAnbFsgHFEJLH/q0BR4qJtE=
27,-26,2UiTIrb+dK2fcdIwXOrJyIxKfds=,KmpynAnbFsgHFEJLH/q0BR4qJtE=
27,-24,2UiTIrb+dK2fcdIwXOrJyIxKfds=,g4OsSQWvx5JGxE6l+XSIVfMhnaY=
24,-26,2UiTIrb+dK2fcdIwXOrJyIxKfds=,KmpynAnbFsgHFEJLH/q0BR4qJtE=
25,-26,2UiTIrb+dK2fcdIwXOrJyIxKfds=,KmpynAnbFsgHFEJLH/q0BR4qJtE=
31,-28,2UiTIrb+dK2fcdIwXOrJyIxKfds=,KmpynAnbFsgHFEJLH/q0BR4qJtE=
23,-24,2UiTIrb+dK2fcdIwXOrJyIxKfds=,5mc36osY/EIlIwJ7ADYgjzl3tAY=
30,-28,2UiTIrb+dK2fcdIwXOrJyIxKfds=,KmpynAnbFsgHFEJLH/q0BR4qJtE=
24,-27,2UiTIrb+dK2fcdIwXOrJyIxKfds=,KmpynAnbFsgHFEJLH/q0BR4qJtE=
27,-27,2UiTIrb+dK2fcdIwXOrJyIxKfds=,KmpynAnbFsgHFEJLH/q0BR4qJtE=
25,-27,2UiTIrb+dK2fcdIwXOrJyIxKfds=,KmpynAnbFsgHFEJLH/q0BR4qJtE=
28,-27,2UiTIrb+dK2fcdIwXOrJyIxKfds=,KmpynAnbFsgHFEJLH/q0BR4qJtE=
23,-28,2UiTIrb+dK2fcdIwXOrJyIxKfds=,pW3uMkV4+Rh9aFrz1a86FVJwCq4=
29,-28,2UiTIrb+dK2fcdIwXOrJyIxKfds=,KmpynAnbFsgHFEJLH/q0BR4qJtE=
26,-27,2UiTIrb+dK2fcdIwXOrJyIxKfds=,KmpynAnbFsgHFEJLH/q0BR4qJtE=
27,-28,2UiTIrb+dK2fcdIwXOrJyIxKfds=,KmpynAnbFsgHFEJLH/q0BR4qJtE=
28,-28,2UiTIrb+dK2fcdIwXOrJyIxKfds=,KmpynAnbFsgHFEJLH/q0BR4qJtE=
25,-28,2UiTIrb+dK2fcdIwXOrJyIxKfds=,KmpynAnbFsgHFEJLH/q0BR4qJtE=
26,-28,2UiTIrb+dK2fcdIwXOrJyIxKfds=,KmpynAnbFsgHFEJLH/q0BR4qJtE=
30,-29,2UiTIrb+dK2fcdIwXOrJyIxKfds=,KmpynAnbFsgHFEJLH/q0BR4qJtE=
31,-29,2UiTIrb+dK2fcdIwXOrJyIxKfds=,KmpynAnbFsgHFEJLH/q0BR4qJtE=
29,-29,2UiTIrb+dK2fcdIwXOrJyIxKfds=,KmpynAnbFsgHFEJLH/q0BR4qJtE=
28,-29,2UiTIrb+dK2fcdIwXOrJyIxKfds=,KmpynAnbFsgHFEJLH/q0BR4qJtE=
27,-29,2UiTIrb+dK2fcdIwXOrJyIxKfds=,KmpynAnbFsgHFEJLH/q0BR4qJtE=
23,-25,2UiTIrb+dK2fcdIwXOrJyIxKfds=,pW3uMkV4+Rh9aFrz1a86FVJwCq4=
26,-29,2UiTIrb+dK2fcdIwXOrJyIxKfds=,KmpynAnbFsgHFEJLH/q0BR4qJtE=
25,-29,2UiTIrb+dK2fcdIwXOrJyIxKfds=,KmpynAnbFsgHFEJLH/q0BR4qJtE=
24,-29,2UiTIrb+dK2fcdIwXOrJyIxKfds=,KmpynAnbFsgHFEJLH/q0BR4qJtE=
24,-28,2UiTIrb+dK2fcdIwXOrJyIxKfds=,KmpynAnbFsgHFEJLH/q0BR4qJtE=
31,-30,2UiTIrb+dK2fcdIwXOrJyIxKfds=,KmpynAnbFsgHFEJLH/q0BR4qJtE=
30,-30,2UiTIrb+dK2fcdIwXOrJyIxKfds=,KmpynAnbFsgHFEJLH/q0BR4qJtE=
29,-30,2UiTIrb+dK2fcdIwXOrJyIxKfds=,KmpynAnbFsgHFEJLH/q0BR4qJtE=
24,-30,2UiTIrb+dK2fcdIwXOrJyIxKfds=,KmpynAnbFsgHFEJLH/q0BR4qJtE=
28,-30,2UiTIrb+dK2fcdIwXOrJyIxKfds=,KmpynAnbFsgHFEJLH/q0BR4qJtE=
27,-30,2UiTIrb+dK2fcdIwXOrJyIxKfds=,KmpynAnbFsgHFEJLH/q0BR4qJtE=
23,-29,2UiTIrb+dK2fcdIwXOrJyIxKfds=,pW3uMkV4+Rh9aFrz1a86FVJwCq4=
31,-24,2UiTIrb+dK2fcdIwXOrJyIxKfds=,g4OsSQWvx5JGxE6l+XSIVfMhnaY=
26,-30,2UiTIrb+dK2fcdIwXOrJyIxKfds=,KmpynAnbFsgHFEJLH/q0BR4qJtE=
25,-31,2UiTIrb+dK2fcdIwXOrJyIxKfds=,KmpynAnbFsgHFEJLH/q0BR4qJtE=
26,-31,2UiTIrb+dK2fcdIwXOrJyIxKfds=,KmpynAnbFsgHFEJLH/q0BR4qJtE=
31,-31,2UiTIrb+dK2fcdIwXOrJyIxKfds=,KmpynAnbFsgHFEJLH/q0BR4qJtE=
24,-31,2UiTIrb+dK2fcdIwXOrJyIxKfds=,KmpynAnbFsgHFEJLH/q0BR4qJtE=
30,-31,2UiTIrb+dK2fcdIwXOrJyIxKfds=,KmpynAnbFsgHFEJLH/q0BR4qJtE=
29,-31,2UiTIrb+dK2fcdIwXOrJyIxKfds=,KmpynAnbFsgHFEJLH/q0BR4qJtE=
27,-31,2UiTIrb+dK2fcdIwXOrJyIxKfds=,KmpynAnbFsgHFEJLH/q0BR4qJtE=
30,-24,2UiTIrb+dK2fcdIwXOrJyIxKfds=,g4OsSQWvx5JGxE6l+XSIVfMhnaY=
23,-32,2UiTIrb+dK2fcdIwXOrJyIxKfds=,pW3uMkV4+Rh9aFrz1a86FVJwCq4=
23,-31,2UiTIrb+dK2fcdIwXOrJyIxKfds=,pW3uMkV4+Rh9aFrz1a86FVJwCq4=
29,-24,2UiTIrb+dK2fcdIwXOrJyIxKfds=,g4OsSQWvx5JGxE6l+XSIVfMhnaY=
23,-30,2UiTIrb+dK2fcdIwXOrJyIxKfds=,pW3uMkV4+Rh9aFrz1a86FVJwCq4=
28,-31,2UiTIrb+dK2fcdIwXOrJyIxKfds=,KmpynAnbFsgHFEJLH/q0BR4qJtE=
29,-32,2UiTIrb+dK2fcdIwXOrJyIxKfds=,KmpynAnbFsgHFEJLH/q0BR4qJtE=
23,-27,2UiTIrb+dK2fcdIwXOrJyIxKfds=,pW3uMkV4+Rh9aFrz1a86FVJwCq4=
30,-32,2UiTIrb+dK2fcdIwXOrJyIxKfds=,KmpynAnbFsgHFEJLH/q0BR4qJtE=
26,-24,2UiTIrb+dK2fcdIwXOrJyIxKfds=,g4OsSQWvx5JGxE6l+XSIVfMhnaY=
31,-32,2UiTIrb+dK2fcdIwXOrJyIxKfds=,KmpynAnbFsgHFEJLH/q0BR4qJtE=
23,-26,2UiTIrb+dK2fcdIwXOrJyIxKfds=,pW3uMkV4+Rh9aFrz1a86FVJwCq4=
25,-30,2UiTIrb+dK2fcdIwXOrJyIxKfds=,KmpynAnbFsgHFEJLH/q0BR4qJtE=
25,-24,2UiTIrb+dK2fcdIwXOrJyIxKfds=,g4OsSQWvx5JGxE6l+XSIVfMhnaY=
4,-27,8JlxzU06HCokW/9VhgnVXCxblgM=,6E11LBs/sW5Yl8Btff6iSA1aj8s=
3,-27,8JlxzU06HCokW/9VhgnVXCxblgM=,6E11LBs/sW5Yl8Btff6iSA1aj8s=
5,-27,8JlxzU06HCokW/9VhgnVXCxblgM=,6E11LBs/sW5Yl8Btff6iSA1aj8s=
6,-27,8JlxzU06HCokW/9VhgnVXCxblgM=,6E11LBs/sW5Yl8Btff6iSA1aj8s=
1,-26,8JlxzU06HCokW/9VhgnVXCxblgM=,6E11LBs/sW5Yl8Btff6iSA1aj8s=
1,-31,8JlxzU06HCokW/9VhgnVXCxblgM=,6E11LBs/sW5Yl8Btff6iSA1aj8s=
2,-31,8JlxzU06HCokW/9VhgnVXCxblgM=,6E11LBs/sW5Yl8Btff6iSA1aj8s=
6,-28,8JlxzU06HCokW/9VhgnVXCxblgM=,6E11LBs/sW5Yl8Btff6iSA1aj8s=
5,-28,8JlxzU06HCokW/9VhgnVXCxblgM=,6E11LBs/sW5Yl8Btff6iSA1aj8s=
6,-29,8JlxzU06HCokW/9VhgnVXCxblgM=,6E11LBs/sW5Yl8Btff6iSA1aj8s=
5,-29,8JlxzU06HCokW/9VhgnVXCxblgM=,6E11LBs/sW5Yl8Btff6iSA1aj8s=
2,-26,8JlxzU06HCokW/9VhgnVXCxblgM=,6E11LBs/sW5Yl8Btff6iSA1aj8s=
1,-27,8JlxzU06HCokW/9VhgnVXCxblgM=,6E11LBs/sW5Yl8Btff6iSA1aj8s=
4,-29,8JlxzU06HCokW/9VhgnVXCxblgM=,6E11LBs/sW5Yl8Btff6iSA1aj8s=
4,-28,8JlxzU06HCokW/9VhgnVXCxblgM=,6E11LBs/sW5Yl8Btff6iSA1aj8s=
6,-30,8JlxzU06HCokW/9VhgnVXCxblgM=,6E11LBs/sW5Yl8Btff6iSA1aj8s=
3,-28,8JlxzU06HCokW/9VhgnVXCxblgM=,6E11LBs/sW5Yl8Btff6iSA1aj8s=
5,-30,8JlxzU06HCokW/9VhgnVXCxblgM=,6E11LBs/sW5Yl8Btff6iSA1aj8s=
4,-30,8JlxzU06HCokW/9VhgnVXCxblgM=,6E11LBs/sW5Yl8Btff6iSA1aj8s=
1,-28,8JlxzU06HCokW/9VhgnVXCxblgM=,6E11LBs/sW5Yl8Btff6iSA1aj8s=
3,-30,8JlxzU06HCokW/9VhgnVXCxblgM=,6E11LBs/sW5Yl8Btff6iSA1aj8s=
2,-28,8JlxzU06HCokW/9VhgnVXCxblgM=,6E11LBs/sW5Yl8Btff6iSA1aj8s=
3,-26,8JlxzU06HCokW/9VhgnVXCxblgM=,6E11LBs/sW5Yl8Btff6iSA1aj8s=
3,-31,8JlxzU06HCokW/9VhgnVXCxblgM=,6E11LBs/sW5Yl8Btff6iSA1aj8s=
4,-31,8JlxzU06HCokW/9VhgnVXCxblgM=,6E11LBs/sW5Yl8Btff6iSA1aj8s=
5,-31,8JlxzU06HCokW/9VhgnVXCxblgM=,6E11LBs/sW5Yl8Btff6iSA1aj8s=
6,-31,8JlxzU06HCokW/9VhgnVXCxblgM=,6E11LBs/sW5Yl8Btff6iSA1aj8s=
6,-26,8JlxzU06HCokW/9VhgnVXCxblgM=,6E11LBs/sW5Yl8Btff6iSA1aj8s=
2,-27,8JlxzU06HCokW/9VhgnVXCxblgM=,6E11LBs/sW5Yl8Btff6iSA1aj8s=
2,-29,8JlxzU06HCokW/9VhgnVXCxblgM=,6E11LBs/sW5Yl8Btff6iSA1aj8s=
4,-26,8JlxzU06HCokW/9VhgnVXCxblgM=,6E11LBs/sW5Yl8Btff6iSA1aj8s=
1,-29,8JlxzU06HCokW/9VhgnVXCxblgM=,6E11LBs/sW5Yl8Btff6iSA1aj8s=
3,-29,8JlxzU06HCokW/9VhgnVXCxblgM=,6E11LBs/sW5Yl8Btff6iSA1aj8s=
2,-30,8JlxzU06HCokW/9VhgnVXCxblgM=,6E11LBs/sW5Yl8Btff6iSA1aj8s=
5,-26,8JlxzU06HCokW/9VhgnVXCxblgM=,6E11LBs/sW5Yl8Btff6iSA1aj8s=
1,-30,8JlxzU06HCokW/9VhgnVXCxblgM=,6E11LBs/sW5Yl8Btff6iSA1aj8s=
7,-27,8JlxzU06HCokW/9VhgnVXCxblgM=,6E11LBs/sW5Yl8Btff6iSA1aj8s=
7,-31,8JlxzU06HCokW/9VhgnVXCxblgM=,6E11LBs/sW5Yl8Btff6iSA1aj8s=
8,-31,8JlxzU06HCokW/9VhgnVXCxblgM=,EKjNUIk+l7SYsk0H0PwBTJRwDA4=
7,-26,8JlxzU06HCokW/9VhgnVXCxblgM=,6E11LBs/sW5Yl8Btff6iSA1aj8s=
9,-31,8JlxzU06HCokW/9VhgnVXCxblgM=,EKjNUIk+l7SYsk0H0PwBTJRwDA4=
10,-31,8JlxzU06HCokW/9VhgnVXCxblgM=,EKjNUIk+l7SYsk0H0PwBTJRwDA4=
11,-31,8JlxzU06HCokW/9VhgnVXCxblgM=,EKjNUIk+l7SYsk0H0PwBTJRwDA4=
12,-31,8JlxzU06HCokW/9VhgnVXCxblgM=,EKjNUIk+l7SYsk0H0PwBTJRwDA4=
13,-31,8JlxzU06HCokW/9VhgnVXCxblgM=,EKjNUIk+l7SYsk0H0PwBTJRwDA4=
14,-31,8JlxzU06HCokW/9VhgnVXCxblgM=,EKjNUIk+l7SYsk0H0PwBTJRwDA4=
7,-30,8JlxzU06HCokW/9VhgnVXCxblgM=,6E11LBs/sW5Yl8Btff6iSA1aj8s=
8,-30,8JlxzU06HCokW/9VhgnVXCxblgM=,EKjNUIk+l7SYsk0H0PwBTJRwDA4=
9,-30,8JlxzU06HCokW/9VhgnVXCxblgM=,EKjNUIk+l7SYsk0H0PwBTJRwDA4=
10,-30,8JlxzU06HCokW/9VhgnVXCxblgM=,EKjNUIk+l7SYsk0H0PwBTJRwDA4=
11,-30,8JlxzU06HCokW/9VhgnVXCxblgM=,EKjNUIk+l7SYsk0H0PwBTJRwDA4=
7,-28,8JlxzU06HCokW/9VhgnVXCxblgM=,6E11LBs/sW5Yl8Btff6iSA1aj8s=
12,-30,8JlxzU06HCokW/9VhgnVXCxblgM=,EKjNUIk+l7SYsk0H0PwBTJRwDA4=
13,-26,8JlxzU06HCokW/9VhgnVXCxblgM=,EKjNUIk+l7SYsk0H0PwBTJRwDA4=
13,-30,8JlxzU06HCokW/9VhgnVXCxblgM=,EKjNUIk+l7SYsk0H0PwBTJRwDA4=
14,-30,8JlxzU06HCokW/9VhgnVXCxblgM=,EKjNUIk+l7SYsk0H0PwBTJRwDA4=
8,-29,8JlxzU06HCokW/9VhgnVXCxblgM=,EKjNUIk+l7SYsk0H0PwBTJRwDA4=
9,-29,8JlxzU06HCokW/9VhgnVXCxblgM=,EKjNUIk+l7SYsk0H0PwBTJRwDA4=
14,-26,8JlxzU06HCokW/9VhgnVXCxblgM=,EKjNUIk+l7SYsk0H0PwBTJRwDA4=
10,-29,8JlxzU06HCokW/9VhgnVXCxblgM=,EKjNUIk+l7SYsk0H0PwBTJRwDA4=
12,-26,8JlxzU06HCokW/9VhgnVXCxblgM=,EKjNUIk+l7SYsk0H0PwBTJRwDA4=
11,-26,8JlxzU06HCokW/9VhgnVXCxblgM=,EKjNUIk+l7SYsk0H0PwBTJRwDA4=
14,-27,8JlxzU06HCokW/9VhgnVXCxblgM=,EKjNUIk+l7SYsk0H0PwBTJRwDA4=
8,-26,8JlxzU06HCokW/9VhgnVXCxblgM=,EKjNUIk+l7SYsk0H0PwBTJRwDA4=
10,-26,8JlxzU06HCokW/9VhgnVXCxblgM=,EKjNUIk+l7SYsk0H0PwBTJRwDA4=
13,-27,8JlxzU06HCokW/9VhgnVXCxblgM=,EKjNUIk+l7SYsk0H0PwBTJRwDA4=
12,-27,8JlxzU06HCokW/9VhgnVXCxblgM=,EKjNUIk+l7SYsk0H0PwBTJRwDA4=
11,-29,8JlxzU06HCokW/9VhgnVXCxblgM=,EKjNUIk+l7SYsk0H0PwBTJRwDA4=
9,-26,8JlxzU06HCokW/9VhgnVXCxblgM=,EKjNUIk+l7SYsk0H0PwBTJRwDA4=
13,-28,8JlxzU06HCokW/9VhgnVXCxblgM=,EKjNUIk+l7SYsk0H0PwBTJRwDA4=
8,-27,8JlxzU06HCokW/9VhgnVXCxblgM=,EKjNUIk+l7SYsk0H0PwBTJRwDA4=
7,-29,8JlxzU06HCokW/9VhgnVXCxblgM=,6E11LBs/sW5Yl8Btff6iSA1aj8s=
14,-28,8JlxzU06HCokW/9VhgnVXCxblgM=,EKjNUIk+l7SYsk0H0PwBTJRwDA4=
12,-28,8JlxzU06HCokW/9VhgnVXCxblgM=,EKjNUIk+l7SYsk0H0PwBTJRwDA4=
9,-28,8JlxzU06HCokW/9VhgnVXCxblgM=,EKjNUIk+l7SYsk0H0PwBTJRwDA4=
12,-29,8JlxzU06HCokW/9VhgnVXCxblgM=,EKjNUIk+l7SYsk0H0PwBTJRwDA4=
8,-28,8JlxzU06HCokW/9VhgnVXCxblgM=,EKjNUIk+l7SYsk0H0PwBTJRwDA4=
11,-27,8JlxzU06HCokW/9VhgnVXCxblgM=,EKjNUIk+l7SYsk0H0PwBTJRwDA4=
10,-27,8JlxzU06HCokW/9VhgnVXCxblgM=,EKjNUIk+l7SYsk0H0PwBTJRwDA4=
10,-28,8JlxzU06HCokW/9VhgnVXCxblgM=,EKjNUIk+l7SYsk0H0PwBTJRwDA4=
11,-28,8JlxzU06HCokW/9VhgnVXCxblgM=,EKjNUIk+l7SYsk0H0PwBTJRwDA4=
14,-29,8JlxzU06HCokW/9VhgnVXCxblgM=,EKjNUIk+l7SYsk0H0PwBTJRwDA4=
13,-29,8JlxzU06HCokW/9VhgnVXCxblgM=,EKjNUIk+l7SYsk0H0PwBTJRwDA4=
9,-27,8JlxzU06HCokW/9VhgnVXCxblgM=,EKjNUIk+l7SYsk0H0PwBTJRwDA4=
15,-31,8JlxzU06HCokW/9VhgnVXCxblgM=,EKjNUIk+l7SYsk0H0PwBTJRwDA4=
15,-30,8JlxzU06HCokW/9VhgnVXCxblgM=,EKjNUIk+l7SYsk0H0PwBTJRwDA4=
15,-29,8JlxzU06HCokW/9VhgnVXCxblgM=,EKjNUIk+l7SYsk0H0PwBTJRwDA4=
15,-28,8JlxzU06HCokW/9VhgnVXCxblgM=,EKjNUIk+l7SYsk0H0PwBTJRwDA4=
15,-27,8JlxzU06HCokW/9VhgnVXCxblgM=,EKjNUIk+l7SYsk0H0PwBTJRwDA4=
15,-26,8JlxzU06HCokW/9VhgnVXCxblgM=,EKjNUIk+l7SYsk0H0PwBTJRwDA4=
1,-32,8JlxzU06HCokW/9VhgnVXCxblgM=,6E11LBs/sW5Yl8Btff6iSA1aj8s=
2,-32,8JlxzU06HCokW/9VhgnVXCxblgM=,6E11LBs/sW5Yl8Btff6iSA1aj8s=
3,-32,8JlxzU06HCokW/9VhgnVXCxblgM=,6E11LBs/sW5Yl8Btff6iSA1aj8s=
4,-32,8JlxzU06HCokW/9VhgnVXCxblgM=,6E11LBs/sW5Yl8Btff6iSA1aj8s=
5,-32,8JlxzU06HCokW/9VhgnVXCxblgM=,6E11LBs/sW5Yl8Btff6iSA1aj8s=
6,-32,8JlxzU06HCokW/9VhgnVXCxblgM=,6E11LBs/sW5Yl8Btff6iSA1aj8s=
0,-26,8JlxzU06HCokW/9VhgnVXCxblgM=,6E11LBs/sW5Yl8Btff6iSA1aj8s=
0,-31,8JlxzU06HCokW/9VhgnVXCxblgM=,6E11LBs/sW5Yl8Btff6iSA1aj8s=
0,-27,8JlxzU06HCokW/9VhgnVXCxblgM=,6E11LBs/sW5Yl8Btff6iSA1aj8s=
0,-28,8JlxzU06HCokW/9VhgnVXCxblgM=,6E11LBs/sW5Yl8Btff6iSA1aj8s=
0,-29,8JlxzU06HCokW/9VhgnVXCxblgM=,6E11LBs/sW5Yl8Btff6iSA1aj8s=
0,-30,8JlxzU06HCokW/9VhgnVXCxblgM=,6E11LBs/sW5Yl8Btff6iSA1aj8s=
8,-32,8JlxzU06HCokW/9VhgnVXCxblgM=,EKjNUIk+l7SYsk0H0PwBTJRwDA4=
9,-32,8JlxzU06HCokW/9VhgnVXCxblgM=,EKjNUIk+l7SYsk0H0PwBTJRwDA4=
10,-32,8JlxzU06HCokW/9VhgnVXCxblgM=,EKjNUIk+l7SYsk0H0PwBTJRwDA4=
15,-32,8JlxzU06HCokW/9VhgnVXCxblgM=,EKjNUIk+l7SYsk0H0PwBTJRwDA4=
14,-32,8JlxzU06HCokW/9VhgnVXCxblgM=,EKjNUIk+l7SYsk0H0PwBTJRwDA4=
12,-32,8JlxzU06HCokW/9VhgnVXCxblgM=,EKjNUIk+l7SYsk0H0PwBTJRwDA4=
7,-32,8JlxzU06HCokW/9VhgnVXCxblgM=,6E11LBs/sW5Yl8Btff6iSA1aj8s=
11,-32,8JlxzU06HCokW/9VhgnVXCxblgM=,EKjNUIk+l7SYsk0H0PwBTJRwDA4=
13,-32,8JlxzU06HCokW/9VhgnVXCxblgM=,EKjNUIk+l7SYsk0H0PwBTJRwDA4=
0,-32,8JlxzU06HCokW/9VhgnVXCxblgM=,6E11LBs/sW5Yl8Btff6iSA1aj8s=
4,-21,8JlxzU06HCokW/9VhgnVXCxblgM=,8Kt5X8xsWUKKdjZECNQjHOk8+z0=
5,-21,8JlxzU06HCokW/9VhgnVXCxblgM=,8Kt5X8xsWUKKdjZECNQjHOk8+z0=
6,-21,8JlxzU06HCokW/9VhgnVXCxblgM=,8Kt5X8xsWUKKdjZECNQjHOk8+z0=
0,-20,8JlxzU06HCokW/9VhgnVXCxblgM=,8Kt5X8xsWUKKdjZECNQjHOk8+z0=
1,-20,8JlxzU06HCokW/9VhgnVXCxblgM=,8Kt5X8xsWUKKdjZECNQjHOk8+z0=
2,-20,8JlxzU06HCokW/9VhgnVXCxblgM=,8Kt5X8xsWUKKdjZECNQjHOk8+z0=
3,-20,8JlxzU06HCokW/9VhgnVXCxblgM=,8Kt5X8xsWUKKdjZECNQjHOk8+z0=
4,-20,8JlxzU06HCokW/9VhgnVXCxblgM=,8Kt5X8xsWUKKdjZECNQjHOk8+z0=
5,-20,8JlxzU06HCokW/9VhgnVXCxblgM=,8Kt5X8xsWUKKdjZECNQjHOk8+z0=
6,-20,8JlxzU06HCokW/9VhgnVXCxblgM=,8Kt5X8xsWUKKdjZECNQjHOk8+z0=
0,-19,8JlxzU06HCokW/9VhgnVXCxblgM=,8Kt5X8xsWUKKdjZECNQjHOk8+z0=
1,-19,8JlxzU06HCokW/9VhgnVXCxblgM=,8Kt5X8xsWUKKdjZECNQjHOk8+z0=
2,-19,8JlxzU06HCokW/9VhgnVXCxblgM=,8Kt5X8xsWUKKdjZECNQjHOk8+z0=
3,-19,8JlxzU06HCokW/9VhgnVXCxblgM=,8Kt5X8xsWUKKdjZECNQjHOk8+z0=
4,-19,8JlxzU06HCokW/9VhgnVXCxblgM=,8Kt5X8xsWUKKdjZECNQjHOk8+z0=
6,-17,8JlxzU06HCokW/9VhgnVXCxblgM=,8Kt5X8xsWUKKdjZECNQjHOk8+z0=
5,-19,8JlxzU06HCokW/9VhgnVXCxblgM=,8Kt5X8xsWUKKdjZECNQjHOk8+z0=
5,-17,8JlxzU06HCokW/9VhgnVXCxblgM=,8Kt5X8xsWUKKdjZECNQjHOk8+z0=
3,-21,8JlxzU06HCokW/9VhgnVXCxblgM=,8Kt5X8xsWUKKdjZECNQjHOk8+z0=
0,-25,8JlxzU06HCokW/9VhgnVXCxblgM=,6E11LBs/sW5Yl8Btff6iSA1aj8s=
6,-19,8JlxzU06HCokW/9VhgnVXCxblgM=,8Kt5X8xsWUKKdjZECNQjHOk8+z0=
4,-17,8JlxzU06HCokW/9VhgnVXCxblgM=,8Kt5X8xsWUKKdjZECNQjHOk8+z0=
1,-21,8JlxzU06HCokW/9VhgnVXCxblgM=,8Kt5X8xsWUKKdjZECNQjHOk8+z0=
2,-21,8JlxzU06HCokW/9VhgnVXCxblgM=,8Kt5X8xsWUKKdjZECNQjHOk8+z0=
1,-25,8JlxzU06HCokW/9VhgnVXCxblgM=,6E11LBs/sW5Yl8Btff6iSA1aj8s=
0,-21,8JlxzU06HCokW/9VhgnVXCxblgM=,8Kt5X8xsWUKKdjZECNQjHOk8+z0=
3,-17,8JlxzU06HCokW/9VhgnVXCxblgM=,8Kt5X8xsWUKKdjZECNQjHOk8+z0=
6,-22,8JlxzU06HCokW/9VhgnVXCxblgM=,8Kt5X8xsWUKKdjZECNQjHOk8+z0=
2,-25,8JlxzU06HCokW/9VhgnVXCxblgM=,6E11LBs/sW5Yl8Btff6iSA1aj8s=
2,-17,8JlxzU06HCokW/9VhgnVXCxblgM=,8Kt5X8xsWUKKdjZECNQjHOk8+z0=
5,-22,8JlxzU06HCokW/9VhgnVXCxblgM=,8Kt5X8xsWUKKdjZECNQjHOk8+z0=
3,-25,8JlxzU06HCokW/9VhgnVXCxblgM=,6E11LBs/sW5Yl8Btff6iSA1aj8s=
4,-25,8JlxzU06HCokW/9VhgnVXCxblgM=,6E11LBs/sW5Yl8Btff6iSA1aj8s=
0,-18,8JlxzU06HCokW/9VhgnVXCxblgM=,8Kt5X8xsWUKKdjZECNQjHOk8+z0=
5,-25,8JlxzU06HCokW/9VhgnVXCxblgM=,6E11LBs/sW5Yl8Btff6iSA1aj8s=
6,-25,8JlxzU06HCokW/9VhgnVXCxblgM=,6E11LBs/sW5Yl8Btff6iSA1aj8s=
1,-18,8JlxzU06HCokW/9VhgnVXCxblgM=,8Kt5X8xsWUKKdjZECNQjHOk8+z0=
2,-18,8JlxzU06HCokW/9VhgnVXCxblgM=,8Kt5X8xsWUKKdjZECNQjHOk8+z0=
3,-18,8JlxzU06HCokW/9VhgnVXCxblgM=,8Kt5X8xsWUKKdjZECNQjHOk8+z0=
4,-18,8JlxzU06HCokW/9VhgnVXCxblgM=,8Kt5X8xsWUKKdjZECNQjHOk8+z0=
0,-24,8JlxzU06HCokW/9VhgnVXCxblgM=,8Kt5X8xsWUKKdjZECNQjHOk8+z0=
1,-24,8JlxzU06HCokW/9VhgnVXCxblgM=,8Kt5X8xsWUKKdjZECNQjHOk8+z0=
5,-18,8JlxzU06HCokW/9VhgnVXCxblgM=,8Kt5X8xsWUKKdjZECNQjHOk8+z0=
4,-22,8JlxzU06HCokW/9VhgnVXCxblgM=,8Kt5X8xsWUKKdjZECNQjHOk8+z0=
2,-22,8JlxzU06HCokW/9VhgnVXCxblgM=,8Kt5X8xsWUKKdjZECNQjHOk8+z0=
2,-24,8JlxzU06HCokW/9VhgnVXCxblgM=,8Kt5X8xsWUKKdjZECNQjHOk8+z0=
1,-17,8JlxzU06HCokW/9VhgnVXCxblgM=,8Kt5X8xsWUKKdjZECNQjHOk8+z0=
1,-22,8JlxzU06HCokW/9VhgnVXCxblgM=,8Kt5X8xsWUKKdjZECNQjHOk8+z0=
3,-22,8JlxzU06HCokW/9VhgnVXCxblgM=,8Kt5X8xsWUKKdjZECNQjHOk8+z0=
0,-22,8JlxzU06HCokW/9VhgnVXCxblgM=,8Kt5X8xsWUKKdjZECNQjHOk8+z0=
0,-17,8JlxzU06HCokW/9VhgnVXCxblgM=,8Kt5X8xsWUKKdjZECNQjHOk8+z0=
3,-24,8JlxzU06HCokW/9VhgnVXCxblgM=,8Kt5X8xsWUKKdjZECNQjHOk8+z0=
4,-24,8JlxzU06HCokW/9VhgnVXCxblgM=,8Kt5X8xsWUKKdjZECNQjHOk8+z0=
6,-23,8JlxzU06HCokW/9VhgnVXCxblgM=,8Kt5X8xsWUKKdjZECNQjHOk8+z0=
5,-23,8JlxzU06HCokW/9VhgnVXCxblgM=,8Kt5X8xsWUKKdjZECNQjHOk8+z0=
4,-23,8JlxzU06HCokW/9VhgnVXCxblgM=,8Kt5X8xsWUKKdjZECNQjHOk8+z0=
1,-23,8JlxzU06HCokW/9VhgnVXCxblgM=,8Kt5X8xsWUKKdjZECNQjHOk8+z0=
6,-18,8JlxzU06HCokW/9VhgnVXCxblgM=,8Kt5X8xsWUKKdjZECNQjHOk8+z0=
2,-23,8JlxzU06HCokW/9VhgnVXCxblgM=,8Kt5X8xsWUKKdjZECNQjHOk8+z0=
3,-23,8JlxzU06HCokW/9VhgnVXCxblgM=,8Kt5X8xsWUKKdjZECNQjHOk8+z0=
5,-24,8JlxzU06HCokW/9VhgnVXCxblgM=,8Kt5X8xsWUKKdjZECNQjHOk8+z0=
6,-24,8JlxzU06HCokW/9VhgnVXCxblgM=,8Kt5X8xsWUKKdjZECNQjHOk8+z0=
0,-23,8JlxzU06HCokW/9VhgnVXCxblgM=,8Kt5X8xsWUKKdjZECNQjHOk8+z0=
7,-17,8JlxzU06HCokW/9VhgnVXCxblgM=,8Kt5X8xsWUKKdjZECNQjHOk8+z0=
10,-17,8JlxzU06HCokW/9VhgnVXCxblgM=,m7r4q7JmlD7gZiXtY8PGGHIJxmY=
13,-18,8JlxzU06HCokW/9VhgnVXCxblgM=,m7r4q7JmlD7gZiXtY8PGGHIJxmY=
14,-19,8JlxzU06HCokW/9VhgnVXCxblgM=,m7r4q7JmlD7gZiXtY8PGGHIJxmY=
11,-17,8JlxzU06HCokW/9VhgnVXCxblgM=,m7r4q7JmlD7gZiXtY8PGGHIJxmY=
12,-18,8JlxzU06HCokW/9VhgnVXCxblgM=,m7r4q7JmlD7gZiXtY8PGGHIJxmY=
11,-25,Z9gHo3jZyKNVFpyoiTJTM+2hDp4=,EKjNUIk+l7SYsk0H0PwBTJRwDA4=
11,-18,Z9gHo3jZyKNVFpyoiTJTM+2hDp4=,m7r4q7JmlD7gZiXtY8PGGHIJxmY=
15,-18,Z9gHo3jZyKNVFpyoiTJTM+2hDp4=,m7r4q7JmlD7gZiXtY8PGGHIJxmY=
10,-25,Z9gHo3jZyKNVFpyoiTJTM+2hDp4=,EKjNUIk+l7SYsk0H0PwBTJRwDA4=
15,-19,Z9gHo3jZyKNVFpyoiTJTM+2hDp4=,m7r4q7JmlD7gZiXtY8PGGHIJxmY=
9,-17,Z9gHo3jZyKNVFpyoiTJTM+2hDp4=,m7r4q7JmlD7gZiXtY8PGGHIJxmY=
8,-17,Z9gHo3jZyKNVFpyoiTJTM+2hDp4=,m7r4q7JmlD7gZiXtY8PGGHIJxmY=
8,-25,Z9gHo3jZyKNVFpyoiTJTM+2hDp4=,EKjNUIk+l7SYsk0H0PwBTJRwDA4=
9,-20,Z9gHo3jZyKNVFpyoiTJTM+2hDp4=,m7r4q7JmlD7gZiXtY8PGGHIJxmY=
14,-18,Z9gHo3jZyKNVFpyoiTJTM+2hDp4=,m7r4q7JmlD7gZiXtY8PGGHIJxmY=
9,-21,Z9gHo3jZyKNVFpyoiTJTM+2hDp4=,m7r4q7JmlD7gZiXtY8PGGHIJxmY=
9,-25,Z9gHo3jZyKNVFpyoiTJTM+2hDp4=,EKjNUIk+l7SYsk0H0PwBTJRwDA4=
13,-19,Z9gHo3jZyKNVFpyoiTJTM+2hDp4=,m7r4q7JmlD7gZiXtY8PGGHIJxmY=
9,-18,Z9gHo3jZyKNVFpyoiTJTM+2hDp4=,m7r4q7JmlD7gZiXtY8PGGHIJxmY=
10,-18,Z9gHo3jZyKNVFpyoiTJTM+2hDp4=,m7r4q7JmlD7gZiXtY8PGGHIJxmY=
12,-25,Z9gHo3jZyKNVFpyoiTJTM+2hDp4=,EKjNUIk+l7SYsk0H0PwBTJRwDA4=
12,-19,Z9gHo3jZyKNVFpyoiTJTM+2hDp4=,m7r4q7JmlD7gZiXtY8PGGHIJxmY=
7,-22,Z9gHo3jZyKNVFpyoiTJTM+2hDp4=,8Kt5X8xsWUKKdjZECNQjHOk8+z0=
11,-19,Z9gHo3jZyKNVFpyoiTJTM+2hDp4=,m7r4q7JmlD7gZiXtY8PGGHIJxmY=
9,-22,Z9gHo3jZyKNVFpyoiTJTM+2hDp4=,m7r4q7JmlD7gZiXtY8PGGHIJxmY=
15,-20,Z9gHo3jZyKNVFpyoiTJTM+2hDp4=,m7r4q7JmlD7gZiXtY8PGGHIJxmY=
8,-20,Z9gHo3jZyKNVFpyoiTJTM+2hDp4=,m7r4q7JmlD7gZiXtY8PGGHIJxmY=
7,-18,Z9gHo3jZyKNVFpyoiTJTM+2hDp4=,8Kt5X8xsWUKKdjZECNQjHOk8+z0=
7,-24,Z9gHo3jZyKNVFpyoiTJTM+2hDp4=,8Kt5X8xsWUKKdjZECNQjHOk8+z0=
7,-23,Z9gHo3jZyKNVFpyoiTJTM+2hDp4=,8Kt5X8xsWUKKdjZECNQjHOk8+z0=
12,-17,Z9gHo3jZyKNVFpyoiTJTM+2hDp4=,m7r4q7JmlD7gZiXtY8PGGHIJxmY=
14,-21,Z9gHo3jZyKNVFpyoiTJTM+2hDp4=,m7r4q7JmlD7gZiXtY8PGGHIJxmY=
14,-20,Z9gHo3jZyKNVFpyoiTJTM+2hDp4=,m7r4q7JmlD7gZiXtY8PGGHIJxmY=
13,-20,Z9gHo3jZyKNVFpyoiTJTM+2hDp4=,m7r4q7JmlD7gZiXtY8PGGHIJxmY=
12,-20,Z9gHo3jZyKNVFpyoiTJTM+2hDp4=,m7r4q7JmlD7gZiXtY8PGGHIJxmY=
7,-25,Z9gHo3jZyKNVFpyoiTJTM+2hDp4=,6E11LBs/sW5Yl8Btff6iSA1aj8s=
8,-21,Z9gHo3jZyKNVFpyoiTJTM+2hDp4=,m7r4q7JmlD7gZiXtY8PGGHIJxmY=
12,-21,Z9gHo3jZyKNVFpyoiTJTM+2hDp4=,m7r4q7JmlD7gZiXtY8PGGHIJxmY=
15,-22,Z9gHo3jZyKNVFpyoiTJTM+2hDp4=,m7r4q7JmlD7gZiXtY8PGGHIJxmY=
13,-21,Z9gHo3jZyKNVFpyoiTJTM+2hDp4=,m7r4q7JmlD7gZiXtY8PGGHIJxmY=
8,-18,Z9gHo3jZyKNVFpyoiTJTM+2hDp4=,m7r4q7JmlD7gZiXtY8PGGHIJxmY=
11,-21,Z9gHo3jZyKNVFpyoiTJTM+2hDp4=,m7r4q7JmlD7gZiXtY8PGGHIJxmY=
10,-19,Z9gHo3jZyKNVFpyoiTJTM+2hDp4=,m7r4q7JmlD7gZiXtY8PGGHIJxmY=
10,-20,Z9gHo3jZyKNVFpyoiTJTM+2hDp4=,m7r4q7JmlD7gZiXtY8PGGHIJxmY=
11,-20,Z9gHo3jZyKNVFpyoiTJTM+2hDp4=,m7r4q7JmlD7gZiXtY8PGGHIJxmY=
15,-21,Z9gHo3jZyKNVFpyoiTJTM+2hDp4=,m7r4q7JmlD7gZiXtY8PGGHIJxmY=
7,-19,Z9gHo3jZyKNVFpyoiTJTM+2hDp4=,8Kt5X8xsWUKKdjZECNQjHOk8+z0=
14,-22,Z9gHo3jZyKNVFpyoiTJTM+2hDp4=,m7r4q7JmlD7gZiXtY8PGGHIJxmY=
9,-23,Z9gHo3jZyKNVFpyoiTJTM+2hDp4=,m7r4q7JmlD7gZiXtY8PGGHIJxmY=
12,-23,Z9gHo3jZyKNVFpyoiTJTM+2hDp4=,m7r4q7JmlD7gZiXtY8PGGHIJxmY=
13,-23,Z9gHo3jZyKNVFpyoiTJTM+2hDp4=,m7r4q7JmlD7gZiXtY8PGGHIJxmY=
12,-22,Z9gHo3jZyKNVFpyoiTJTM+2hDp4=,m7r4q7JmlD7gZiXtY8PGGHIJxmY=
13,-25,Z9gHo3jZyKNVFpyoiTJTM+2hDp4=,EKjNUIk+l7SYsk0H0PwBTJRwDA4=
14,-23,Z9gHo3jZyKNVFpyoiTJTM+2hDp4=,m7r4q7JmlD7gZiXtY8PGGHIJxmY=
13,-22,Z9gHo3jZyKNVFpyoiTJTM+2hDp4=,m7r4q7JmlD7gZiXtY8PGGHIJxmY=
15,-23,Z9gHo3jZyKNVFpyoiTJTM+2hDp4=,m7r4q7JmlD7gZiXtY8PGGHIJxmY=
8,-23,Z9gHo3jZyKNVFpyoiTJTM+2hDp4=,m7r4q7JmlD7gZiXtY8PGGHIJxmY=
15,-24,Z9gHo3jZyKNVFpyoiTJTM+2hDp4=,m7r4q7JmlD7gZiXtY8PGGHIJxmY=
12,-24,Z9gHo3jZyKNVFpyoiTJTM+2hDp4=,m7r4q7JmlD7gZiXtY8PGGHIJxmY=
14,-24,Z9gHo3jZyKNVFpyoiTJTM+2hDp4=,m7r4q7JmlD7gZiXtY8PGGHIJxmY=
13,-24,Z9gHo3jZyKNVFpyoiTJTM+2hDp4=,m7r4q7JmlD7gZiXtY8PGGHIJxmY=
10,-21,Z9gHo3jZyKNVFpyoiTJTM+2hDp4=,m7r4q7JmlD7gZiXtY8PGGHIJxmY=
9,-19,Z9gHo3jZyKNVFpyoiTJTM+2hDp4=,m7r4q7JmlD7gZiXtY8PGGHIJxmY=
11,-23,Z9gHo3jZyKNVFpyoiTJTM+2hDp4=,m7r4q7JmlD7gZiXtY8PGGHIJxmY=
11,-22,Z9gHo3jZyKNVFpyoiTJTM+2hDp4=,m7r4q7JmlD7gZiXtY8PGGHIJxmY=
8,-24,Z9gHo3jZyKNVFpyoiTJTM+2hDp4=,m7r4q7JmlD7gZiXtY8PGGHIJxmY=
10,-24,Z9gHo3jZyKNVFpyoiTJTM+2hDp4=,m7r4q7JmlD7gZiXtY8PGGHIJxmY=
7,-20,Z9gHo3jZyKNVFpyoiTJTM+2hDp4=,8Kt5X8xsWUKKdjZECNQjHOk8+z0=
8,-22,Z9gHo3jZyKNVFpyoiTJTM+2hDp4=,m7r4q7JmlD7gZiXtY8PGGHIJxmY=
10,-23,Z9gHo3jZyKNVFpyoiTJTM+2hDp4=,m7r4q7JmlD7gZiXtY8PGGHIJxmY=
10,-22,Z9gHo3jZyKNVFpyoiTJTM+2hDp4=,m7r4q7JmlD7gZiXtY8PGGHIJxmY=
15,-17,Z9gHo3jZyKNVFpyoiTJTM+2hDp4=,m7r4q7JmlD7gZiXtY8PGGHIJxmY=
8,-19,Z9gHo3jZyKNVFpyoiTJTM+2hDp4=,m7r4q7JmlD7gZiXtY8PGGHIJxmY=
14,-17,Z9gHo3jZyKNVFpyoiTJTM+2hDp4=,m7r4q7JmlD7gZiXtY8PGGHIJxmY=
15,-25,Z9gHo3jZyKNVFpyoiTJTM+2hDp4=,EKjNUIk+l7SYsk0H0PwBTJRwDA4=
7,-21,Z9gHo3jZyKNVFpyoiTJTM+2hDp4=,8Kt5X8xsWUKKdjZECNQjHOk8+z0=
11,-24,Z9gHo3jZyKNVFpyoiTJTM+2hDp4=,m7r4q7JmlD7gZiXtY8PGGHIJxmY=
13,-17,Z9gHo3jZyKNVFpyoiTJTM+2hDp4=,m7r4q7JmlD7gZiXtY8PGGHIJxmY=
9,-24,Z9gHo3jZyKNVFpyoiTJTM+2hDp4=,m7r4q7JmlD7gZiXtY8PGGHIJxmY=
14,-25,Z9gHo3jZyKNVFpyoiTJTM+2hDp4=,EKjNUIk+l7SYsk0H0PwBTJRwDA4=
4,-11,b4AaYQqVkOvr0TlUHH0+k2X3mCg=,oMOiZPsuFsysnA6UT/b4WADmcU4=
3,-11,b4AaYQqVkOvr0TlUHH0+k2X3mCg=,oMOiZPsuFsysnA6UT/b4WADmcU4=
5,-11,b4AaYQqVkOvr0TlUHH0+k2X3mCg=,oMOiZPsuFsysnA6UT/b4WADmcU4=
2,-11,b4AaYQqVkOvr0TlUHH0+k2X3mCg=,oMOiZPsuFsysnA6UT/b4WADmcU4=
1,-11,b4AaYQqVkOvr0TlUHH0+k2X3mCg=,oMOiZPsuFsysnA6UT/b4WADmcU4=
6,-12,b4AaYQqVkOvr0TlUHH0+k2X3mCg=,oMOiZPsuFsysnA6UT/b4WADmcU4=
5,-12,b4AaYQqVkOvr0TlUHH0+k2X3mCg=,oMOiZPsuFsysnA6UT/b4WADmcU4=
4,-12,E7mZFI2+gtwOOg4buAdQsiwzFZ0=,oMOiZPsuFsysnA6UT/b4WADmcU4=
2,-12,E7mZFI2+gtwOOg4buAdQsiwzFZ0=,oMOiZPsuFsysnA6UT/b4WADmcU4=
6,-11,E7mZFI2+gtwOOg4buAdQsiwzFZ0=,oMOiZPsuFsysnA6UT/b4WADmcU4=
1,-12,E7mZFI2+gtwOOg4buAdQsiwzFZ0=,oMOiZPsuFsysnA6UT/b4WADmcU4=
6,-13,E7mZFI2+gtwOOg4buAdQsiwzFZ0=,oMOiZPsuFsysnA6UT/b4WADmcU4=
5,-13,E7mZFI2+gtwOOg4buAdQsiwzFZ0=,oMOiZPsuFsysnA6UT/b4WADmcU4=
1,-10,E7mZFI2+gtwOOg4buAdQsiwzFZ0=,oMOiZPsuFsysnA6UT/b4WADmcU4=
4,-13,E7mZFI2+gtwOOg4buAdQsiwzFZ0=,oMOiZPsuFsysnA6UT/b4WADmcU4=
2,-10,E7mZFI2+gtwOOg4buAdQsiwzFZ0=,oMOiZPsuFsysnA6UT/b4WADmcU4=
3,-12,E7mZFI2+gtwOOg4buAdQsiwzFZ0=,oMOiZPsuFsysnA6UT/b4WADmcU4=
3,-10,E7mZFI2+gtwOOg4buAdQsiwzFZ0=,oMOiZPsuFsysnA6UT/b4WADmcU4=
4,-10,E7mZFI2+gtwOOg4buAdQsiwzFZ0=,oMOiZPsuFsysnA6UT/b4WADmcU4=
5,-10,E7mZFI2+gtwOOg4buAdQsiwzFZ0=,oMOiZPsuFsysnA6UT/b4WADmcU4=
6,-10,E7mZFI2+gtwOOg4buAdQsiwzFZ0=,oMOiZPsuFsysnA6UT/b4WADmcU4=
3,-13,E7mZFI2+gtwOOg4buAdQsiwzFZ0=,oMOiZPsuFsysnA6UT/b4WADmcU4=
2,-13,E7mZFI2+gtwOOg4buAdQsiwzFZ0=,oMOiZPsuFsysnA6UT/b4WADmcU4=
1,-13,E7mZFI2+gtwOOg4buAdQsiwzFZ0=,oMOiZPsuFsysnA6UT/b4WADmcU4=
6,-14,E7mZFI2+gtwOOg4buAdQsiwzFZ0=,oMOiZPsuFsysnA6UT/b4WADmcU4=
1,-15,E7mZFI2+gtwOOg4buAdQsiwzFZ0=,oMOiZPsuFsysnA6UT/b4WADmcU4=
2,-15,E7mZFI2+gtwOOg4buAdQsiwzFZ0=,oMOiZPsuFsysnA6UT/b4WADmcU4=
3,-15,E7mZFI2+gtwOOg4buAdQsiwzFZ0=,oMOiZPsuFsysnA6UT/b4WADmcU4=
4,-15,E7mZFI2+gtwOOg4buAdQsiwzFZ0=,oMOiZPsuFsysnA6UT/b4WADmcU4=
5,-15,E7mZFI2+gtwOOg4buAdQsiwzFZ0=,oMOiZPsuFsysnA6UT/b4WADmcU4=
6,-15,E7mZFI2+gtwOOg4buAdQsiwzFZ0=,oMOiZPsuFsysnA6UT/b4WADmcU4=
1,-14,E7mZFI2+gtwOOg4buAdQsiwzFZ0=,oMOiZPsuFsysnA6UT/b4WADmcU4=
2,-14,E7mZFI2+gtwOOg4buAdQsiwzFZ0=,oMOiZPsuFsysnA6UT/b4WADmcU4=
3,-14,E7mZFI2+gtwOOg4buAdQsiwzFZ0=,oMOiZPsuFsysnA6UT/b4WADmcU4=
4,-14,E7mZFI2+gtwOOg4buAdQsiwzFZ0=,oMOiZPsuFsysnA6UT/b4WADmcU4=
5,-14,E7mZFI2+gtwOOg4buAdQsiwzFZ0=,oMOiZPsuFsysnA6UT/b4WADmcU4=
3,-5,E7mZFI2+gtwOOg4buAdQsiwzFZ0=,zT+/gQkNPCkK4tRBBt03mtfbwP8=
2,-5,E7mZFI2+gtwOOg4buAdQsiwzFZ0=,zT+/gQkNPCkK4tRBBt03mtfbwP8=
1,-5,E7mZFI2+gtwOOg4buAdQsiwzFZ0=,zT+/gQkNPCkK4tRBBt03mtfbwP8=
6,-6,E7mZFI2+gtwOOg4buAdQsiwzFZ0=,zT+/gQkNPCkK4tRBBt03mtfbwP8=
5,-6,E7mZFI2+gtwOOg4buAdQsiwzFZ0=,zT+/gQkNPCkK4tRBBt03mtfbwP8=
4,-5,E7mZFI2+gtwOOg4buAdQsiwzFZ0=,zT+/gQkNPCkK4tRBBt03mtfbwP8=
5,-5,E7mZFI2+gtwOOg4buAdQsiwzFZ0=,zT+/gQkNPCkK4tRBBt03mtfbwP8=
2,-6,E7mZFI2+gtwOOg4buAdQsiwzFZ0=,zT+/gQkNPCkK4tRBBt03mtfbwP8=
1,-6,E7mZFI2+gtwOOg4buAdQsiwzFZ0=,zT+/gQkNPCkK4tRBBt03mtfbwP8=
6,-5,E7mZFI2+gtwOOg4buAdQsiwzFZ0=,zT+/gQkNPCkK4tRBBt03mtfbwP8=
3,-6,E7mZFI2+gtwOOg4buAdQsiwzFZ0=,zT+/gQkNPCkK4tRBBt03mtfbwP8=
4,-6,E7mZFI2+gtwOOg4buAdQsiwzFZ0=,zT+/gQkNPCkK4tRBBt03mtfbwP8=
1,-4,E7mZFI2+gtwOOg4buAdQsiwzFZ0=,zT+/gQkNPCkK4tRBBt03mtfbwP8=
6,-7,E7mZFI2+gtwOOg4buAdQsiwzFZ0=,zT+/gQkNPCkK4tRBBt03mtfbwP8=
2,-4,E7mZFI2+gtwOOg4buAdQsiwzFZ0=,zT+/gQkNPCkK4tRBBt03mtfbwP8=
5,-7,E7mZFI2+gtwOOg4buAdQsiwzFZ0=,zT+/gQkNPCkK4tRBBt03mtfbwP8=
3,-4,E7mZFI2+gtwOOg4buAdQsiwzFZ0=,zT+/gQkNPCkK4tRBBt03mtfbwP8=
4,-7,E7mZFI2+gtwOOg4buAdQsiwzFZ0=,zT+/gQkNPCkK4tRBBt03mtfbwP8=
4,-4,E7mZFI2+gtwOOg4buAdQsiwzFZ0=,zT+/gQkNPCkK4tRBBt03mtfbwP8=
1,-9,E7mZFI2+gtwOOg4buAdQsiwzFZ0=,oMOiZPsuFsysnA6UT/b4WADmcU4=
3,-7,E7mZFI2+gtwOOg4buAdQsiwzFZ0=,zT+/gQkNPCkK4tRBBt03mtfbwP8=
2,-9,E7mZFI2+gtwOOg4buAdQsiwzFZ0=,oMOiZPsuFsysnA6UT/b4WADmcU4=
6,-2,E7mZFI2+gtwOOg4buAdQsiwzFZ0=,zT+/gQkNPCkK4tRBBt03mtfbwP8=
3,-9,E7mZFI2+gtwOOg4buAdQsiwzFZ0=,oMOiZPsuFsysnA6UT/b4WADmcU4=
5,-2,E7mZFI2+gtwOOg4buAdQsiwzFZ0=,zT+/gQkNPCkK4tRBBt03mtfbwP8=
5,-4,E7mZFI2+gtwOOg4buAdQsiwzFZ0=,zT+/gQkNPCkK4tRBBt03mtfbwP8=
4,-2,E7mZFI2+gtwOOg4buAdQsiwzFZ0=,zT+/gQkNPCkK4tRBBt03mtfbwP8=
6,-4,E7mZFI2+gtwOOg4buAdQsiwzFZ0=,zT+/gQkNPCkK4tRBBt03mtfbwP8=
3,-2,E7mZFI2+gtwOOg4buAdQsiwzFZ0=,zT+/gQkNPCkK4tRBBt03mtfbwP8=
4,-9,E7mZFI2+gtwOOg4buAdQsiwzFZ0=,oMOiZPsuFsysnA6UT/b4WADmcU4=
5,-9,E7mZFI2+gtwOOg4buAdQsiwzFZ0=,oMOiZPsuFsysnA6UT/b4WADmcU4=
2,-2,E7mZFI2+gtwOOg4buAdQsiwzFZ0=,zT+/gQkNPCkK4tRBBt03mtfbwP8=
1,-2,E7mZFI2+gtwOOg4buAdQsiwzFZ0=,zT+/gQkNPCkK4tRBBt03mtfbwP8=
6,-9,E7mZFI2+gtwOOg4buAdQsiwzFZ0=,oMOiZPsuFsysnA6UT/b4WADmcU4=
2,-7,E7mZFI2+gtwOOg4buAdQsiwzFZ0=,zT+/gQkNPCkK4tRBBt03mtfbwP8=
1,-7,E7mZFI2+gtwOOg4buAdQsiwzFZ0=,zT+/gQkNPCkK4tRBBt03mtfbwP8=
1,-3,E7mZFI2+gtwOOg4buAdQsiwzFZ0=,zT+/gQkNPCkK4tRBBt03mtfbwP8=
6,-8,E7mZFI2+gtwOOg4buAdQsiwzFZ0=,zT+/gQkNPCkK4tRBBt03mtfbwP8=
2,-3,E7mZFI2+gtwOOg4buAdQsiwzFZ0=,zT+/gQkNPCkK4tRBBt03mtfbwP8=
6,-3,E7mZFI2+gtwOOg4buAdQsiwzFZ0=,zT+/gQkNPCkK4tRBBt03mtfbwP8=
1,-8,E7mZFI2+gtwOOg4buAdQsiwzFZ0=,zT+/gQkNPCkK4tRBBt03mtfbwP8=
2,-8,E7mZFI2+gtwOOg4buAdQsiwzFZ0=,zT+/gQkNPCkK4tRBBt03mtfbwP8=
3,-8,E7mZFI2+gtwOOg4buAdQsiwzFZ0=,zT+/gQkNPCkK4tRBBt03mtfbwP8=
4,-8,E7mZFI2+gtwOOg4buAdQsiwzFZ0=,zT+/gQkNPCkK4tRBBt03mtfbwP8=
3,-3,E7mZFI2+gtwOOg4buAdQsiwzFZ0=,zT+/gQkNPCkK4tRBBt03mtfbwP8=
4,-3,E7mZFI2+gtwOOg4buAdQsiwzFZ0=,zT+/gQkNPCkK4tRBBt03mtfbwP8=
5,-8,E7mZFI2+gtwOOg4buAdQsiwzFZ0=,zT+/gQkNPCkK4tRBBt03mtfbwP8=
5,-3,E7mZFI2+gtwOOg4buAdQsiwzFZ0=,zT+/gQkNPCkK4tRBBt03mtfbwP8=
1,-1,E7mZFI2+gtwOOg4buAdQsiwzFZ0=,zT+/gQkNPCkK4tRBBt03mtfbwP8=
2,-1,E7mZFI2+gtwOOg4buAdQsiwzFZ0=,zT+/gQkNPCkK4tRBBt03mtfbwP8=
3,-1,E7mZFI2+gtwOOg4buAdQsiwzFZ0=,zT+/gQkNPCkK4tRBBt03mtfbwP8=
4,-1,E7mZFI2+gtwOOg4buAdQsiwzFZ0=,zT+/gQkNPCkK4tRBBt03mtfbwP8=
5,-1,E7mZFI2+gtwOOg4buAdQsiwzFZ0=,zT+/gQkNPCkK4tRBBt03mtfbwP8=
6,-1,E7mZFI2+gtwOOg4buAdQsiwzFZ0=,zT+/gQkNPCkK4tRBBt03mtfbwP8=
1,-16,E7mZFI2+gtwOOg4buAdQsiwzFZ0=,oMOiZPsuFsysnA6UT/b4WADmcU4=
6,-16,E7mZFI2+gtwOOg4buAdQsiwzFZ0=,oMOiZPsuFsysnA6UT/b4WADmcU4=
5,-16,E7mZFI2+gtwOOg4buAdQsiwzFZ0=,oMOiZPsuFsysnA6UT/b4WADmcU4=
4,-16,E7mZFI2+gtwOOg4buAdQsiwzFZ0=,oMOiZPsuFsysnA6UT/b4WADmcU4=
3,-16,E7mZFI2+gtwOOg4buAdQsiwzFZ0=,oMOiZPsuFsysnA6UT/b4WADmcU4=
0,-10,E7mZFI2+gtwOOg4buAdQsiwzFZ0=,oMOiZPsuFsysnA6UT/b4WADmcU4=
0,-15,E7mZFI2+gtwOOg4buAdQsiwzFZ0=,oMOiZPsuFsysnA6UT/b4WADmcU4=
0,-14,E7mZFI2+gtwOOg4buAdQsiwzFZ0=,oMOiZPsuFsysnA6UT/b4WADmcU4=
0,-11,E7mZFI2+gtwOOg4buAdQsiwzFZ0=,oMOiZPsuFsysnA6UT/b4WADmcU4=
0,-13,E7mZFI2+gtwOOg4buAdQsiwzFZ0=,oMOiZPsuFsysnA6UT/b4WADmcU4=
0,-12,E7mZFI2+gtwOOg4buAdQsiwzFZ0=,oMOiZPsuFsysnA6UT/b4WADmcU4=
2,-16,E7mZFI2+gtwOOg4buAdQsiwzFZ0=,oMOiZPsuFsysnA6UT/b4WADmcU4=
0,-16,E7mZFI2+gtwOOg4buAdQsiwzFZ0=,oMOiZPsuFsysnA6UT/b4WADmcU4=
0,-4,E7mZFI2+gtwOOg4buAdQsiwzFZ0=,zT+/gQkNPCkK4tRBBt03mtfbwP8=
0,-5,E7mZFI2+gtwOOg4buAdQsiwzFZ0=,zT+/gQkNPCkK4tRBBt03mtfbwP8=
0,-9,E7mZFI2+gtwOOg4buAdQsiwzFZ0=,oMOiZPsuFsysnA6UT/b4WADmcU4=
0,-6,E7mZFI2+gtwOOg4buAdQsiwzFZ0=,zT+/gQkNPCkK4tRBBt03mtfbwP8=
0,-3,E7mZFI2+gtwOOg4buAdQsiwzFZ0=,zT+/gQkNPCkK4tRBBt03mtfbwP8=
0,-8,E7mZFI2+gtwOOg4buAdQsiwzFZ0=,zT+/gQkNPCkK4tRBBt03mtfbwP8=
0,-1,E7mZFI2+gtwOOg4buAdQsiwzFZ0=,zT+/gQkNPCkK4tRBBt03mtfbwP8=
0,-2,E7mZFI2+gtwOOg4buAdQsiwzFZ0=,zT+/gQkNPCkK4tRBBt03mtfbwP8=
0,-7,E7mZFI2+gtwOOg4buAdQsiwzFZ0=,zT+/gQkNPCkK4tRBBt03mtfbwP8=
15,-10,E7mZFI2+gtwOOg4buAdQsiwzFZ0=,IMxdqnLLjKNZiZkQDPdktL2mr/g=
7,-11,E7mZFI2+gtwOOg4buAdQsiwzFZ0=,oMOiZPsuFsysnA6UT/b4WADmcU4=
8,-16,E7mZFI2+gtwOOg4buAdQsiwzFZ0=,IMxdqnLLjKNZiZkQDPdktL2mr/g=
14,-10,E7mZFI2+gtwOOg4buAdQsiwzFZ0=,IMxdqnLLjKNZiZkQDPdktL2mr/g=
9,-16,E7mZFI2+gtwOOg4buAdQsiwzFZ0=,IMxdqnLLjKNZiZkQDPdktL2mr/g=
13,-10,E7mZFI2+gtwOOg4buAdQsiwzFZ0=,IMxdqnLLjKNZiZkQDPdktL2mr/g=
12,-10,E7mZFI2+gtwOOg4buAdQsiwzFZ0=,IMxdqnLLjKNZiZkQDPdktL2mr/g=
11,-10,E7mZFI2+gtwOOg4buAdQsiwzFZ0=,IMxdqnLLjKNZiZkQDPdktL2mr/g=
10,-10,E7mZFI2+gtwOOg4buAdQsiwzFZ0=,IMxdqnLLjKNZiZkQDPdktL2mr/g=
10,-16,E7mZFI2+gtwOOg4buAdQsiwzFZ0=,IMxdqnLLjKNZiZkQDPdktL2mr/g=
9,-10,E7mZFI2+gtwOOg4buAdQsiwzFZ0=,IMxdqnLLjKNZiZkQDPdktL2mr/g=
15,-11,E7mZFI2+gtwOOg4buAdQsiwzFZ0=,IMxdqnLLjKNZiZkQDPdktL2mr/g=
7,-12,E7mZFI2+gtwOOg4buAdQsiwzFZ0=,oMOiZPsuFsysnA6UT/b4WADmcU4=
8,-10,E7mZFI2+gtwOOg4buAdQsiwzFZ0=,IMxdqnLLjKNZiZkQDPdktL2mr/g=
14,-11,E7mZFI2+gtwOOg4buAdQsiwzFZ0=,IMxdqnLLjKNZiZkQDPdktL2mr/g=
11,-16,E7mZFI2+gtwOOg4buAdQsiwzFZ0=,IMxdqnLLjKNZiZkQDPdktL2mr/g=
13,-11,E7mZFI2+gtwOOg4buAdQsiwzFZ0=,IMxdqnLLjKNZiZkQDPdktL2mr/g=
12,-11,E7mZFI2+gtwOOg4buAdQsiwzFZ0=,IMxdqnLLjKNZiZkQDPdktL2mr/g=
10,-11,E7mZFI2+gtwOOg4buAdQsiwzFZ0=,IMxdqnLLjKNZiZkQDPdktL2mr/g=
12,-16,E7mZFI2+gtwOOg4buAdQsiwzFZ0=,IMxdqnLLjKNZiZkQDPdktL2mr/g=
9,-11,E7mZFI2+gtwOOg4buAdQsiwzFZ0=,IMxdqnLLjKNZiZkQDPdktL2mr/g=
8,-11,E7mZFI2+gtwOOg4buAdQsiwzFZ0=,IMxdqnLLjKNZiZkQDPdktL2mr/g=
15,-12,E7mZFI2+gtwOOg4buAdQsiwzFZ0=,IMxdqnLLjKNZiZkQDPdktL2mr/g=
11,-11,E7mZFI2+gtwOOg4buAdQsiwzFZ0=,IMxdqnLLjKNZiZkQDPdktL2mr/g=
14,-12,E7mZFI2+gtwOOg4buAdQsiwzFZ0=,IMxdqnLLjKNZiZkQDPdktL2mr/g=
7,-13,E7mZFI2+gtwOOg4buAdQsiwzFZ0=,oMOiZPsuFsysnA6UT/b4WADmcU4=
12,-12,E7mZFI2+gtwOOg4buAdQsiwzFZ0=,IMxdqnLLjKNZiZkQDPdktL2mr/g=
13,-12,E7mZFI2+gtwOOg4buAdQsiwzFZ0=,IMxdqnLLjKNZiZkQDPdktL2mr/g=
10,-12,E7mZFI2+gtwOOg4buAdQsiwzFZ0=,IMxdqnLLjKNZiZkQDPdktL2mr/g=
11,-12,E7mZFI2+gtwOOg4buAdQsiwzFZ0=,IMxdqnLLjKNZiZkQDPdktL2mr/g=
9,-12,E7mZFI2+gtwOOg4buAdQsiwzFZ0=,IMxdqnLLjKNZiZkQDPdktL2mr/g=
15,-13,E7mZFI2+gtwOOg4buAdQsiwzFZ0=,IMxdqnLLjKNZiZkQDPdktL2mr/g=
8,-12,E7mZFI2+gtwOOg4buAdQsiwzFZ0=,IMxdqnLLjKNZiZkQDPdktL2mr/g=
14,-13,E7mZFI2+gtwOOg4buAdQsiwzFZ0=,IMxdqnLLjKNZiZkQDPdktL2mr/g=
12,-13,E7mZFI2+gtwOOg4buAdQsiwzFZ0=,IMxdqnLLjKNZiZkQDPdktL2mr/g=
13,-13,E7mZFI2+gtwOOg4buAdQsiwzFZ0=,IMxdqnLLjKNZiZkQDPdktL2mr/g=
11,-13,E7mZFI2+gtwOOg4buAdQsiwzFZ0=,IMxdqnLLjKNZiZkQDPdktL2mr/g=
10,-13,E7mZFI2+gtwOOg4buAdQsiwzFZ0=,IMxdqnLLjKNZiZkQDPdktL2mr/g=
7,-14,E7mZFI2+gtwOOg4buAdQsiwzFZ0=,oMOiZPsuFsysnA6UT/b4WADmcU4=
8,-13,E7mZFI2+gtwOOg4buAdQsiwzFZ0=,IMxdqnLLjKNZiZkQDPdktL2mr/g=
13,-14,E7mZFI2+gtwOOg4buAdQsiwzFZ0=,IMxdqnLLjKNZiZkQDPdktL2mr/g=
15,-14,E7mZFI2+gtwOOg4buAdQsiwzFZ0=,IMxdqnLLjKNZiZkQDPdktL2mr/g=
14,-14,E7mZFI2+gtwOOg4buAdQsiwzFZ0=,IMxdqnLLjKNZiZkQDPdktL2mr/g=
11,-14,E7mZFI2+gtwOOg4buAdQsiwzFZ0=,IMxdqnLLjKNZiZkQDPdktL2mr/g=
8,-14,E7mZFI2+gtwOOg4buAdQsiwzFZ0=,IMxdqnLLjKNZiZkQDPdktL2mr/g=
9,-14,E7mZFI2+gtwOOg4buAdQsiwzFZ0=,IMxdqnLLjKNZiZkQDPdktL2mr/g=
12,-14,E7mZFI2+gtwOOg4buAdQsiwzFZ0=,IMxdqnLLjKNZiZkQDPdktL2mr/g=
10,-14,E7mZFI2+gtwOOg4buAdQsiwzFZ0=,IMxdqnLLjKNZiZkQDPdktL2mr/g=
12,-15,E7mZFI2+gtwOOg4buAdQsiwzFZ0=,IMxdqnLLjKNZiZkQDPdktL2mr/g=
7,-15,E7mZFI2+gtwOOg4buAdQsiwzFZ0=,oMOiZPsuFsysnA6UT/b4WADmcU4=
13,-15,E7mZFI2+gtwOOg4buAdQsiwzFZ0=,IMxdqnLLjKNZiZkQDPdktL2mr/g=
15,-15,E7mZFI2+gtwOOg4buAdQsiwzFZ0=,IMxdqnLLjKNZiZkQDPdktL2mr/g=
14,-15,E7mZFI2+gtwOOg4buAdQsiwzFZ0=,IMxdqnLLjKNZiZkQDPdktL2mr/g=
15,-16,E7mZFI2+gtwOOg4buAdQsiwzFZ0=,IMxdqnLLjKNZiZkQDPdktL2mr/g=
11,-15,E7mZFI2+gtwOOg4buAdQsiwzFZ0=,IMxdqnLLjKNZiZkQDPdktL2mr/g=
10,-15,E7mZFI2+gtwOOg4buAdQsiwzFZ0=,IMxdqnLLjKNZiZkQDPdktL2mr/g=
8,-15,E7mZFI2+gtwOOg4buAdQsiwzFZ0=,IMxdqnLLjKNZiZkQDPdktL2mr/g=
14,-16,E7mZFI2+gtwOOg4buAdQsiwzFZ0=,IMxdqnLLjKNZiZkQDPdktL2mr/g=
13,-16,E7mZFI2+gtwOOg4buAdQsiwzFZ0=,IMxdqnLLjKNZiZkQDPdktL2mr/g=
9,-15,E7mZFI2+gtwOOg4buAdQsiwzFZ0=,IMxdqnLLjKNZiZkQDPdktL2mr/g=
9,-13,E7mZFI2+gtwOOg4buAdQsiwzFZ0=,IMxdqnLLjKNZiZkQDPdktL2mr/g=
7,-16,E7mZFI2+gtwOOg4buAdQsiwzFZ0=,oMOiZPsuFsysnA6UT/b4WADmcU4=
7,-10,E7mZFI2+gtwOOg4buAdQsiwzFZ0=,oMOiZPsuFsysnA6UT/b4WADmcU4=
12,-9,E7mZFI2+gtwOOg4buAdQsiwzFZ0=,IMxdqnLLjKNZiZkQDPdktL2mr/g=
11,-1,E7mZFI2+gtwOOg4buAdQsiwzFZ0=,5ywleJ91erxYntoW3gTtwxnOS0Q=
13,-2,E7mZFI2+gtwOOg4buAdQsiwzFZ0=,5ywleJ91erxYntoW3gTtwxnOS0Q=
12,-2,E7mZFI2+gtwOOg4buAdQsiwzFZ0=,5ywleJ91erxYntoW3gTtwxnOS0Q=
7,-1,E7mZFI2+gtwOOg4buAdQsiwzFZ0=,zT+/gQkNPCkK4tRBBt03mtfbwP8=
10,-1,E7mZFI2+gtwOOg4buAdQsiwzFZ0=,5ywleJ91erxYntoW3gTtwxnOS0Q=
11,-9,E7mZFI2+gtwOOg4buAdQsiwzFZ0=,IMxdqnLLjKNZiZkQDPdktL2mr/g=
11,-2,E7mZFI2+gtwOOg4buAdQsiwzFZ0=,5ywleJ91erxYntoW3gTtwxnOS0Q=
8,-3,E7mZFI2+gtwOOg4buAdQsiwzFZ0=,5ywleJ91erxYntoW3gTtwxnOS0Q=
9,-1,E7mZFI2+gtwOOg4buAdQsiwzFZ0=,5ywleJ91erxYntoW3gTtwxnOS0Q=
10,-2,E7mZFI2+gtwOOg4buAdQsiwzFZ0=,5ywleJ91erxYntoW3gTtwxnOS0Q=
8,-9,E7mZFI2+gtwOOg4buAdQsiwzFZ0=,IMxdqnLLjKNZiZkQDPdktL2mr/g=
10,-9,E7mZFI2+gtwOOg4buAdQsiwzFZ0=,IMxdqnLLjKNZiZkQDPdktL2mr/g=
13,-3,E7mZFI2+gtwOOg4buAdQsiwzFZ0=,5ywleJ91erxYntoW3gTtwxnOS0Q=
9,-9,E7mZFI2+gtwOOg4buAdQsiwzFZ0=,IMxdqnLLjKNZiZkQDPdktL2mr/g=
7,-6,E7mZFI2+gtwOOg4buAdQsiwzFZ0=,zT+/gQkNPCkK4tRBBt03mtfbwP8=
15,-4,E7mZFI2+gtwOOg4buAdQsiwzFZ0=,5ywleJ91erxYntoW3gTtwxnOS0Q=
8,-1,E7mZFI2+gtwOOg4buAdQsiwzFZ0=,5ywleJ91erxYntoW3gTtwxnOS0Q=
12,-1,E7mZFI2+gtwOOg4buAdQsiwzFZ0=,5ywleJ91erxYntoW3gTtwxnOS0Q=
7,-7,E7mZFI2+gtwOOg4buAdQsiwzFZ0=,zT+/gQkNPCkK4tRBBt03mtfbwP8=
9,-4,E7mZFI2+gtwOOg4buAdQsiwzFZ0=,5ywleJ91erxYntoW3gTtwxnOS0Q=
12,-3,E7mZFI2+gtwOOg4buAdQsiwzFZ0=,5ywleJ91erxYntoW3gTtwxnOS0Q=
9,-5,E7mZFI2+gtwOOg4buAdQsiwzFZ0=,5ywleJ91erxYntoW3gTtwxnOS0Q=
15,-2,E7mZFI2+gtwOOg4buAdQsiwzFZ0=,5ywleJ91erxYntoW3gTtwxnOS0Q=
7,-2,E7mZFI2+gtwOOg4buAdQsiwzFZ0=,zT+/gQkNPCkK4tRBBt03mtfbwP8=
9,-6,E7mZFI2+gtwOOg4buAdQsiwzFZ0=,5ywleJ91erxYntoW3gTtwxnOS0Q=
14,-4,E7mZFI2+gtwOOg4buAdQsiwzFZ0=,5ywleJ91erxYntoW3gTtwxnOS0Q=
14,-2,E7mZFI2+gtwOOg4buAdQsiwzFZ0=,5ywleJ91erxYntoW3gTtwxnOS0Q=
14,-3,E7mZFI2+gtwOOg4buAdQsiwzFZ0=,5ywleJ91erxYntoW3gTtwxnOS0Q=
15,-5,E7mZFI2+gtwOOg4buAdQsiwzFZ0=,5ywleJ91erxYntoW3gTtwxnOS0Q=
8,-4,E7mZFI2+gtwOOg4buAdQsiwzFZ0=,5ywleJ91erxYntoW3gTtwxnOS0Q=
13,-4,E7mZFI2+gtwOOg4buAdQsiwzFZ0=,5ywleJ91erxYntoW3gTtwxnOS0Q=
7,-3,E7mZFI2+gtwOOg4buAdQsiwzFZ0=,zT+/gQkNPCkK4tRBBt03mtfbwP8=
8,-5,E7mZFI2+gtwOOg4buAdQsiwzFZ0=,5ywleJ91erxYntoW3gTtwxnOS0Q=
7,-8,E7mZFI2+gtwOOg4buAdQsiwzFZ0=,zT+/gQkNPCkK4tRBBt03mtfbwP8=
15,-6,E7mZFI2+gtwOOg4buAdQsiwzFZ0=,5ywleJ91erxYntoW3gTtwxnOS0Q=
13,-1,E7mZFI2+gtwOOg4buAdQsiwzFZ0=,5ywleJ91erxYntoW3gTtwxnOS0Q=
14,-5,E7mZFI2+gtwOOg4buAdQsiwzFZ0=,5ywleJ91erxYntoW3gTtwxnOS0Q=
10,-3,E7mZFI2+gtwOOg4buAdQsiwzFZ0=,5ywleJ91erxYntoW3gTtwxnOS0Q=
13,-5,E7mZFI2+gtwOOg4buAdQsiwzFZ0=,5ywleJ91erxYntoW3gTtwxnOS0Q=
12,-4,E7mZFI2+gtwOOg4buAdQsiwzFZ0=,5ywleJ91erxYntoW3gTtwxnOS0Q=
14,-6,E7mZFI2+gtwOOg4buAdQsiwzFZ0=,5ywleJ91erxYntoW3gTtwxnOS0Q=
11,-3,E7mZFI2+gtwOOg4buAdQsiwzFZ0=,5ywleJ91erxYntoW3gTtwxnOS0Q=
12,-5,E7mZFI2+gtwOOg4buAdQsiwzFZ0=,5ywleJ91erxYntoW3gTtwxnOS0Q=
13,-6,E7mZFI2+gtwOOg4buAdQsiwzFZ0=,5ywleJ91erxYntoW3gTtwxnOS0Q=
7,-9,E7mZFI2+gtwOOg4buAdQsiwzFZ0=,oMOiZPsuFsysnA6UT/b4WADmcU4=
10,-8,E7mZFI2+gtwOOg4buAdQsiwzFZ0=,5ywleJ91erxYntoW3gTtwxnOS0Q=
9,-3,E7mZFI2+gtwOOg4buAdQsiwzFZ0=,5ywleJ91erxYntoW3gTtwxnOS0Q=
12,-6,E7mZFI2+gtwOOg4buAdQsiwzFZ0=,5ywleJ91erxYntoW3gTtwxnOS0Q=
15,-3,E7mZFI2+gtwOOg4buAdQsiwzFZ0=,5ywleJ91erxYntoW3gTtwxnOS0Q=
10,-7,E7mZFI2+gtwOOg4buAdQsiwzFZ0=,5ywleJ91erxYntoW3gTtwxnOS0Q=
7,-4,E7mZFI2+gtwOOg4buAdQsiwzFZ0=,zT+/gQkNPCkK4tRBBt03mtfbwP8=
11,-4,E7mZFI2+gtwOOg4buAdQsiwzFZ0=,5ywleJ91erxYntoW3gTtwxnOS0Q=
11,-6,E7mZFI2+gtwOOg4buAdQsiwzFZ0=,5ywleJ91erxYntoW3gTtwxnOS0Q=
9,-7,E7mZFI2+gtwOOg4buAdQsiwzFZ0=,5ywleJ91erxYntoW3gTtwxnOS0Q=
10,-6,E7mZFI2+gtwOOg4buAdQsiwzFZ0=,5ywleJ91erxYntoW3gTtwxnOS0Q=
8,-7,E7mZFI2+gtwOOg4buAdQsiwzFZ0=,5ywleJ91erxYntoW3gTtwxnOS0Q=
15,-9,E7mZFI2+gtwOOg4buAdQsiwzFZ0=,IMxdqnLLjKNZiZkQDPdktL2mr/g=
15,-8,E7mZFI2+gtwOOg4buAdQsiwzFZ0=,5ywleJ91erxYntoW3gTtwxnOS0Q=
8,-6,E7mZFI2+gtwOOg4buAdQsiwzFZ0=,5ywleJ91erxYntoW3gTtwxnOS0Q=
11,-5,E7mZFI2+gtwOOg4buAdQsiwzFZ0=,5ywleJ91erxYntoW3gTtwxnOS0Q=
15,-7,E7mZFI2+gtwOOg4buAdQsiwzFZ0=,5ywleJ91erxYntoW3gTtwxnOS0Q=
14,-8,E7mZFI2+gtwOOg4buAdQsiwzFZ0=,5ywleJ91erxYntoW3gTtwxnOS0Q=
14,-7,E7mZFI2+gtwOOg4buAdQsiwzFZ0=,5ywleJ91erxYntoW3gTtwxnOS0Q=
14,-1,E7mZFI2+gtwOOg4buAdQsiwzFZ0=,5ywleJ91erxYntoW3gTtwxnOS0Q=
13,-7,E7mZFI2+gtwOOg4buAdQsiwzFZ0=,5ywleJ91erxYntoW3gTtwxnOS0Q=
12,-7,E7mZFI2+gtwOOg4buAdQsiwzFZ0=,5ywleJ91erxYntoW3gTtwxnOS0Q=
14,-9,E7mZFI2+gtwOOg4buAdQsiwzFZ0=,IMxdqnLLjKNZiZkQDPdktL2mr/g=
13,-8,E7mZFI2+gtwOOg4buAdQsiwzFZ0=,5ywleJ91erxYntoW3gTtwxnOS0Q=
11,-7,E7mZFI2+gtwOOg4buAdQsiwzFZ0=,5ywleJ91erxYntoW3gTtwxnOS0Q=
7,-5,E7mZFI2+gtwOOg4buAdQsiwzFZ0=,zT+/gQkNPCkK4tRBBt03mtfbwP8=
12,-8,E7mZFI2+gtwOOg4buAdQsiwzFZ0=,5ywleJ91erxYntoW3gTtwxnOS0Q=
8,-8,E7mZFI2+gtwOOg4buAdQsiwzFZ0=,5ywleJ91erxYntoW3gTtwxnOS0Q=
10,-5,E7mZFI2+gtwOOg4buAdQsiwzFZ0=,5ywleJ91erxYntoW3gTtwxnOS0Q=
15,-1,E7mZFI2+gtwOOg4buAdQsiwzFZ0=,5ywleJ91erxYntoW3gTtwxnOS0Q=
10,-4,E7mZFI2+gtwOOg4buAdQsiwzFZ0=,5ywleJ91erxYntoW3gTtwxnOS0Q=
13,-9,E7mZFI2+gtwOOg4buAdQsiwzFZ0=,IMxdqnLLjKNZiZkQDPdktL2mr/g=
11,-8,E7mZFI2+gtwOOg4buAdQsiwzFZ0=,5ywleJ91erxYntoW3gTtwxnOS0Q=
9,-8,E7mZFI2+gtwOOg4buAdQsiwzFZ0=,5ywleJ91erxYntoW3gTtwxnOS0Q=
8,-2,E7mZFI2+gtwOOg4buAdQsiwzFZ0=,5ywleJ91erxYntoW3gTtwxnOS0Q=
9,-2,E7mZFI2+gtwOOg4buAdQsiwzFZ0=,5ywleJ91erxYntoW3gTtwxnOS0Q=
