218,235,74Kr9uT6dLnBXq74mvEqj3zg720=,VG3Eg0NcW7IawaK1pbf32k/JPvw=
217,235,74Kr9uT6dLnBXq74mvEqj3zg720=,VG3Eg0NcW7IawaK1pbf32k/JPvw=
222,234,74Kr9uT6dLnBXq74mvEqj3zg720=,VG3Eg0NcW7IawaK1pbf32k/JPvw=
220,238,74Kr9uT6dLnBXq74mvEqj3zg720=,VG3Eg0NcW7IawaK1pbf32k/JPvw=
219,238,74Kr9uT6dLnBXq74mvEqj3zg720=,VG3Eg0NcW7IawaK1pbf32k/JPvw=
221,238,74Kr9uT6dLnBXq74mvEqj3zg720=,VG3Eg0NcW7IawaK1pbf32k/JPvw=
218,238,74Kr9uT6dLnBXq74mvEqj3zg720=,VG3Eg0NcW7IawaK1pbf32k/JPvw=
219,235,74Kr9uT6dLnBXq74mvEqj3zg720=,VG3Eg0NcW7IawaK1pbf32k/JPvw=
220,234,74Kr9uT6dLnBXq74mvEqj3zg720=,VG3Eg0NcW7IawaK1pbf32k/JPvw=
222,238,74Kr9uT6dLnBXq74mvEqj3zg720=,VG3Eg0NcW7IawaK1pbf32k/JPvw=
221,234,74Kr9uT6dLnBXq74mvEqj3zg720=,VG3Eg0NcW7IawaK1pbf32k/JPvw=
221,237,74Kr9uT6dLnBXq74mvEqj3zg720=,VG3Eg0NcW7IawaK1pbf32k/JPvw=
219,237,74Kr9uT6dLnBXq74mvEqj3zg720=,VG3Eg0NcW7IawaK1pbf32k/JPvw=
218,237,74Kr9uT6dLnBXq74mvEqj3zg720=,VG3Eg0NcW7IawaK1pbf32k/JPvw=
222,233,74Kr9uT6dLnBXq74mvEqj3zg720=,VG3Eg0NcW7IawaK1pbf32k/JPvw=
221,233,74Kr9uT6dLnBXq74mvEqj3zg720=,VG3Eg0NcW7IawaK1pbf32k/JPvw=
220,233,74Kr9uT6dLnBXq74mvEqj3zg720=,VG3Eg0NcW7IawaK1pbf32k/JPvw=
217,237,74Kr9uT6dLnBXq74mvEqj3zg720=,VG3Eg0NcW7IawaK1pbf32k/JPvw=
218,234,74Kr9uT6dLnBXq74mvEqj3zg720=,VG3Eg0NcW7IawaK1pbf32k/JPvw=
220,237,74Kr9uT6dLnBXq74mvEqj3zg720=,VG3Eg0NcW7IawaK1pbf32k/JPvw=
219,234,74Kr9uT6dLnBXq74mvEqj3zg720=,VG3Eg0NcW7IawaK1pbf32k/JPvw=
217,234,74Kr9uT6dLnBXq74mvEqj3zg720=,VG3Eg0NcW7IawaK1pbf32k/JPvw=
220,235,74Kr9uT6dLnBXq74mvEqj3zg720=,VG3Eg0NcW7IawaK1pbf32k/JPvw=
219,233,74Kr9uT6dLnBXq74mvEqj3zg720=,VG3Eg0NcW7IawaK1pbf32k/JPvw=
222,237,74Kr9uT6dLnBXq74mvEqj3zg720=,VG3Eg0NcW7IawaK1pbf32k/JPvw=
219,236,74Kr9uT6dLnBXq74mvEqj3zg720=,VG3Eg0NcW7IawaK1pbf32k/JPvw=
218,236,74Kr9uT6dLnBXq74mvEqj3zg720=,VG3Eg0NcW7IawaK1pbf32k/JPvw=
217,236,74Kr9uT6dLnBXq74mvEqj3zg720=,VG3Eg0NcW7IawaK1pbf32k/JPvw=
220,236,74Kr9uT6dLnBXq74mvEqj3zg720=,VG3Eg0NcW7IawaK1pbf32k/JPvw=
218,233,74Kr9uT6dLnBXq74mvEqj3zg720=,VG3Eg0NcW7IawaK1pbf32k/JPvw=
217,238,74Kr9uT6dLnBXq74mvEqj3zg720=,VG3Eg0NcW7IawaK1pbf32k/JPvw=
221,236,74Kr9uT6dLnBXq74mvEqj3zg720=,VG3Eg0NcW7IawaK1pbf32k/JPvw=
222,235,74Kr9uT6dLnBXq74mvEqj3zg720=,VG3Eg0NcW7IawaK1pbf32k/JPvw=
217,233,74Kr9uT6dLnBXq74mvEqj3zg720=,VG3Eg0NcW7IawaK1pbf32k/JPvw=
221,235,74Kr9uT6dLnBXq74mvEqj3zg720=,VG3Eg0NcW7IawaK1pbf32k/JPvw=
222,236,74Kr9uT6dLnBXq74mvEqj3zg720=,VG3Eg0NcW7IawaK1pbf32k/JPvw=
217,239,74Kr9uT6dLnBXq74mvEqj3zg720=,VG3Eg0NcW7IawaK1pbf32k/JPvw=
218,239,74Kr9uT6dLnBXq74mvEqj3zg720=,VG3Eg0NcW7IawaK1pbf32k/JPvw=
219,239,74Kr9uT6dLnBXq74mvEqj3zg720=,VG3Eg0NcW7IawaK1pbf32k/JPvw=
220,239,74Kr9uT6dLnBXq74mvEqj3zg720=,VG3Eg0NcW7IawaK1pbf32k/JPvw=
221,239,74Kr9uT6dLnBXq74mvEqj3zg720=,VG3Eg0NcW7IawaK1pbf32k/JPvw=
222,239,74Kr9uT6dLnBXq74mvEqj3zg720=,VG3Eg0NcW7IawaK1pbf32k/JPvw=
214,234,74Kr9uT6dLnBXq74mvEqj3zg720=,WvriGu4KYxwCsOgx1/jj2uCRHH0=
208,235,74Kr9uT6dLnBXq74mvEqj3zg720=,WvriGu4KYxwCsOgx1/jj2uCRHH0=
215,234,74Kr9uT6dLnBXq74mvEqj3zg720=,WvriGu4KYxwCsOgx1/jj2uCRHH0=
209,235,74Kr9uT6dLnBXq74mvEqj3zg720=,WvriGu4KYxwCsOgx1/jj2uCRHH0=
210,235,74Kr9uT6dLnBXq74mvEqj3zg720=,WvriGu4KYxwCsOgx1/jj2uCRHH0=
211,235,74Kr9uT6dLnBXq74mvEqj3zg720=,WvriGu4KYxwCsOgx1/jj2uCRHH0=
212,235,74Kr9uT6dLnBXq74mvEqj3zg720=,WvriGu4KYxwCsOgx1/jj2uCRHH0=
213,235,74Kr9uT6dLnBXq74mvEqj3zg720=,WvriGu4KYxwCsOgx1/jj2uCRHH0=
214,235,74Kr9uT6dLnBXq74mvEqj3zg720=,WvriGu4KYxwCsOgx1/jj2uCRHH0=
208,236,74Kr9uT6dLnBXq74mvEqj3zg720=,WvriGu4KYxwCsOgx1/jj2uCRHH0=
215,235,74Kr9uT6dLnBXq74mvEqj3zg720=,WvriGu4KYxwCsOgx1/jj2uCRHH0=
209,236,74Kr9uT6dLnBXq74mvEqj3zg720=,WvriGu4KYxwCsOgx1/jj2uCRHH0=
210,236,74Kr9uT6dLnBXq74mvEqj3zg720=,WvriGu4KYxwCsOgx1/jj2uCRHH0=
211,236,74Kr9uT6dLnBXq74mvEqj3zg720=,WvriGu4KYxwCsOgx1/jj2uCRHH0=
212,236,74Kr9uT6dLnBXq74mvEqj3zg720=,WvriGu4KYxwCsOgx1/jj2uCRHH0=
213,236,74Kr9uT6dLnBXq74mvEqj3zg720=,WvriGu4KYxwCsOgx1/jj2uCRHH0=
214,236,74Kr9uT6dLnBXq74mvEqj3zg720=,WvriGu4KYxwCsOgx1/jj2uCRHH0=
215,236,74Kr9uT6dLnBXq74mvEqj3zg720=,WvriGu4KYxwCsOgx1/jj2uCRHH0=
208,237,74Kr9uT6dLnBXq74mvEqj3zg720=,WvriGu4KYxwCsOgx1/jj2uCRHH0=
216,236,74Kr9uT6dLnBXq74mvEqj3zg720=,VG3Eg0NcW7IawaK1pbf32k/JPvw=
209,237,74Kr9uT6dLnBXq74mvEqj3zg720=,WvriGu4KYxwCsOgx1/jj2uCRHH0=
211,237,74Kr9uT6dLnBXq74mvEqj3zg720=,WvriGu4KYxwCsOgx1/jj2uCRHH0=
212,237,74Kr9uT6dLnBXq74mvEqj3zg720=,WvriGu4KYxwCsOgx1/jj2uCRHH0=
210,237,74Kr9uT6dLnBXq74mvEqj3zg720=,WvriGu4KYxwCsOgx1/jj2uCRHH0=
213,237,74Kr9uT6dLnBXq74mvEqj3zg720=,WvriGu4KYxwCsOgx1/jj2uCRHH0=
216,233,74Kr9uT6dLnBXq74mvEqj3zg720=,VG3Eg0NcW7IawaK1pbf32k/JPvw=
215,237,74Kr9uT6dLnBXq74mvEqj3zg720=,WvriGu4KYxwCsOgx1/jj2uCRHH0=
214,237,74Kr9uT6dLnBXq74mvEqj3zg720=,WvriGu4KYxwCsOgx1/jj2uCRHH0=
209,238,74Kr9uT6dLnBXq74mvEqj3zg720=,WvriGu4KYxwCsOgx1/jj2uCRHH0=
208,238,74Kr9uT6dLnBXq74mvEqj3zg720=,WvriGu4KYxwCsOgx1/jj2uCRHH0=
210,238,74Kr9uT6dLnBXq74mvEqj3zg720=,WvriGu4KYxwCsOgx1/jj2uCRHH0=
211,238,74Kr9uT6dLnBXq74mvEqj3zg720=,WvriGu4KYxwCsOgx1/jj2uCRHH0=
216,237,74Kr9uT6dLnBXq74mvEqj3zg720=,VG3Eg0NcW7IawaK1pbf32k/JPvw=
212,238,74Kr9uT6dLnBXq74mvEqj3zg720=,WvriGu4KYxwCsOgx1/jj2uCRHH0=
216,234,74Kr9uT6dLnBXq74mvEqj3zg720=,VG3Eg0NcW7IawaK1pbf32k/JPvw=
208,233,74Kr9uT6dLnBXq74mvEqj3zg720=,WvriGu4KYxwCsOgx1/jj2uCRHH0=
213,238,74Kr9uT6dLnBXq74mvEqj3zg720=,WvriGu4KYxwCsOgx1/jj2uCRHH0=
209,233,74Kr9uT6dLnBXq74mvEqj3zg720=,WvriGu4KYxwCsOgx1/jj2uCRHH0=
210,233,74Kr9uT6dLnBXq74mvEqj3zg720=,WvriGu4KYxwCsOgx1/jj2uCRHH0=
214,238,74Kr9uT6dLnBXq74mvEqj3zg720=,WvriGu4KYxwCsOgx1/jj2uCRHH0=
211,233,74Kr9uT6dLnBXq74mvEqj3zg720=,WvriGu4KYxwCsOgx1/jj2uCRHH0=
216,238,74Kr9uT6dLnBXq74mvEqj3zg720=,VG3Eg0NcW7IawaK1pbf32k/JPvw=
212,233,74Kr9uT6dLnBXq74mvEqj3zg720=,WvriGu4KYxwCsOgx1/jj2uCRHH0=
213,233,74Kr9uT6dLnBXq74mvEqj3zg720=,WvriGu4KYxwCsOgx1/jj2uCRHH0=
214,233,74Kr9uT6dLnBXq74mvEqj3zg720=,WvriGu4KYxwCsOgx1/jj2uCRHH0=
215,238,74Kr9uT6dLnBXq74mvEqj3zg720=,WvriGu4KYxwCsOgx1/jj2uCRHH0=
215,233,74Kr9uT6dLnBXq74mvEqj3zg720=,WvriGu4KYxwCsOgx1/jj2uCRHH0=
209,234,74Kr9uT6dLnBXq74mvEqj3zg720=,WvriGu4KYxwCsOgx1/jj2uCRHH0=
216,239,74Kr9uT6dLnBXq74mvEqj3zg720=,VG3Eg0NcW7IawaK1pbf32k/JPvw=
208,234,74Kr9uT6dLnBXq74mvEqj3zg720=,WvriGu4KYxwCsOgx1/jj2uCRHH0=
209,239,74Kr9uT6dLnBXq74mvEqj3zg720=,WvriGu4KYxwCsOgx1/jj2uCRHH0=
210,239,74Kr9uT6dLnBXq74mvEqj3zg720=,WvriGu4KYxwCsOgx1/jj2uCRHH0=
211,239,74Kr9uT6dLnBXq74mvEqj3zg720=,WvriGu4KYxwCsOgx1/jj2uCRHH0=
216,235,74Kr9uT6dLnBXq74mvEqj3zg720=,VG3Eg0NcW7IawaK1pbf32k/JPvw=
210,234,74Kr9uT6dLnBXq74mvEqj3zg720=,WvriGu4KYxwCsOgx1/jj2uCRHH0=
212,239,74Kr9uT6dLnBXq74mvEqj3zg720=,WvriGu4KYxwCsOgx1/jj2uCRHH0=
211,234,74Kr9uT6dLnBXq74mvEqj3zg720=,WvriGu4KYxwCsOgx1/jj2uCRHH0=
213,234,74Kr9uT6dLnBXq74mvEqj3zg720=,WvriGu4KYxwCsOgx1/jj2uCRHH0=
212,234,74Kr9uT6dLnBXq74mvEqj3zg720=,WvriGu4KYxwCsOgx1/jj2uCRHH0=
213,239,74Kr9uT6dLnBXq74mvEqj3zg720=,WvriGu4KYxwCsOgx1/jj2uCRHH0=
214,239,74Kr9uT6dLnBXq74mvEqj3zg720=,WvriGu4KYxwCsOgx1/jj2uCRHH0=
223,235,74Kr9uT6dLnBXq74mvEqj3zg720=,VG3Eg0NcW7IawaK1pbf32k/JPvw=
215,239,74Kr9uT6dLnBXq74mvEqj3zg720=,WvriGu4KYxwCsOgx1/jj2uCRHH0=
223,234,74Kr9uT6dLnBXq74mvEqj3zg720=,VG3Eg0NcW7IawaK1pbf32k/JPvw=
223,236,74Kr9uT6dLnBXq74mvEqj3zg720=,VG3Eg0NcW7IawaK1pbf32k/JPvw=
223,233,74Kr9uT6dLnBXq74mvEqj3zg720=,VG3Eg0NcW7IawaK1pbf32k/JPvw=
208,239,74Kr9uT6dLnBXq74mvEqj3zg720=,WvriGu4KYxwCsOgx1/jj2uCRHH0=
223,239,74Kr9uT6dLnBXq74mvEqj3zg720=,VG3Eg0NcW7IawaK1pbf32k/JPvw=
223,238,74Kr9uT6dLnBXq74mvEqj3zg720=,VG3Eg0NcW7IawaK1pbf32k/JPvw=
223,237,74Kr9uT6dLnBXq74mvEqj3zg720=,VG3Eg0NcW7IawaK1pbf32k/JPvw=
221,227,74Kr9uT6dLnBXq74mvEqj3zg720=,TnsS8rU6RI437W6M4p94EC2y/mI=
220,227,74Kr9uT6dLnBXq74mvEqj3zg720=,TnsS8rU6RI437W6M4p94EC2y/mI=
223,227,74Kr9uT6dLnBXq74mvEqj3zg720=,TnsS8rU6RI437W6M4p94EC2y/mI=
217,228,74Kr9uT6dLnBXq74mvEqj3zg720=,TnsS8rU6RI437W6M4p94EC2y/mI=
222,227,74Kr9uT6dLnBXq74mvEqj3zg720=,TnsS8rU6RI437W6M4p94EC2y/mI=
218,228,74Kr9uT6dLnBXq74mvEqj3zg720=,TnsS8rU6RI437W6M4p94EC2y/mI=
219,228,74Kr9uT6dLnBXq74mvEqj3zg720=,TnsS8rU6RI437W6M4p94EC2y/mI=
220,228,74Kr9uT6dLnBXq74mvEqj3zg720=,TnsS8rU6RI437W6M4p94EC2y/mI=
221,228,74Kr9uT6dLnBXq74mvEqj3zg720=,TnsS8rU6RI437W6M4p94EC2y/mI=
222,228,74Kr9uT6dLnBXq74mvEqj3zg720=,TnsS8rU6RI437W6M4p94EC2y/mI=
223,228,74Kr9uT6dLnBXq74mvEqj3zg720=,TnsS8rU6RI437W6M4p94EC2y/mI=
219,227,74Kr9uT6dLnBXq74mvEqj3zg720=,TnsS8rU6RI437W6M4p94EC2y/mI=
218,227,74Kr9uT6dLnBXq74mvEqj3zg720=,TnsS8rU6RI437W6M4p94EC2y/mI=
218,229,74Kr9uT6dLnBXq74mvEqj3zg720=,TnsS8rU6RI437W6M4p94EC2y/mI=
217,229,74Kr9uT6dLnBXq74mvEqj3zg720=,TnsS8rU6RI437W6M4p94EC2y/mI=
223,231,74Kr9uT6dLnBXq74mvEqj3zg720=,TnsS8rU6RI437W6M4p94EC2y/mI=
223,226,74Kr9uT6dLnBXq74mvEqj3zg720=,TnsS8rU6RI437W6M4p94EC2y/mI=
222,226,74Kr9uT6dLnBXq74mvEqj3zg720=,TnsS8rU6RI437W6M4p94EC2y/mI=
221,231,74Kr9uT6dLnBXq74mvEqj3zg720=,TnsS8rU6RI437W6M4p94EC2y/mI=
222,231,74Kr9uT6dLnBXq74mvEqj3zg720=,TnsS8rU6RI437W6M4p94EC2y/mI=
221,226,74Kr9uT6dLnBXq74mvEqj3zg720=,TnsS8rU6RI437W6M4p94EC2y/mI=
220,226,74Kr9uT6dLnBXq74mvEqj3zg720=,TnsS8rU6RI437W6M4p94EC2y/mI=
220,231,74Kr9uT6dLnBXq74mvEqj3zg720=,TnsS8rU6RI437W6M4p94EC2y/mI=
219,226,74Kr9uT6dLnBXq74mvEqj3zg720=,TnsS8rU6RI437W6M4p94EC2y/mI=
217,227,74Kr9uT6dLnBXq74mvEqj3zg720=,TnsS8rU6RI437W6M4p94EC2y/mI=
218,226,74Kr9uT6dLnBXq74mvEqj3zg720=,TnsS8rU6RI437W6M4p94EC2y/mI=
217,226,74Kr9uT6dLnBXq74mvEqj3zg720=,TnsS8rU6RI437W6M4p94EC2y/mI=
223,225,74Kr9uT6dLnBXq74mvEqj3zg720=,TnsS8rU6RI437W6M4p94EC2y/mI=
219,231,74Kr9uT6dLnBXq74mvEqj3zg720=,TnsS8rU6RI437W6M4p94EC2y/mI=
222,225,74Kr9uT6dLnBXq74mvEqj3zg720=,TnsS8rU6RI437W6M4p94EC2y/mI=
221,225,74Kr9uT6dLnBXq74mvEqj3zg720=,TnsS8rU6RI437W6M4p94EC2y/mI=
219,225,74Kr9uT6dLnBXq74mvEqj3zg720=,TnsS8rU6RI437W6M4p94EC2y/mI=
220,225,74Kr9uT6dLnBXq74mvEqj3zg720=,TnsS8rU6RI437W6M4p94EC2y/mI=
218,231,74Kr9uT6dLnBXq74mvEqj3zg720=,TnsS8rU6RI437W6M4p94EC2y/mI=
218,225,74Kr9uT6dLnBXq74mvEqj3zg720=,TnsS8rU6RI437W6M4p94EC2y/mI=
223,224,74Kr9uT6dLnBXq74mvEqj3zg720=,TnsS8rU6RI437W6M4p94EC2y/mI=
217,225,74Kr9uT6dLnBXq74mvEqj3zg720=,TnsS8rU6RI437W6M4p94EC2y/mI=
221,224,74Kr9uT6dLnBXq74mvEqj3zg720=,TnsS8rU6RI437W6M4p94EC2y/mI=
222,224,74Kr9uT6dLnBXq74mvEqj3zg720=,TnsS8rU6RI437W6M4p94EC2y/mI=
220,224,74Kr9uT6dLnBXq74mvEqj3zg720=,TnsS8rU6RI437W6M4p94EC2y/mI=
219,224,74Kr9uT6dLnBXq74mvEqj3zg720=,TnsS8rU6RI437W6M4p94EC2y/mI=
218,224,74Kr9uT6dLnBXq74mvEqj3zg720=,TnsS8rU6RI437W6M4p94EC2y/mI=
217,224,74Kr9uT6dLnBXq74mvEqj3zg720=,TnsS8rU6RI437W6M4p94EC2y/mI=
223,230,74Kr9uT6dLnBXq74mvEqj3zg720=,TnsS8rU6RI437W6M4p94EC2y/mI=
222,230,74Kr9uT6dLnBXq74mvEqj3zg720=,TnsS8rU6RI437W6M4p94EC2y/mI=
221,230,74Kr9uT6dLnBXq74mvEqj3zg720=,TnsS8rU6RI437W6M4p94EC2y/mI=
220,230,74Kr9uT6dLnBXq74mvEqj3zg720=,TnsS8rU6RI437W6M4p94EC2y/mI=
217,232,74Kr9uT6dLnBXq74mvEqj3zg720=,VG3Eg0NcW7IawaK1pbf32k/JPvw=
219,229,74Kr9uT6dLnBXq74mvEqj3zg720=,TnsS8rU6RI437W6M4p94EC2y/mI=
218,232,74Kr9uT6dLnBXq74mvEqj3zg720=,VG3Eg0NcW7IawaK1pbf32k/JPvw=
220,229,74Kr9uT6dLnBXq74mvEqj3zg720=,TnsS8rU6RI437W6M4p94EC2y/mI=
219,232,74Kr9uT6dLnBXq74mvEqj3zg720=,VG3Eg0NcW7IawaK1pbf32k/JPvw=
220,232,74Kr9uT6dLnBXq74mvEqj3zg720=,VG3Eg0NcW7IawaK1pbf32k/JPvw=
221,229,74Kr9uT6dLnBXq74mvEqj3zg720=,TnsS8rU6RI437W6M4p94EC2y/mI=
222,229,74Kr9uT6dLnBXq74mvEqj3zg720=,TnsS8rU6RI437W6M4p94EC2y/mI=
223,229,74Kr9uT6dLnBXq74mvEqj3zg720=,TnsS8rU6RI437W6M4p94EC2y/mI=
219,230,74Kr9uT6dLnBXq74mvEqj3zg720=,TnsS8rU6RI437W6M4p94EC2y/mI=
218,230,74Kr9uT6dLnBXq74mvEqj3zg720=,TnsS8rU6RI437W6M4p94EC2y/mI=
222,232,74Kr9uT6dLnBXq74mvEqj3zg720=,VG3Eg0NcW7IawaK1pbf32k/JPvw=
223,232,74Kr9uT6dLnBXq74mvEqj3zg720=,VG3Eg0NcW7IawaK1pbf32k/JPvw=
221,232,74Kr9uT6dLnBXq74mvEqj3zg720=,VG3Eg0NcW7IawaK1pbf32k/JPvw=
217,231,74Kr9uT6dLnBXq74mvEqj3zg720=,TnsS8rU6RI437W6M4p94EC2y/mI=
217,230,74Kr9uT6dLnBXq74mvEqj3zg720=,TnsS8rU6RI437W6M4p94EC2y/mI=
213,228,74Kr9uT6dLnBXq74mvEqj3zg720=,0rJDPFVmS3fIRbYn6y0OyshlIqg=
209,226,74Kr9uT6dLnBXq74mvEqj3zg720=,0rJDPFVmS3fIRbYn6y0OyshlIqg=
213,227,74Kr9uT6dLnBXq74mvEqj3zg720=,0rJDPFVmS3fIRbYn6y0OyshlIqg=
212,232,74Kr9uT6dLnBXq74mvEqj3zg720=,WvriGu4KYxwCsOgx1/jj2uCRHH0=
211,232,74Kr9uT6dLnBXq74mvEqj3zg720=,WvriGu4KYxwCsOgx1/jj2uCRHH0=
213,232,74Kr9uT6dLnBXq74mvEqj3zg720=,WvriGu4KYxwCsOgx1/jj2uCRHH0=
214,227,74Kr9uT6dLnBXq74mvEqj3zg720=,0rJDPFVmS3fIRbYn6y0OyshlIqg=
216,225,74Kr9uT6dLnBXq74mvEqj3zg720=,TnsS8rU6RI437W6M4p94EC2y/mI=
212,227,74Kr9uT6dLnBXq74mvEqj3zg720=,0rJDPFVmS3fIRbYn6y0OyshlIqg=
210,232,74Kr9uT6dLnBXq74mvEqj3zg720=,WvriGu4KYxwCsOgx1/jj2uCRHH0=
209,232,74Kr9uT6dLnBXq74mvEqj3zg720=,WvriGu4KYxwCsOgx1/jj2uCRHH0=
208,232,74Kr9uT6dLnBXq74mvEqj3zg720=,WvriGu4KYxwCsOgx1/jj2uCRHH0=
216,226,74Kr9uT6dLnBXq74mvEqj3zg720=,TnsS8rU6RI437W6M4p94EC2y/mI=
214,232,74Kr9uT6dLnBXq74mvEqj3zg720=,WvriGu4KYxwCsOgx1/jj2uCRHH0=
213,231,74Kr9uT6dLnBXq74mvEqj3zg720=,0rJDPFVmS3fIRbYn6y0OyshlIqg=
216,224,74Kr9uT6dLnBXq74mvEqj3zg720=,TnsS8rU6RI437W6M4p94EC2y/mI=
208,226,74Kr9uT6dLnBXq74mvEqj3zg720=,0rJDPFVmS3fIRbYn6y0OyshlIqg=
212,226,74Kr9uT6dLnBXq74mvEqj3zg720=,0rJDPFVmS3fIRbYn6y0OyshlIqg=
212,231,74Kr9uT6dLnBXq74mvEqj3zg720=,0rJDPFVmS3fIRbYn6y0OyshlIqg=
216,227,74Kr9uT6dLnBXq74mvEqj3zg720=,TnsS8rU6RI437W6M4p94EC2y/mI=
211,231,74Kr9uT6dLnBXq74mvEqj3zg720=,0rJDPFVmS3fIRbYn6y0OyshlIqg=
213,226,74Kr9uT6dLnBXq74mvEqj3zg720=,0rJDPFVmS3fIRbYn6y0OyshlIqg=
212,228,74Kr9uT6dLnBXq74mvEqj3zg720=,0rJDPFVmS3fIRbYn6y0OyshlIqg=
211,227,74Kr9uT6dLnBXq74mvEqj3zg720=,0rJDPFVmS3fIRbYn6y0OyshlIqg=
210,231,74Kr9uT6dLnBXq74mvEqj3zg720=,0rJDPFVmS3fIRbYn6y0OyshlIqg=
215,225,74Kr9uT6dLnBXq74mvEqj3zg720=,0rJDPFVmS3fIRbYn6y0OyshlIqg=
211,228,74Kr9uT6dLnBXq74mvEqj3zg720=,0rJDPFVmS3fIRbYn6y0OyshlIqg=
214,231,74Kr9uT6dLnBXq74mvEqj3zg720=,0rJDPFVmS3fIRbYn6y0OyshlIqg=
209,231,74Kr9uT6dLnBXq74mvEqj3zg720=,0rJDPFVmS3fIRbYn6y0OyshlIqg=
208,231,74Kr9uT6dLnBXq74mvEqj3zg720=,0rJDPFVmS3fIRbYn6y0OyshlIqg=
215,227,74Kr9uT6dLnBXq74mvEqj3zg720=,0rJDPFVmS3fIRbYn6y0OyshlIqg=
214,230,74Kr9uT6dLnBXq74mvEqj3zg720=,0rJDPFVmS3fIRbYn6y0OyshlIqg=
214,226,74Kr9uT6dLnBXq74mvEqj3zg720=,0rJDPFVmS3fIRbYn6y0OyshlIqg=
211,226,74Kr9uT6dLnBXq74mvEqj3zg720=,0rJDPFVmS3fIRbYn6y0OyshlIqg=
210,227,74Kr9uT6dLnBXq74mvEqj3zg720=,0rJDPFVmS3fIRbYn6y0OyshlIqg=
212,230,74Kr9uT6dLnBXq74mvEqj3zg720=,0rJDPFVmS3fIRbYn6y0OyshlIqg=
213,230,74Kr9uT6dLnBXq74mvEqj3zg720=,0rJDPFVmS3fIRbYn6y0OyshlIqg=
211,230,74Kr9uT6dLnBXq74mvEqj3zg720=,0rJDPFVmS3fIRbYn6y0OyshlIqg=
210,230,74Kr9uT6dLnBXq74mvEqj3zg720=,0rJDPFVmS3fIRbYn6y0OyshlIqg=
209,230,74Kr9uT6dLnBXq74mvEqj3zg720=,0rJDPFVmS3fIRbYn6y0OyshlIqg=
215,230,74Kr9uT6dLnBXq74mvEqj3zg720=,0rJDPFVmS3fIRbYn6y0OyshlIqg=
208,230,74Kr9uT6dLnBXq74mvEqj3zg720=,0rJDPFVmS3fIRbYn6y0OyshlIqg=
213,225,74Kr9uT6dLnBXq74mvEqj3zg720=,0rJDPFVmS3fIRbYn6y0OyshlIqg=
211,224,74Kr9uT6dLnBXq74mvEqj3zg720=,0rJDPFVmS3fIRbYn6y0OyshlIqg=
215,232,74Kr9uT6dLnBXq74mvEqj3zg720=,WvriGu4KYxwCsOgx1/jj2uCRHH0=
212,225,74Kr9uT6dLnBXq74mvEqj3zg720=,0rJDPFVmS3fIRbYn6y0OyshlIqg=
209,225,74Kr9uT6dLnBXq74mvEqj3zg720=,0rJDPFVmS3fIRbYn6y0OyshlIqg=
211,225,74Kr9uT6dLnBXq74mvEqj3zg720=,0rJDPFVmS3fIRbYn6y0OyshlIqg=
208,225,74Kr9uT6dLnBXq74mvEqj3zg720=,0rJDPFVmS3fIRbYn6y0OyshlIqg=
215,231,74Kr9uT6dLnBXq74mvEqj3zg720=,0rJDPFVmS3fIRbYn6y0OyshlIqg=
216,229,74Kr9uT6dLnBXq74mvEqj3zg720=,TnsS8rU6RI437W6M4p94EC2y/mI=
210,228,74Kr9uT6dLnBXq74mvEqj3zg720=,0rJDPFVmS3fIRbYn6y0OyshlIqg=
215,224,74Kr9uT6dLnBXq74mvEqj3zg720=,0rJDPFVmS3fIRbYn6y0OyshlIqg=
216,231,74Kr9uT6dLnBXq74mvEqj3zg720=,TnsS8rU6RI437W6M4p94EC2y/mI=
210,224,74Kr9uT6dLnBXq74mvEqj3zg720=,0rJDPFVmS3fIRbYn6y0OyshlIqg=
209,227,74Kr9uT6dLnBXq74mvEqj3zg720=,0rJDPFVmS3fIRbYn6y0OyshlIqg=
209,224,74Kr9uT6dLnBXq74mvEqj3zg720=,0rJDPFVmS3fIRbYn6y0OyshlIqg=
209,228,74Kr9uT6dLnBXq74mvEqj3zg720=,0rJDPFVmS3fIRbYn6y0OyshlIqg=
212,224,74Kr9uT6dLnBXq74mvEqj3zg720=,0rJDPFVmS3fIRbYn6y0OyshlIqg=
212,229,74Kr9uT6dLnBXq74mvEqj3zg720=,0rJDPFVmS3fIRbYn6y0OyshlIqg=
214,225,74Kr9uT6dLnBXq74mvEqj3zg720=,0rJDPFVmS3fIRbYn6y0OyshlIqg=
211,229,74Kr9uT6dLnBXq74mvEqj3zg720=,0rJDPFVmS3fIRbYn6y0OyshlIqg=
210,229,74Kr9uT6dLnBXq74mvEqj3zg720=,0rJDPFVmS3fIRbYn6y0OyshlIqg=
209,229,74Kr9uT6dLnBXq74mvEqj3zg720=,0rJDPFVmS3fIRbYn6y0OyshlIqg=
210,225,74Kr9uT6dLnBXq74mvEqj3zg720=,0rJDPFVmS3fIRbYn6y0OyshlIqg=
208,228,74Kr9uT6dLnBXq74mvEqj3zg720=,0rJDPFVmS3fIRbYn6y0OyshlIqg=
210,226,74Kr9uT6dLnBXq74mvEqj3zg720=,0rJDPFVmS3fIRbYn6y0OyshlIqg=
208,227,74Kr9uT6dLnBXq74mvEqj3zg720=,0rJDPFVmS3fIRbYn6y0OyshlIqg=
208,229,74Kr9uT6dLnBXq74mvEqj3zg720=,0rJDPFVmS3fIRbYn6y0OyshlIqg=
215,229,74Kr9uT6dLnBXq74mvEqj3zg720=,0rJDPFVmS3fIRbYn6y0OyshlIqg=
208,224,74Kr9uT6dLnBXq74mvEqj3zg720=,0rJDPFVmS3fIRbYn6y0OyshlIqg=
216,230,74Kr9uT6dLnBXq74mvEqj3zg720=,TnsS8rU6RI437W6M4p94EC2y/mI=
214,228,74Kr9uT6dLnBXq74mvEqj3zg720=,0rJDPFVmS3fIRbYn6y0OyshlIqg=
213,229,74Kr9uT6dLnBXq74mvEqj3zg720=,0rJDPFVmS3fIRbYn6y0OyshlIqg=
214,229,74Kr9uT6dLnBXq74mvEqj3zg720=,0rJDPFVmS3fIRbYn6y0OyshlIqg=
216,232,74Kr9uT6dLnBXq74mvEqj3zg720=,VG3Eg0NcW7IawaK1pbf32k/JPvw=
216,228,74Kr9uT6dLnBXq74mvEqj3zg720=,TnsS8rU6RI437W6M4p94EC2y/mI=
215,228,74Kr9uT6dLnBXq74mvEqj3zg720=,0rJDPFVmS3fIRbYn6y0OyshlIqg=
215,226,74Kr9uT6dLnBXq74mvEqj3zg720=,0rJDPFVmS3fIRbYn6y0OyshlIqg=
214,224,74Kr9uT6dLnBXq74mvEqj3zg720=,0rJDPFVmS3fIRbYn6y0OyshlIqg=
213,224,74Kr9uT6dLnBXq74mvEqj3zg720=,0rJDPFVmS3fIRbYn6y0OyshlIqg=
218,247,tDaFInbiur08Ay1mpmRmcTDz2JY=,5l3lGSwyCv1IBOWGE/8FeYmGYe4=
222,246,tDaFInbiur08Ay1mpmRmcTDz2JY=,5l3lGSwyCv1IBOWGE/8FeYmGYe4=
219,247,tDaFInbiur08Ay1mpmRmcTDz2JY=,5l3lGSwyCv1IBOWGE/8FeYmGYe4=
220,243,tDaFInbiur08Ay1mpmRmcTDz2JY=,5l3lGSwyCv1IBOWGE/8FeYmGYe4=
220,247,tDaFInbiur08Ay1mpmRmcTDz2JY=,5l3lGSwyCv1IBOWGE/8FeYmGYe4=
217,247,tDaFInbiur08Ay1mpmRmcTDz2JY=,5l3lGSwyCv1IBOWGE/8FeYmGYe4=
221,247,tDaFInbiur08Ay1mpmRmcTDz2JY=,5l3lGSwyCv1IBOWGE/8FeYmGYe4=
223,244,tDaFInbiur08Ay1mpmRmcTDz2JY=,5l3lGSwyCv1IBOWGE/8FeYmGYe4=
220,241,tDaFInbiur08Ay1mpmRmcTDz2JY=,5l3lGSwyCv1IBOWGE/8FeYmGYe4=
219,241,tDaFInbiur08Ay1mpmRmcTDz2JY=,5l3lGSwyCv1IBOWGE/8FeYmGYe4=
218,244,tDaFInbiur08Ay1mpmRmcTDz2JY=,5l3lGSwyCv1IBOWGE/8FeYmGYe4=
217,244,tDaFInbiur08Ay1mpmRmcTDz2JY=,5l3lGSwyCv1IBOWGE/8FeYmGYe4=
223,246,tDaFInbiur08Ay1mpmRmcTDz2JY=,5l3lGSwyCv1IBOWGE/8FeYmGYe4=
219,242,tDaFInbiur08Ay1mpmRmcTDz2JY=,5l3lGSwyCv1IBOWGE/8FeYmGYe4=
216,246,tDaFInbiur08Ay1mpmRmcTDz2JY=,5l3lGSwyCv1IBOWGE/8FeYmGYe4=
223,245,tDaFInbiur08Ay1mpmRmcTDz2JY=,5l3lGSwyCv1IBOWGE/8FeYmGYe4=
216,247,tDaFInbiur08Ay1mpmRmcTDz2JY=,5l3lGSwyCv1IBOWGE/8FeYmGYe4=
221,246,tDaFInbiur08Ay1mpmRmcTDz2JY=,5l3lGSwyCv1IBOWGE/8FeYmGYe4=
217,240,tDaFInbiur08Ay1mpmRmcTDz2JY=,5l3lGSwyCv1IBOWGE/8FeYmGYe4=
218,241,tDaFInbiur08Ay1mpmRmcTDz2JY=,5l3lGSwyCv1IBOWGE/8FeYmGYe4=
222,247,tDaFInbiur08Ay1mpmRmcTDz2JY=,5l3lGSwyCv1IBOWGE/8FeYmGYe4=
223,247,tDaFInbiur08Ay1mpmRmcTDz2JY=,5l3lGSwyCv1IBOWGE/8FeYmGYe4=
216,245,tDaFInbiur08Ay1mpmRmcTDz2JY=,5l3lGSwyCv1IBOWGE/8FeYmGYe4=
221,243,tDaFInbiur08Ay1mpmRmcTDz2JY=,5l3lGSwyCv1IBOWGE/8FeYmGYe4=
222,245,tDaFInbiur08Ay1mpmRmcTDz2JY=,5l3lGSwyCv1IBOWGE/8FeYmGYe4=
219,246,tDaFInbiur08Ay1mpmRmcTDz2JY=,5l3lGSwyCv1IBOWGE/8FeYmGYe4=
220,246,tDaFInbiur08Ay1mpmRmcTDz2JY=,5l3lGSwyCv1IBOWGE/8FeYmGYe4=
217,245,tDaFInbiur08Ay1mpmRmcTDz2JY=,5l3lGSwyCv1IBOWGE/8FeYmGYe4=
217,246,tDaFInbiur08Ay1mpmRmcTDz2JY=,5l3lGSwyCv1IBOWGE/8FeYmGYe4=
216,244,tDaFInbiur08Ay1mpmRmcTDz2JY=,5l3lGSwyCv1IBOWGE/8FeYmGYe4=
221,241,tDaFInbiur08Ay1mpmRmcTDz2JY=,5l3lGSwyCv1IBOWGE/8FeYmGYe4=
217,242,tDaFInbiur08Ay1mpmRmcTDz2JY=,5l3lGSwyCv1IBOWGE/8FeYmGYe4=
218,242,tDaFInbiur08Ay1mpmRmcTDz2JY=,5l3lGSwyCv1IBOWGE/8FeYmGYe4=
219,244,tDaFInbiur08Ay1mpmRmcTDz2JY=,5l3lGSwyCv1IBOWGE/8FeYmGYe4=
222,244,tDaFInbiur08Ay1mpmRmcTDz2JY=,5l3lGSwyCv1IBOWGE/8FeYmGYe4=
217,241,tDaFInbiur08Ay1mpmRmcTDz2JY=,5l3lGSwyCv1IBOWGE/8FeYmGYe4=
222,243,tDaFInbiur08Ay1mpmRmcTDz2JY=,5l3lGSwyCv1IBOWGE/8FeYmGYe4=
219,243,tDaFInbiur08Ay1mpmRmcTDz2JY=,5l3lGSwyCv1IBOWGE/8FeYmGYe4=
218,243,tDaFInbiur08Ay1mpmRmcTDz2JY=,5l3lGSwyCv1IBOWGE/8FeYmGYe4=
221,245,tDaFInbiur08Ay1mpmRmcTDz2JY=,5l3lGSwyCv1IBOWGE/8FeYmGYe4=
216,242,tDaFInbiur08Ay1mpmRmcTDz2JY=,5l3lGSwyCv1IBOWGE/8FeYmGYe4=
218,245,tDaFInbiur08Ay1mpmRmcTDz2JY=,5l3lGSwyCv1IBOWGE/8FeYmGYe4=
222,241,tDaFInbiur08Ay1mpmRmcTDz2JY=,5l3lGSwyCv1IBOWGE/8FeYmGYe4=
223,242,tDaFInbiur08Ay1mpmRmcTDz2JY=,5l3lGSwyCv1IBOWGE/8FeYmGYe4=
216,243,tDaFInbiur08Ay1mpmRmcTDz2JY=,5l3lGSwyCv1IBOWGE/8FeYmGYe4=
223,243,tDaFInbiur08Ay1mpmRmcTDz2JY=,5l3lGSwyCv1IBOWGE/8FeYmGYe4=
222,242,tDaFInbiur08Ay1mpmRmcTDz2JY=,5l3lGSwyCv1IBOWGE/8FeYmGYe4=
221,242,tDaFInbiur08Ay1mpmRmcTDz2JY=,5l3lGSwyCv1IBOWGE/8FeYmGYe4=
217,243,tDaFInbiur08Ay1mpmRmcTDz2JY=,5l3lGSwyCv1IBOWGE/8FeYmGYe4=
218,246,tDaFInbiur08Ay1mpmRmcTDz2JY=,5l3lGSwyCv1IBOWGE/8FeYmGYe4=
222,240,tDaFInbiur08Ay1mpmRmcTDz2JY=,5l3lGSwyCv1IBOWGE/8FeYmGYe4=
221,240,tDaFInbiur08Ay1mpmRmcTDz2JY=,5l3lGSwyCv1IBOWGE/8FeYmGYe4=
220,242,tDaFInbiur08Ay1mpmRmcTDz2JY=,5l3lGSwyCv1IBOWGE/8FeYmGYe4=
216,241,tDaFInbiur08Ay1mpmRmcTDz2JY=,5l3lGSwyCv1IBOWGE/8FeYmGYe4=
216,240,tDaFInbiur08Ay1mpmRmcTDz2JY=,5l3lGSwyCv1IBOWGE/8FeYmGYe4=
218,240,tDaFInbiur08Ay1mpmRmcTDz2JY=,5l3lGSwyCv1IBOWGE/8FeYmGYe4=
220,240,tDaFInbiur08Ay1mpmRmcTDz2JY=,5l3lGSwyCv1IBOWGE/8FeYmGYe4=
221,244,tDaFInbiur08Ay1mpmRmcTDz2JY=,5l3lGSwyCv1IBOWGE/8FeYmGYe4=
219,240,tDaFInbiur08Ay1mpmRmcTDz2JY=,5l3lGSwyCv1IBOWGE/8FeYmGYe4=
220,245,tDaFInbiur08Ay1mpmRmcTDz2JY=,5l3lGSwyCv1IBOWGE/8FeYmGYe4=
219,245,tDaFInbiur08Ay1mpmRmcTDz2JY=,5l3lGSwyCv1IBOWGE/8FeYmGYe4=
220,244,tDaFInbiur08Ay1mpmRmcTDz2JY=,5l3lGSwyCv1IBOWGE/8FeYmGYe4=
223,240,tDaFInbiur08Ay1mpmRmcTDz2JY=,5l3lGSwyCv1IBOWGE/8FeYmGYe4=
223,241,tDaFInbiur08Ay1mpmRmcTDz2JY=,5l3lGSwyCv1IBOWGE/8FeYmGYe4=
